# tracer: function
#
# entries-in-buffer/entries-written: 1209/1209   #P:4
#
#                                _-----=> irqs-off/BH-disabled
#                               / _----=> need-resched
#                              | / _---=> hardirq/softirq
#                              || / _--=> preempt-depth
#                              ||| / _-=> migrate-disable
#                              |||| /     delay
#           TASK-PID     CPU#  |||||  TIMESTAMP  FUNCTION
#              | |         |   |||||     |         |
 mppjpegenc0:src-23621   [003] ..... 21473.304894: system_heap_dma_buf_release <-dma_buf_release
      queue0:src-23614   [003] ..... 21473.323812: system_heap_do_allocate.constprop.0 <-system_uncached_heap_allocate
 mppjpegenc0:src-23621   [000] ..... 21473.338382: system_heap_dma_buf_release <-dma_buf_release
      queue0:src-23614   [003] ..... 21473.357063: system_heap_do_allocate.constprop.0 <-system_uncached_heap_allocate
 mppjpegenc0:src-23621   [000] ..... 21473.370935: system_heap_dma_buf_release <-dma_buf_release
      queue0:src-23614   [003] ..... 21473.390340: system_heap_do_allocate.constprop.0 <-system_uncached_heap_allocate
 mppjpegenc0:src-23621   [000] ..... 21473.404198: system_heap_dma_buf_release <-dma_buf_release
      queue0:src-23614   [003] ..... 21473.423607: system_heap_do_allocate.constprop.0 <-system_uncached_heap_allocate
 mppjpegenc0:src-23621   [000] ..... 21473.437568: system_heap_dma_buf_release <-dma_buf_release
      queue0:src-23614   [003] ..... 21473.456898: system_heap_do_allocate.constprop.0 <-system_uncached_heap_allocate
 mppjpegenc0:src-23621   [000] ..... 21473.470738: system_heap_dma_buf_release <-dma_buf_release
      queue0:src-23614   [003] ..... 21473.490173: system_heap_do_allocate.constprop.0 <-system_uncached_heap_allocate
 mppjpegenc0:src-23621   [000] ..... 21473.504087: system_heap_dma_buf_release <-dma_buf_release
      queue0:src-23614   [003] ..... 21473.523419: system_heap_do_allocate.constprop.0 <-system_uncached_heap_allocate
 mppjpegenc0:src-23621   [000] ..... 21473.537387: system_heap_dma_buf_release <-dma_buf_release
      queue0:src-23614   [003] ..... 21473.556730: system_heap_do_allocate.constprop.0 <-system_uncached_heap_allocate
 mppjpegenc0:src-23621   [000] ..... 21473.570615: system_heap_dma_buf_release <-dma_buf_release
      queue0:src-23614   [003] ..... 21473.589952: system_heap_do_allocate.constprop.0 <-system_uncached_heap_allocate
 mppjpegenc0:src-23621   [000] ..... 21473.604737: system_heap_dma_buf_release <-dma_buf_release
      queue0:src-23614   [003] ..... 21473.623317: system_heap_do_allocate.constprop.0 <-system_uncached_heap_allocate
 mppjpegenc0:src-23621   [000] ..... 21473.637349: system_heap_dma_buf_release <-dma_buf_release
      queue0:src-23614   [003] ..... 21473.656597: system_heap_do_allocate.constprop.0 <-system_uncached_heap_allocate
 mppjpegenc0:src-23621   [000] ..... 21473.670489: system_heap_dma_buf_release <-dma_buf_release
      queue0:src-23614   [003] ..... 21473.689878: system_heap_do_allocate.constprop.0 <-system_uncached_heap_allocate
 mppjpegenc0:src-23621   [002] ..... 21473.703965: system_heap_dma_buf_release <-dma_buf_release
      queue0:src-23614   [003] ..... 21473.723151: system_heap_do_allocate.constprop.0 <-system_uncached_heap_allocate
 mppjpegenc0:src-23621   [002] ..... 21473.737245: system_heap_dma_buf_release <-dma_buf_release
      queue0:src-23614   [003] ..... 21473.756484: system_heap_do_allocate.constprop.0 <-system_uncached_heap_allocate
 mppjpegenc0:src-23621   [000] ..... 21473.770615: system_heap_dma_buf_release <-dma_buf_release
      queue0:src-23614   [003] ..... 21473.789765: system_heap_do_allocate.constprop.0 <-system_uncached_heap_allocate
 mppjpegenc0:src-23621   [000] ..... 21473.803988: system_heap_dma_buf_release <-dma_buf_release
      queue0:src-23614   [003] ..... 21473.823040: system_heap_do_allocate.constprop.0 <-system_uncached_heap_allocate
 mppjpegenc0:src-23621   [000] ..... 21473.837011: system_heap_dma_buf_release <-dma_buf_release
      queue0:src-23614   [003] ..... 21473.856290: system_heap_do_allocate.constprop.0 <-system_uncached_heap_allocate
 mppjpegenc0:src-23621   [000] ..... 21473.870284: system_heap_dma_buf_release <-dma_buf_release
      queue0:src-23614   [003] ..... 21473.889607: system_heap_do_allocate.constprop.0 <-system_uncached_heap_allocate
 mppjpegenc0:src-23621   [000] ..... 21473.903682: system_heap_dma_buf_release <-dma_buf_release
      queue0:src-23614   [003] ..... 21473.922889: system_heap_do_allocate.constprop.0 <-system_uncached_heap_allocate
 mppjpegenc0:src-23621   [000] ..... 21473.936941: system_heap_dma_buf_release <-dma_buf_release
      queue0:src-23614   [003] ..... 21473.956188: system_heap_do_allocate.constprop.0 <-system_uncached_heap_allocate
 mppjpegenc0:src-23621   [000] ..... 21473.970229: system_heap_dma_buf_release <-dma_buf_release
      queue0:src-23614   [003] ..... 21473.989448: system_heap_do_allocate.constprop.0 <-system_uncached_heap_allocate
 mppjpegenc0:src-23621   [000] ..... 21474.003639: system_heap_dma_buf_release <-dma_buf_release
      queue0:src-23614   [003] ..... 21474.022729: system_heap_do_allocate.constprop.0 <-system_uncached_heap_allocate
 mppjpegenc0:src-23621   [002] ..... 21474.037551: system_heap_dma_buf_release <-dma_buf_release
      queue0:src-23614   [003] ..... 21474.055999: system_heap_do_allocate.constprop.0 <-system_uncached_heap_allocate
 mppjpegenc0:src-23621   [000] ..... 21474.070290: system_heap_dma_buf_release <-dma_buf_release
      queue0:src-23614   [003] ..... 21474.089283: system_heap_do_allocate.constprop.0 <-system_uncached_heap_allocate
 mppjpegenc0:src-23621   [000] ..... 21474.103396: system_heap_dma_buf_release <-dma_buf_release
      queue0:src-23614   [003] ..... 21474.122564: system_heap_do_allocate.constprop.0 <-system_uncached_heap_allocate
 mppjpegenc0:src-23621   [000] ..... 21474.136780: system_heap_dma_buf_release <-dma_buf_release
      queue0:src-23614   [003] ..... 21474.155813: system_heap_do_allocate.constprop.0 <-system_uncached_heap_allocate
 mppjpegenc0:src-23621   [000] ..... 21474.169933: system_heap_dma_buf_release <-dma_buf_release
      queue0:src-23614   [003] ..... 21474.189126: system_heap_do_allocate.constprop.0 <-system_uncached_heap_allocate
 mppjpegenc0:src-23621   [002] ..... 21474.203160: system_heap_dma_buf_release <-dma_buf_release
      queue0:src-23614   [003] ..... 21474.222398: system_heap_do_allocate.constprop.0 <-system_uncached_heap_allocate
 mppjpegenc0:src-23621   [002] ..... 21474.236420: system_heap_dma_buf_release <-dma_buf_release
      queue0:src-23614   [003] ..... 21474.255766: system_heap_do_allocate.constprop.0 <-system_uncached_heap_allocate
 mppjpegenc0:src-23621   [002] ..... 21474.270600: system_heap_dma_buf_release <-dma_buf_release
      queue0:src-23614   [001] ..... 21474.288971: system_heap_do_allocate.constprop.0 <-system_uncached_heap_allocate
 mppjpegenc0:src-23621   [002] ..... 21474.302898: system_heap_dma_buf_release <-dma_buf_release
      queue0:src-23614   [001] ..... 21474.322218: system_heap_do_allocate.constprop.0 <-system_uncached_heap_allocate
 mppjpegenc0:src-23621   [002] ..... 21474.336157: system_heap_dma_buf_release <-dma_buf_release
      queue0:src-23614   [001] ..... 21474.355526: system_heap_do_allocate.constprop.0 <-system_uncached_heap_allocate
 mppjpegenc0:src-23621   [002] ..... 21474.369564: system_heap_dma_buf_release <-dma_buf_release
      queue0:src-23614   [001] ..... 21474.388808: system_heap_do_allocate.constprop.0 <-system_uncached_heap_allocate
 mppjpegenc0:src-23621   [000] ..... 21474.402780: system_heap_dma_buf_release <-dma_buf_release
      queue0:src-23614   [001] ..... 21474.422088: system_heap_do_allocate.constprop.0 <-system_uncached_heap_allocate
 mppjpegenc0:src-23621   [000] ..... 21474.437117: system_heap_dma_buf_release <-dma_buf_release
      queue0:src-23614   [001] ..... 21474.455317: system_heap_do_allocate.constprop.0 <-system_uncached_heap_allocate
 mppjpegenc0:src-23621   [000] ..... 21474.469388: system_heap_dma_buf_release <-dma_buf_release
      queue0:src-23614   [001] ..... 21474.488645: system_heap_do_allocate.constprop.0 <-system_uncached_heap_allocate
 mppjpegenc0:src-23621   [000] ..... 21474.502783: system_heap_dma_buf_release <-dma_buf_release
      queue0:src-23614   [001] ..... 21474.521920: system_heap_do_allocate.constprop.0 <-system_uncached_heap_allocate
 mppjpegenc0:src-23621   [000] ..... 21474.536044: system_heap_dma_buf_release <-dma_buf_release
      queue0:src-23614   [001] ..... 21474.555173: system_heap_do_allocate.constprop.0 <-system_uncached_heap_allocate
 mppjpegenc0:src-23621   [000] ..... 21474.569293: system_heap_dma_buf_release <-dma_buf_release
      queue0:src-23614   [001] ..... 21474.588486: system_heap_do_allocate.constprop.0 <-system_uncached_heap_allocate
 mppjpegenc0:src-23621   [000] ..... 21474.602561: system_heap_dma_buf_release <-dma_buf_release
      queue0:src-23614   [001] ..... 21474.621767: system_heap_do_allocate.constprop.0 <-system_uncached_heap_allocate
 mppjpegenc0:src-23621   [000] ..... 21474.635876: system_heap_dma_buf_release <-dma_buf_release
      queue0:src-23614   [001] ..... 21474.654999: system_heap_do_allocate.constprop.0 <-system_uncached_heap_allocate
 mppjpegenc0:src-23621   [000] ..... 21474.669090: system_heap_dma_buf_release <-dma_buf_release
      queue0:src-23614   [001] ..... 21474.688289: system_heap_do_allocate.constprop.0 <-system_uncached_heap_allocate
 mppjpegenc0:src-23621   [002] ..... 21474.702336: system_heap_dma_buf_release <-dma_buf_release
      queue0:src-23614   [001] ..... 21474.721605: system_heap_do_allocate.constprop.0 <-system_uncached_heap_allocate
 mppjpegenc0:src-23621   [000] ..... 21474.735574: system_heap_dma_buf_release <-dma_buf_release
      queue0:src-23614   [001] ..... 21474.754848: system_heap_do_allocate.constprop.0 <-system_uncached_heap_allocate
 mppjpegenc0:src-23621   [000] ..... 21474.768927: system_heap_dma_buf_release <-dma_buf_release
      queue0:src-23614   [001] ..... 21474.788174: system_heap_do_allocate.constprop.0 <-system_uncached_heap_allocate
 mppjpegenc0:src-23621   [000] ..... 21474.802292: system_heap_dma_buf_release <-dma_buf_release
      queue0:src-23614   [001] ..... 21474.821441: system_heap_do_allocate.constprop.0 <-system_uncached_heap_allocate
 mppjpegenc0:src-23621   [000] ..... 21474.835513: system_heap_dma_buf_release <-dma_buf_release
      queue0:src-23614   [001] ..... 21474.854698: system_heap_do_allocate.constprop.0 <-system_uncached_heap_allocate
 mppjpegenc0:src-23621   [000] ..... 21474.868703: system_heap_dma_buf_release <-dma_buf_release
      queue0:src-23614   [001] ..... 21474.888012: system_heap_do_allocate.constprop.0 <-system_uncached_heap_allocate
 mppjpegenc0:src-23621   [000] ..... 21474.902053: system_heap_dma_buf_release <-dma_buf_release
      queue0:src-23614   [001] ..... 21474.921281: system_heap_do_allocate.constprop.0 <-system_uncached_heap_allocate
 mppjpegenc0:src-23621   [002] ..... 21474.935244: system_heap_dma_buf_release <-dma_buf_release
      queue0:src-23614   [001] ..... 21474.954527: system_heap_do_allocate.constprop.0 <-system_uncached_heap_allocate
 mppjpegenc0:src-23621   [000] ..... 21474.969756: system_heap_dma_buf_release <-dma_buf_release
      queue0:src-23614   [001] ..... 21474.987855: system_heap_do_allocate.constprop.0 <-system_uncached_heap_allocate
 mppjpegenc0:src-23621   [002] ..... 21475.001885: system_heap_dma_buf_release <-dma_buf_release
      queue0:src-23614   [001] ..... 21475.021125: system_heap_do_allocate.constprop.0 <-system_uncached_heap_allocate
 mppjpegenc0:src-23621   [000] ..... 21475.035225: system_heap_dma_buf_release <-dma_buf_release
      queue0:src-23614   [001] ..... 21475.054357: system_heap_do_allocate.constprop.0 <-system_uncached_heap_allocate
 mppjpegenc0:src-23621   [000] ..... 21475.068333: system_heap_dma_buf_release <-dma_buf_release
      queue0:src-23614   [001] ..... 21475.087709: system_heap_do_allocate.constprop.0 <-system_uncached_heap_allocate
 mppjpegenc0:src-23621   [000] ..... 21475.101813: system_heap_dma_buf_release <-dma_buf_release
      queue0:src-23614   [001] ..... 21475.120966: system_heap_do_allocate.constprop.0 <-system_uncached_heap_allocate
 mppjpegenc0:src-23621   [000] ..... 21475.137548: system_heap_dma_buf_release <-dma_buf_release
      queue0:src-23614   [001] ..... 21475.154220: system_heap_do_allocate.constprop.0 <-system_uncached_heap_allocate
 mppjpegenc0:src-23621   [002] ..... 21475.168480: system_heap_dma_buf_release <-dma_buf_release
      queue0:src-23614   [001] ..... 21475.187505: system_heap_do_allocate.constprop.0 <-system_uncached_heap_allocate
 mppjpegenc0:src-23621   [002] ..... 21475.201485: system_heap_dma_buf_release <-dma_buf_release
      queue0:src-23614   [001] ..... 21475.220804: system_heap_do_allocate.constprop.0 <-system_uncached_heap_allocate
 mppjpegenc0:src-23621   [002] ..... 21475.234494: system_heap_dma_buf_release <-dma_buf_release
      queue0:src-23614   [001] ..... 21475.254083: system_heap_do_allocate.constprop.0 <-system_uncached_heap_allocate
 mppjpegenc0:src-23621   [002] ..... 21475.267839: system_heap_dma_buf_release <-dma_buf_release
      queue0:src-23614   [001] ..... 21475.287351: system_heap_do_allocate.constprop.0 <-system_uncached_heap_allocate
 mppjpegenc0:src-23621   [000] ..... 21475.301375: system_heap_dma_buf_release <-dma_buf_release
      queue0:src-23614   [001] ..... 21475.320618: system_heap_do_allocate.constprop.0 <-system_uncached_heap_allocate
 mppjpegenc0:src-23621   [000] ..... 21475.334868: system_heap_dma_buf_release <-dma_buf_release
      queue0:src-23614   [001] ..... 21475.353919: system_heap_do_allocate.constprop.0 <-system_uncached_heap_allocate
 mppjpegenc0:src-23621   [000] ..... 21475.368282: system_heap_dma_buf_release <-dma_buf_release
      queue0:src-23614   [001] ..... 21475.387156: system_heap_do_allocate.constprop.0 <-system_uncached_heap_allocate
 mppjpegenc0:src-23621   [000] ..... 21475.401514: system_heap_dma_buf_release <-dma_buf_release
      queue0:src-23614   [001] ..... 21475.420486: system_heap_do_allocate.constprop.0 <-system_uncached_heap_allocate
 mppjpegenc0:src-23621   [000] ..... 21475.434817: system_heap_dma_buf_release <-dma_buf_release
      queue0:src-23614   [001] ..... 21475.453760: system_heap_do_allocate.constprop.0 <-system_uncached_heap_allocate
 mppjpegenc0:src-23621   [000] ..... 21475.468693: system_heap_dma_buf_release <-dma_buf_release
      queue0:src-23614   [001] ..... 21475.486994: system_heap_do_allocate.constprop.0 <-system_uncached_heap_allocate
 mppjpegenc0:src-23621   [000] ..... 21475.501419: system_heap_dma_buf_release <-dma_buf_release
      queue0:src-23614   [001] ..... 21475.520285: system_heap_do_allocate.constprop.0 <-system_uncached_heap_allocate
 mppjpegenc0:src-23621   [000] ..... 21475.534626: system_heap_dma_buf_release <-dma_buf_release
      queue0:src-23614   [001] ..... 21475.553603: system_heap_do_allocate.constprop.0 <-system_uncached_heap_allocate
 mppjpegenc0:src-23621   [000] ..... 21475.567934: system_heap_dma_buf_release <-dma_buf_release
      queue0:src-23614   [001] ..... 21475.586839: system_heap_do_allocate.constprop.0 <-system_uncached_heap_allocate
 mppjpegenc0:src-23621   [000] ..... 21475.601231: system_heap_dma_buf_release <-dma_buf_release
      queue0:src-23614   [001] ..... 21475.620175: system_heap_do_allocate.constprop.0 <-system_uncached_heap_allocate
 mppjpegenc0:src-23621   [000] ..... 21475.634759: system_heap_dma_buf_release <-dma_buf_release
      queue0:src-23614   [001] ..... 21475.653443: system_heap_do_allocate.constprop.0 <-system_uncached_heap_allocate
 mppjpegenc0:src-23621   [000] ..... 21475.668139: system_heap_dma_buf_release <-dma_buf_release
      queue0:src-23614   [001] ..... 21475.686691: system_heap_do_allocate.constprop.0 <-system_uncached_heap_allocate
 mppjpegenc0:src-23621   [000] ..... 21475.701015: system_heap_dma_buf_release <-dma_buf_release
      queue0:src-23614   [001] ..... 21475.720007: system_heap_do_allocate.constprop.0 <-system_uncached_heap_allocate
 mppjpegenc0:src-23621   [000] ..... 21475.734338: system_heap_dma_buf_release <-dma_buf_release
      queue0:src-23614   [001] ..... 21475.753280: system_heap_do_allocate.constprop.0 <-system_uncached_heap_allocate
 mppjpegenc0:src-23621   [000] ..... 21475.767285: system_heap_dma_buf_release <-dma_buf_release
      queue0:src-23614   [001] ..... 21475.786531: system_heap_do_allocate.constprop.0 <-system_uncached_heap_allocate
 mppjpegenc0:src-23621   [000] ..... 21475.800551: system_heap_dma_buf_release <-dma_buf_release
      queue0:src-23614   [001] ..... 21475.819833: system_heap_do_allocate.constprop.0 <-system_uncached_heap_allocate
 mppjpegenc0:src-23621   [000] ..... 21475.833886: system_heap_dma_buf_release <-dma_buf_release
      queue0:src-23614   [001] ..... 21475.853124: system_heap_do_allocate.constprop.0 <-system_uncached_heap_allocate
 mppjpegenc0:src-23621   [000] ..... 21475.867195: system_heap_dma_buf_release <-dma_buf_release
      queue0:src-23614   [001] ..... 21475.886400: system_heap_do_allocate.constprop.0 <-system_uncached_heap_allocate
 mppjpegenc0:src-23621   [000] ..... 21475.900454: system_heap_dma_buf_release <-dma_buf_release
      queue0:src-23614   [001] ..... 21475.919707: system_heap_do_allocate.constprop.0 <-system_uncached_heap_allocate
 mppjpegenc0:src-23621   [000] ..... 21475.933787: system_heap_dma_buf_release <-dma_buf_release
      queue0:src-23614   [001] ..... 21475.952963: system_heap_do_allocate.constprop.0 <-system_uncached_heap_allocate
 mppjpegenc0:src-23621   [000] ..... 21475.966931: system_heap_dma_buf_release <-dma_buf_release
      queue0:src-23614   [001] ..... 21475.986237: system_heap_do_allocate.constprop.0 <-system_uncached_heap_allocate
 mppjpegenc0:src-23621   [000] ..... 21476.001277: system_heap_dma_buf_release <-dma_buf_release
      queue0:src-23614   [001] ..... 21476.019516: system_heap_do_allocate.constprop.0 <-system_uncached_heap_allocate
 mppjpegenc0:src-23621   [000] ..... 21476.033623: system_heap_dma_buf_release <-dma_buf_release
      queue0:src-23614   [001] ..... 21476.052808: system_heap_do_allocate.constprop.0 <-system_uncached_heap_allocate
 mppjpegenc0:src-23621   [000] ..... 21476.066917: system_heap_dma_buf_release <-dma_buf_release
      queue0:src-23614   [001] ..... 21476.086079: system_heap_do_allocate.constprop.0 <-system_uncached_heap_allocate
 mppjpegenc0:src-23621   [000] ..... 21476.100094: system_heap_dma_buf_release <-dma_buf_release
      queue0:src-23614   [001] ..... 21476.119292: system_heap_do_allocate.constprop.0 <-system_uncached_heap_allocate
 mppjpegenc0:src-23621   [000] ..... 21476.133432: system_heap_dma_buf_release <-dma_buf_release
      queue0:src-23614   [001] ..... 21476.152637: system_heap_do_allocate.constprop.0 <-system_uncached_heap_allocate
 mppjpegenc0:src-23621   [000] ..... 21476.166793: system_heap_dma_buf_release <-dma_buf_release
      queue0:src-23614   [001] ..... 21476.185923: system_heap_do_allocate.constprop.0 <-system_uncached_heap_allocate
 mppjpegenc0:src-23621   [000] ..... 21476.200019: system_heap_dma_buf_release <-dma_buf_release
      queue0:src-23614   [001] ..... 21476.219158: system_heap_do_allocate.constprop.0 <-system_uncached_heap_allocate
 mppjpegenc0:src-23621   [000] ..... 21476.233208: system_heap_dma_buf_release <-dma_buf_release
      queue0:src-23614   [001] ..... 21476.252484: system_heap_do_allocate.constprop.0 <-system_uncached_heap_allocate
 mppjpegenc0:src-23621   [000] ..... 21476.266603: system_heap_dma_buf_release <-dma_buf_release
      queue0:src-23614   [001] ..... 21476.285784: system_heap_do_allocate.constprop.0 <-system_uncached_heap_allocate
 mppjpegenc0:src-23621   [000] ..... 21476.300299: system_heap_dma_buf_release <-dma_buf_release
      queue0:src-23614   [001] ..... 21476.318969: system_heap_do_allocate.constprop.0 <-system_uncached_heap_allocate
 mppjpegenc0:src-23621   [000] ..... 21476.333231: system_heap_dma_buf_release <-dma_buf_release
      queue0:src-23614   [001] ..... 21476.352298: system_heap_do_allocate.constprop.0 <-system_uncached_heap_allocate
 mppjpegenc0:src-23621   [000] ..... 21476.366354: system_heap_dma_buf_release <-dma_buf_release
      queue0:src-23614   [001] ..... 21476.385607: system_heap_do_allocate.constprop.0 <-system_uncached_heap_allocate
 mppjpegenc0:src-23621   [000] ..... 21476.399577: system_heap_dma_buf_release <-dma_buf_release
      queue0:src-23614   [001] ..... 21476.418849: system_heap_do_allocate.constprop.0 <-system_uncached_heap_allocate
 mppjpegenc0:src-23621   [000] ..... 21476.432953: system_heap_dma_buf_release <-dma_buf_release
      queue0:src-23614   [001] ..... 21476.452173: system_heap_do_allocate.constprop.0 <-system_uncached_heap_allocate
 mppjpegenc0:src-23621   [000] ..... 21476.466311: system_heap_dma_buf_release <-dma_buf_release
      queue0:src-23614   [001] ..... 21476.485444: system_heap_do_allocate.constprop.0 <-system_uncached_heap_allocate
 mppjpegenc0:src-23621   [000] ..... 21476.499402: system_heap_dma_buf_release <-dma_buf_release
      queue0:src-23614   [001] ..... 21476.518723: system_heap_do_allocate.constprop.0 <-system_uncached_heap_allocate
 mppjpegenc0:src-23621   [000] ..... 21476.532798: system_heap_dma_buf_release <-dma_buf_release
      queue0:src-23614   [001] ..... 21476.552011: system_heap_do_allocate.constprop.0 <-system_uncached_heap_allocate
 mppjpegenc0:src-23621   [000] ..... 21476.566693: system_heap_dma_buf_release <-dma_buf_release
      queue0:src-23614   [001] ..... 21476.585283: system_heap_do_allocate.constprop.0 <-system_uncached_heap_allocate
 mppjpegenc0:src-23621   [000] ..... 21476.599305: system_heap_dma_buf_release <-dma_buf_release
      queue0:src-23614   [001] ..... 21476.618526: system_heap_do_allocate.constprop.0 <-system_uncached_heap_allocate
 mppjpegenc0:src-23621   [000] ..... 21476.632495: system_heap_dma_buf_release <-dma_buf_release
      queue0:src-23614   [001] ..... 21476.651857: system_heap_do_allocate.constprop.0 <-system_uncached_heap_allocate
 mppjpegenc0:src-23621   [000] ..... 21476.665882: system_heap_dma_buf_release <-dma_buf_release
      queue0:src-23614   [001] ..... 21476.685121: system_heap_do_allocate.constprop.0 <-system_uncached_heap_allocate
 mppjpegenc0:src-23621   [000] ..... 21476.699242: system_heap_dma_buf_release <-dma_buf_release
      queue0:src-23614   [001] ..... 21476.718404: system_heap_do_allocate.constprop.0 <-system_uncached_heap_allocate
 mppjpegenc0:src-23621   [000] ..... 21476.732452: system_heap_dma_buf_release <-dma_buf_release
      queue0:src-23614   [001] ..... 21476.751705: system_heap_do_allocate.constprop.0 <-system_uncached_heap_allocate
 mppjpegenc0:src-23621   [000] ..... 21476.765938: system_heap_dma_buf_release <-dma_buf_release
      queue0:src-23614   [001] ..... 21476.784968: system_heap_do_allocate.constprop.0 <-system_uncached_heap_allocate
 mppjpegenc0:src-23621   [000] ..... 21476.798941: system_heap_dma_buf_release <-dma_buf_release
      queue0:src-23614   [001] ..... 21476.818240: system_heap_do_allocate.constprop.0 <-system_uncached_heap_allocate
 mppjpegenc0:src-23621   [000] ..... 21476.832371: system_heap_dma_buf_release <-dma_buf_release
      queue0:src-23614   [001] ..... 21476.851511: system_heap_do_allocate.constprop.0 <-system_uncached_heap_allocate
 mppjpegenc0:src-23621   [000] ..... 21476.865571: system_heap_dma_buf_release <-dma_buf_release
      queue0:src-23614   [001] ..... 21476.884811: system_heap_do_allocate.constprop.0 <-system_uncached_heap_allocate
 mppjpegenc0:src-23621   [000] ..... 21476.898798: system_heap_dma_buf_release <-dma_buf_release
      queue0:src-23614   [001] ..... 21476.918085: system_heap_do_allocate.constprop.0 <-system_uncached_heap_allocate
 mppjpegenc0:src-23621   [000] ..... 21476.932979: system_heap_dma_buf_release <-dma_buf_release
      queue0:src-23614   [001] ..... 21476.951278: system_heap_do_allocate.constprop.0 <-system_uncached_heap_allocate
 mppjpegenc0:src-23621   [000] ..... 21476.965487: system_heap_dma_buf_release <-dma_buf_release
      queue0:src-23614   [001] ..... 21476.984648: system_heap_do_allocate.constprop.0 <-system_uncached_heap_allocate
 mppjpegenc0:src-23621   [000] ..... 21476.998708: system_heap_dma_buf_release <-dma_buf_release
      queue0:src-23614   [001] ..... 21477.017924: system_heap_do_allocate.constprop.0 <-system_uncached_heap_allocate
 mppjpegenc0:src-23621   [000] ..... 21477.031979: system_heap_dma_buf_release <-dma_buf_release
      queue0:src-23614   [001] ..... 21477.051119: system_heap_do_allocate.constprop.0 <-system_uncached_heap_allocate
 mppjpegenc0:src-23621   [000] ..... 21477.065222: system_heap_dma_buf_release <-dma_buf_release
      queue0:src-23614   [001] ..... 21477.084483: system_heap_do_allocate.constprop.0 <-system_uncached_heap_allocate
 mppjpegenc0:src-23621   [000] ..... 21477.098636: system_heap_dma_buf_release <-dma_buf_release
      queue0:src-23614   [001] ..... 21477.117764: system_heap_do_allocate.constprop.0 <-system_uncached_heap_allocate
 mppjpegenc0:src-23621   [000] ..... 21477.131659: system_heap_dma_buf_release <-dma_buf_release
      queue0:src-23614   [001] ..... 21477.150957: system_heap_do_allocate.constprop.0 <-system_uncached_heap_allocate
 mppjpegenc0:src-23621   [000] ..... 21477.165017: system_heap_dma_buf_release <-dma_buf_release
      queue0:src-23614   [002] ..... 21477.184303: system_heap_do_allocate.constprop.0 <-system_uncached_heap_allocate
 mppjpegenc0:src-23621   [000] ..... 21477.198482: system_heap_dma_buf_release <-dma_buf_release
      queue0:src-23614   [000] ..... 21477.217614: system_heap_do_allocate.constprop.0 <-system_uncached_heap_allocate
 mppjpegenc0:src-23621   [002] ..... 21477.231898: system_heap_dma_buf_release <-dma_buf_release
      queue0:src-23614   [000] ..... 21477.250842: system_heap_do_allocate.constprop.0 <-system_uncached_heap_allocate
 mppjpegenc0:src-23621   [002] ..... 21477.264868: system_heap_dma_buf_release <-dma_buf_release
      queue0:src-23614   [000] ..... 21477.284124: system_heap_do_allocate.constprop.0 <-system_uncached_heap_allocate
 mppjpegenc0:src-23621   [002] ..... 21477.298211: system_heap_dma_buf_release <-dma_buf_release
      queue0:src-23614   [000] ..... 21477.317372: system_heap_do_allocate.constprop.0 <-system_uncached_heap_allocate
 mppjpegenc0:src-23621   [003] ..... 21477.331835: system_heap_dma_buf_release <-dma_buf_release
      queue0:src-23614   [000] ..... 21477.350680: system_heap_do_allocate.constprop.0 <-system_uncached_heap_allocate
 mppjpegenc0:src-23621   [003] ..... 21477.364789: system_heap_dma_buf_release <-dma_buf_release
      queue0:src-23614   [000] ..... 21477.384006: system_heap_do_allocate.constprop.0 <-system_uncached_heap_allocate
 mppjpegenc0:src-23621   [003] ..... 21477.397998: system_heap_dma_buf_release <-dma_buf_release
      queue0:src-23614   [000] ..... 21477.417292: system_heap_do_allocate.constprop.0 <-system_uncached_heap_allocate
 mppjpegenc0:src-23621   [003] ..... 21477.431091: system_heap_dma_buf_release <-dma_buf_release
      queue0:src-23614   [000] ..... 21477.450565: system_heap_do_allocate.constprop.0 <-system_uncached_heap_allocate
 mppjpegenc0:src-23621   [003] ..... 21477.464616: system_heap_dma_buf_release <-dma_buf_release
      queue0:src-23614   [000] ..... 21477.483850: system_heap_do_allocate.constprop.0 <-system_uncached_heap_allocate
 mppjpegenc0:src-23621   [003] ..... 21477.497815: system_heap_dma_buf_release <-dma_buf_release
      queue0:src-23614   [000] ..... 21477.517122: system_heap_do_allocate.constprop.0 <-system_uncached_heap_allocate
 mppjpegenc0:src-23621   [003] ..... 21477.531047: system_heap_dma_buf_release <-dma_buf_release
      queue0:src-23614   [000] ..... 21477.550406: system_heap_do_allocate.constprop.0 <-system_uncached_heap_allocate
 mppjpegenc0:src-23621   [003] ..... 21477.564435: system_heap_dma_buf_release <-dma_buf_release
      queue0:src-23614   [000] ..... 21477.583645: system_heap_do_allocate.constprop.0 <-system_uncached_heap_allocate
 mppjpegenc0:src-23621   [003] ..... 21477.597680: system_heap_dma_buf_release <-dma_buf_release
      queue0:src-23614   [000] ..... 21477.616967: system_heap_do_allocate.constprop.0 <-system_uncached_heap_allocate
 mppjpegenc0:src-23621   [003] ..... 21477.631019: system_heap_dma_buf_release <-dma_buf_release
      queue0:src-23614   [000] ..... 21477.650244: system_heap_do_allocate.constprop.0 <-system_uncached_heap_allocate
 mppjpegenc0:src-23621   [003] ..... 21477.664253: system_heap_dma_buf_release <-dma_buf_release
      queue0:src-23614   [000] ..... 21477.683553: system_heap_do_allocate.constprop.0 <-system_uncached_heap_allocate
 mppjpegenc0:src-23621   [003] ..... 21477.697617: system_heap_dma_buf_release <-dma_buf_release
      queue0:src-23614   [000] ..... 21477.716807: system_heap_do_allocate.constprop.0 <-system_uncached_heap_allocate
 mppjpegenc0:src-23621   [003] ..... 21477.730835: system_heap_dma_buf_release <-dma_buf_release
      queue0:src-23614   [000] ..... 21477.750083: system_heap_do_allocate.constprop.0 <-system_uncached_heap_allocate
 mppjpegenc0:src-23621   [003] ..... 21477.764179: system_heap_dma_buf_release <-dma_buf_release
      queue0:src-23614   [000] ..... 21477.783356: system_heap_do_allocate.constprop.0 <-system_uncached_heap_allocate
 mppjpegenc0:src-23621   [003] ..... 21477.797484: system_heap_dma_buf_release <-dma_buf_release
      queue0:src-23614   [000] ..... 21477.816653: system_heap_do_allocate.constprop.0 <-system_uncached_heap_allocate
 mppjpegenc0:src-23621   [003] ..... 21477.830734: system_heap_dma_buf_release <-dma_buf_release
      queue0:src-23614   [000] ..... 21477.849932: system_heap_do_allocate.constprop.0 <-system_uncached_heap_allocate
 mppjpegenc0:src-23621   [003] ..... 21477.864140: system_heap_dma_buf_release <-dma_buf_release
      queue0:src-23614   [000] ..... 21477.883166: system_heap_do_allocate.constprop.0 <-system_uncached_heap_allocate
 mppjpegenc0:src-23621   [002] ..... 21477.897412: system_heap_dma_buf_release <-dma_buf_release
      queue0:src-23614   [000] ..... 21477.916486: system_heap_do_allocate.constprop.0 <-system_uncached_heap_allocate
 mppjpegenc0:src-23621   [002] ..... 21477.930552: system_heap_dma_buf_release <-dma_buf_release
      queue0:src-23614   [000] ..... 21477.949765: system_heap_do_allocate.constprop.0 <-system_uncached_heap_allocate
 mppjpegenc0:src-23621   [002] ..... 21477.963655: system_heap_dma_buf_release <-dma_buf_release
      queue0:src-23614   [000] ..... 21477.983046: system_heap_do_allocate.constprop.0 <-system_uncached_heap_allocate
 mppjpegenc0:src-23621   [002] ..... 21477.997175: system_heap_dma_buf_release <-dma_buf_release
      queue0:src-23614   [000] ..... 21478.016336: system_heap_do_allocate.constprop.0 <-system_uncached_heap_allocate
 mppjpegenc0:src-23621   [002] ..... 21478.030437: system_heap_dma_buf_release <-dma_buf_release
      queue0:src-23614   [000] ..... 21478.049605: system_heap_do_allocate.constprop.0 <-system_uncached_heap_allocate
 mppjpegenc0:src-23621   [002] ..... 21478.063477: system_heap_dma_buf_release <-dma_buf_release
      queue0:src-23614   [000] ..... 21478.082887: system_heap_do_allocate.constprop.0 <-system_uncached_heap_allocate
 mppjpegenc0:src-23621   [002] ..... 21478.096906: system_heap_dma_buf_release <-dma_buf_release
      queue0:src-23614   [000] ..... 21478.116168: system_heap_do_allocate.constprop.0 <-system_uncached_heap_allocate
 mppjpegenc0:src-23621   [002] ..... 21478.130329: system_heap_dma_buf_release <-dma_buf_release
      queue0:src-23614   [000] ..... 21478.149449: system_heap_do_allocate.constprop.0 <-system_uncached_heap_allocate
 mppjpegenc0:src-23621   [002] ..... 21478.163572: system_heap_dma_buf_release <-dma_buf_release
      queue0:src-23614   [000] ..... 21478.182719: system_heap_do_allocate.constprop.0 <-system_uncached_heap_allocate
 mppjpegenc0:src-23621   [002] ..... 21478.196758: system_heap_dma_buf_release <-dma_buf_release
      queue0:src-23614   [000] ..... 21478.216004: system_heap_do_allocate.constprop.0 <-system_uncached_heap_allocate
 mppjpegenc0:src-23621   [002] ..... 21478.230521: system_heap_dma_buf_release <-dma_buf_release
      queue0:src-23614   [000] ..... 21478.249294: system_heap_do_allocate.constprop.0 <-system_uncached_heap_allocate
 mppjpegenc0:src-23621   [002] ..... 21478.263605: system_heap_dma_buf_release <-dma_buf_release
      queue0:src-23614   [000] ..... 21478.282564: system_heap_do_allocate.constprop.0 <-system_uncached_heap_allocate
 mppjpegenc0:src-23621   [002] ..... 21478.296675: system_heap_dma_buf_release <-dma_buf_release
      queue0:src-23614   [001] ..... 21478.315908: system_heap_do_allocate.constprop.0 <-system_uncached_heap_allocate
 mppjpegenc0:src-23621   [002] ..... 21478.330817: system_heap_dma_buf_release <-dma_buf_release
      queue0:src-23614   [001] ..... 21478.349124: system_heap_do_allocate.constprop.0 <-system_uncached_heap_allocate
 mppjpegenc0:src-23621   [000] ..... 21478.363097: system_heap_dma_buf_release <-dma_buf_release
      queue0:src-23614   [001] ..... 21478.382371: system_heap_do_allocate.constprop.0 <-system_uncached_heap_allocate
 mppjpegenc0:src-23621   [000] ..... 21478.396375: system_heap_dma_buf_release <-dma_buf_release
      queue0:src-23614   [001] ..... 21478.415701: system_heap_do_allocate.constprop.0 <-system_uncached_heap_allocate
 mppjpegenc0:src-23621   [000] ..... 21478.429736: system_heap_dma_buf_release <-dma_buf_release
      queue0:src-23614   [001] ..... 21478.448963: system_heap_do_allocate.constprop.0 <-system_uncached_heap_allocate
 mppjpegenc0:src-23621   [000] ..... 21478.462979: system_heap_dma_buf_release <-dma_buf_release
      queue0:src-23614   [001] ..... 21478.482238: system_heap_do_allocate.constprop.0 <-system_uncached_heap_allocate
 mppjpegenc0:src-23621   [000] ..... 21478.496242: system_heap_dma_buf_release <-dma_buf_release
      queue0:src-23614   [001] ..... 21478.515500: system_heap_do_allocate.constprop.0 <-system_uncached_heap_allocate
 mppjpegenc0:src-23621   [000] ..... 21478.529569: system_heap_dma_buf_release <-dma_buf_release
      queue0:src-23614   [001] ..... 21478.548803: system_heap_do_allocate.constprop.0 <-system_uncached_heap_allocate
 mppjpegenc0:src-23621   [002] ..... 21478.562884: system_heap_dma_buf_release <-dma_buf_release
      queue0:src-23614   [001] ..... 21478.582094: system_heap_do_allocate.constprop.0 <-system_uncached_heap_allocate
 mppjpegenc0:src-23621   [002] ..... 21478.596071: system_heap_dma_buf_release <-dma_buf_release
      queue0:src-23614   [001] ..... 21478.615371: system_heap_do_allocate.constprop.0 <-system_uncached_heap_allocate
 mppjpegenc0:src-23621   [002] ..... 21478.629388: system_heap_dma_buf_release <-dma_buf_release
      queue0:src-23614   [001] ..... 21478.648646: system_heap_do_allocate.constprop.0 <-system_uncached_heap_allocate
 mppjpegenc0:src-23621   [002] ..... 21478.662718: system_heap_dma_buf_release <-dma_buf_release
      queue0:src-23614   [001] ..... 21478.681931: system_heap_do_allocate.constprop.0 <-system_uncached_heap_allocate
 mppjpegenc0:src-23621   [002] ..... 21478.695987: system_heap_dma_buf_release <-dma_buf_release
      queue0:src-23614   [001] ..... 21478.715213: system_heap_do_allocate.constprop.0 <-system_uncached_heap_allocate
 mppjpegenc0:src-23621   [002] ..... 21478.729266: system_heap_dma_buf_release <-dma_buf_release
      queue0:src-23614   [001] ..... 21478.748482: system_heap_do_allocate.constprop.0 <-system_uncached_heap_allocate
 mppjpegenc0:src-23621   [002] ..... 21478.762548: system_heap_dma_buf_release <-dma_buf_release
      queue0:src-23614   [001] ..... 21478.781768: system_heap_do_allocate.constprop.0 <-system_uncached_heap_allocate
 mppjpegenc0:src-23621   [002] ..... 21478.795850: system_heap_dma_buf_release <-dma_buf_release
      queue0:src-23614   [001] ..... 21478.815039: system_heap_do_allocate.constprop.0 <-system_uncached_heap_allocate
 mppjpegenc0:src-23621   [002] ..... 21478.829143: system_heap_dma_buf_release <-dma_buf_release
      queue0:src-23614   [001] ..... 21478.848318: system_heap_do_allocate.constprop.0 <-system_uncached_heap_allocate
 mppjpegenc0:src-23621   [002] ..... 21478.862512: system_heap_dma_buf_release <-dma_buf_release
      queue0:src-23614   [001] ..... 21478.881606: system_heap_do_allocate.constprop.0 <-system_uncached_heap_allocate
 mppjpegenc0:src-23621   [002] ..... 21478.895482: system_heap_dma_buf_release <-dma_buf_release
      queue0:src-23614   [001] ..... 21478.914857: system_heap_do_allocate.constprop.0 <-system_uncached_heap_allocate
 mppjpegenc0:src-23621   [002] ..... 21478.928891: system_heap_dma_buf_release <-dma_buf_release
      queue0:src-23614   [001] ..... 21478.948135: system_heap_do_allocate.constprop.0 <-system_uncached_heap_allocate
 mppjpegenc0:src-23621   [002] ..... 21478.963492: system_heap_dma_buf_release <-dma_buf_release
      queue0:src-23614   [001] ..... 21478.981450: system_heap_do_allocate.constprop.0 <-system_uncached_heap_allocate
 mppjpegenc0:src-23621   [002] ..... 21478.995624: system_heap_dma_buf_release <-dma_buf_release
      queue0:src-23614   [001] ..... 21479.014722: system_heap_do_allocate.constprop.0 <-system_uncached_heap_allocate
 mppjpegenc0:src-23621   [002] ..... 21479.029022: system_heap_dma_buf_release <-dma_buf_release
      queue0:src-23614   [001] ..... 21479.048018: system_heap_do_allocate.constprop.0 <-system_uncached_heap_allocate
 mppjpegenc0:src-23621   [002] ..... 21479.062054: system_heap_dma_buf_release <-dma_buf_release
      queue0:src-23614   [001] ..... 21479.081288: system_heap_do_allocate.constprop.0 <-system_uncached_heap_allocate
 mppjpegenc0:src-23621   [002] ..... 21479.095333: system_heap_dma_buf_release <-dma_buf_release
      queue0:src-23614   [001] ..... 21479.114546: system_heap_do_allocate.constprop.0 <-system_uncached_heap_allocate
 mppjpegenc0:src-23621   [002] ..... 21479.128581: system_heap_dma_buf_release <-dma_buf_release
      queue0:src-23614   [001] ..... 21479.147855: system_heap_do_allocate.constprop.0 <-system_uncached_heap_allocate
 mppjpegenc0:src-23621   [002] ..... 21479.161855: system_heap_dma_buf_release <-dma_buf_release
      queue0:src-23614   [001] ..... 21479.181125: system_heap_do_allocate.constprop.0 <-system_uncached_heap_allocate
 mppjpegenc0:src-23621   [002] ..... 21479.195173: system_heap_dma_buf_release <-dma_buf_release
      queue0:src-23614   [001] ..... 21479.214392: system_heap_do_allocate.constprop.0 <-system_uncached_heap_allocate
 mppjpegenc0:src-23621   [002] ..... 21479.228452: system_heap_dma_buf_release <-dma_buf_release
      queue0:src-23614   [001] ..... 21479.247717: system_heap_do_allocate.constprop.0 <-system_uncached_heap_allocate
 mppjpegenc0:src-23621   [002] ..... 21479.261804: system_heap_dma_buf_release <-dma_buf_release
      queue0:src-23614   [001] ..... 21479.280962: system_heap_do_allocate.constprop.0 <-system_uncached_heap_allocate
 mppjpegenc0:src-23621   [002] ..... 21479.294973: system_heap_dma_buf_release <-dma_buf_release
      queue0:src-23614   [001] ..... 21479.314228: system_heap_do_allocate.constprop.0 <-system_uncached_heap_allocate
 mppjpegenc0:src-23621   [002] ..... 21479.328211: system_heap_dma_buf_release <-dma_buf_release
      queue0:src-23614   [001] ..... 21479.347501: system_heap_do_allocate.constprop.0 <-system_uncached_heap_allocate
 mppjpegenc0:src-23621   [002] ..... 21479.361540: system_heap_dma_buf_release <-dma_buf_release
      queue0:src-23614   [001] ..... 21479.380808: system_heap_do_allocate.constprop.0 <-system_uncached_heap_allocate
 mppjpegenc0:src-23621   [002] ..... 21479.394770: system_heap_dma_buf_release <-dma_buf_release
      queue0:src-23614   [001] ..... 21479.414081: system_heap_do_allocate.constprop.0 <-system_uncached_heap_allocate
 mppjpegenc0:src-23621   [002] ..... 21479.428038: system_heap_dma_buf_release <-dma_buf_release
      queue0:src-23614   [001] ..... 21479.447274: system_heap_do_allocate.constprop.0 <-system_uncached_heap_allocate
 mppjpegenc0:src-23621   [002] ..... 21479.461323: system_heap_dma_buf_release <-dma_buf_release
      queue0:src-23614   [001] ..... 21479.480646: system_heap_do_allocate.constprop.0 <-system_uncached_heap_allocate
 mppjpegenc0:src-23621   [002] ..... 21479.494707: system_heap_dma_buf_release <-dma_buf_release
      queue0:src-23614   [001] ..... 21479.513921: system_heap_do_allocate.constprop.0 <-system_uncached_heap_allocate
 mppjpegenc0:src-23621   [002] ..... 21479.527895: system_heap_dma_buf_release <-dma_buf_release
      queue0:src-23614   [001] ..... 21479.547115: system_heap_do_allocate.constprop.0 <-system_uncached_heap_allocate
 mppjpegenc0:src-23621   [002] ..... 21479.561088: system_heap_dma_buf_release <-dma_buf_release
      queue0:src-23614   [001] ..... 21479.580455: system_heap_do_allocate.constprop.0 <-system_uncached_heap_allocate
 mppjpegenc0:src-23621   [002] ..... 21479.594554: system_heap_dma_buf_release <-dma_buf_release
      queue0:src-23614   [001] ..... 21479.613762: system_heap_do_allocate.constprop.0 <-system_uncached_heap_allocate
 mppjpegenc0:src-23621   [002] ..... 21479.628043: system_heap_dma_buf_release <-dma_buf_release
      queue0:src-23614   [001] ..... 21479.646957: system_heap_do_allocate.constprop.0 <-system_uncached_heap_allocate
 mppjpegenc0:src-23621   [002] ..... 21479.661225: system_heap_dma_buf_release <-dma_buf_release
      queue0:src-23614   [001] ..... 21479.680326: system_heap_do_allocate.constprop.0 <-system_uncached_heap_allocate
 mppjpegenc0:src-23621   [002] ..... 21479.694680: system_heap_dma_buf_release <-dma_buf_release
      queue0:src-23614   [001] ..... 21479.713603: system_heap_do_allocate.constprop.0 <-system_uncached_heap_allocate
 mppjpegenc0:src-23621   [002] ..... 21479.727927: system_heap_dma_buf_release <-dma_buf_release
      queue0:src-23614   [001] ..... 21479.746835: system_heap_do_allocate.constprop.0 <-system_uncached_heap_allocate
 mppjpegenc0:src-23621   [002] ..... 21479.760864: system_heap_dma_buf_release <-dma_buf_release
      queue0:src-23614   [001] ..... 21479.780164: system_heap_do_allocate.constprop.0 <-system_uncached_heap_allocate
 mppjpegenc0:src-23621   [002] ..... 21479.794145: system_heap_dma_buf_release <-dma_buf_release
      queue0:src-23614   [001] ..... 21479.813442: system_heap_do_allocate.constprop.0 <-system_uncached_heap_allocate
 mppjpegenc0:src-23621   [002] ..... 21479.827376: system_heap_dma_buf_release <-dma_buf_release
      queue0:src-23614   [001] ..... 21479.846715: system_heap_do_allocate.constprop.0 <-system_uncached_heap_allocate
 mppjpegenc0:src-23621   [002] ..... 21479.860746: system_heap_dma_buf_release <-dma_buf_release
      queue0:src-23614   [001] ..... 21479.880014: system_heap_do_allocate.constprop.0 <-system_uncached_heap_allocate
 mppjpegenc0:src-23621   [002] ..... 21479.894112: system_heap_dma_buf_release <-dma_buf_release
      queue0:src-23614   [001] ..... 21479.913283: system_heap_do_allocate.constprop.0 <-system_uncached_heap_allocate
 mppjpegenc0:src-23621   [002] ..... 21479.927308: system_heap_dma_buf_release <-dma_buf_release
      queue0:src-23614   [001] ..... 21479.946547: system_heap_do_allocate.constprop.0 <-system_uncached_heap_allocate
 mppjpegenc0:src-23621   [002] ..... 21479.961070: system_heap_dma_buf_release <-dma_buf_release
      queue0:src-23614   [001] ..... 21479.979848: system_heap_do_allocate.constprop.0 <-system_uncached_heap_allocate
 mppjpegenc0:src-23621   [002] ..... 21479.993903: system_heap_dma_buf_release <-dma_buf_release
      queue0:src-23614   [001] ..... 21480.013122: system_heap_do_allocate.constprop.0 <-system_uncached_heap_allocate
 mppjpegenc0:src-23621   [002] ..... 21480.027216: system_heap_dma_buf_release <-dma_buf_release
      queue0:src-23614   [001] ..... 21480.046369: system_heap_do_allocate.constprop.0 <-system_uncached_heap_allocate
 mppjpegenc0:src-23621   [002] ..... 21480.060785: system_heap_dma_buf_release <-dma_buf_release
      queue0:src-23614   [001] ..... 21480.079665: system_heap_do_allocate.constprop.0 <-system_uncached_heap_allocate
 mppjpegenc0:src-23621   [002] ..... 21480.093664: system_heap_dma_buf_release <-dma_buf_release
      queue0:src-23614   [001] ..... 21480.112958: system_heap_do_allocate.constprop.0 <-system_uncached_heap_allocate
 mppjpegenc0:src-23621   [002] ..... 21480.127051: system_heap_dma_buf_release <-dma_buf_release
      queue0:src-23614   [001] ..... 21480.146239: system_heap_do_allocate.constprop.0 <-system_uncached_heap_allocate
 mppjpegenc0:src-23621   [002] ..... 21480.160266: system_heap_dma_buf_release <-dma_buf_release
      queue0:src-23614   [001] ..... 21480.179467: system_heap_do_allocate.constprop.0 <-system_uncached_heap_allocate
 mppjpegenc0:src-23621   [002] ..... 21480.193477: system_heap_dma_buf_release <-dma_buf_release
      queue0:src-23614   [001] ..... 21480.212803: system_heap_do_allocate.constprop.0 <-system_uncached_heap_allocate
 mppjpegenc0:src-23621   [002] ..... 21480.226794: system_heap_dma_buf_release <-dma_buf_release
      queue0:src-23614   [001] ..... 21480.246083: system_heap_do_allocate.constprop.0 <-system_uncached_heap_allocate
 mppjpegenc0:src-23621   [002] ..... 21480.260074: system_heap_dma_buf_release <-dma_buf_release
      queue0:src-23614   [001] ..... 21480.279285: system_heap_do_allocate.constprop.0 <-system_uncached_heap_allocate
 mppjpegenc0:src-23621   [002] ..... 21480.293420: system_heap_dma_buf_release <-dma_buf_release
      queue0:src-23614   [001] ..... 21480.312645: system_heap_do_allocate.constprop.0 <-system_uncached_heap_allocate
 mppjpegenc0:src-23621   [002] ..... 21480.326690: system_heap_dma_buf_release <-dma_buf_release
      queue0:src-23614   [001] ..... 21480.345951: system_heap_do_allocate.constprop.0 <-system_uncached_heap_allocate
 mppjpegenc0:src-23621   [002] ..... 21480.360308: system_heap_dma_buf_release <-dma_buf_release
      queue0:src-23614   [000] ..... 21480.379183: system_heap_do_allocate.constprop.0 <-system_uncached_heap_allocate
 mppjpegenc0:src-23621   [003] ..... 21480.393307: system_heap_dma_buf_release <-dma_buf_release
      queue0:src-23614   [000] ..... 21480.412491: system_heap_do_allocate.constprop.0 <-system_uncached_heap_allocate
 mppjpegenc0:src-23621   [003] ..... 21480.426619: system_heap_dma_buf_release <-dma_buf_release
      queue0:src-23614   [000] ..... 21480.445773: system_heap_do_allocate.constprop.0 <-system_uncached_heap_allocate
 mppjpegenc0:src-23621   [003] ..... 21480.459783: system_heap_dma_buf_release <-dma_buf_release
      queue0:src-23614   [000] ..... 21480.479043: system_heap_do_allocate.constprop.0 <-system_uncached_heap_allocate
 mppjpegenc0:src-23621   [003] ..... 21480.493073: system_heap_dma_buf_release <-dma_buf_release
      queue0:src-23614   [000] ..... 21480.512337: system_heap_do_allocate.constprop.0 <-system_uncached_heap_allocate
 mppjpegenc0:src-23621   [003] ..... 21480.526469: system_heap_dma_buf_release <-dma_buf_release
      queue0:src-23614   [000] ..... 21480.545607: system_heap_do_allocate.constprop.0 <-system_uncached_heap_allocate
 mppjpegenc0:src-23621   [003] ..... 21480.559646: system_heap_dma_buf_release <-dma_buf_release
      queue0:src-23614   [000] ..... 21480.578884: system_heap_do_allocate.constprop.0 <-system_uncached_heap_allocate
 mppjpegenc0:src-23621   [003] ..... 21480.592971: system_heap_dma_buf_release <-dma_buf_release
      queue0:src-23614   [000] ..... 21480.612184: system_heap_do_allocate.constprop.0 <-system_uncached_heap_allocate
 mppjpegenc0:src-23621   [003] ..... 21480.626211: system_heap_dma_buf_release <-dma_buf_release
      queue0:src-23614   [000] ..... 21480.645448: system_heap_do_allocate.constprop.0 <-system_uncached_heap_allocate
 mppjpegenc0:src-23621   [003] ..... 21480.659466: system_heap_dma_buf_release <-dma_buf_release
      queue0:src-23614   [000] ..... 21480.678731: system_heap_do_allocate.constprop.0 <-system_uncached_heap_allocate
 mppjpegenc0:src-23621   [003] ..... 21480.693473: system_heap_dma_buf_release <-dma_buf_release
      queue0:src-23614   [000] ..... 21480.712025: system_heap_do_allocate.constprop.0 <-system_uncached_heap_allocate
 mppjpegenc0:src-23621   [003] ..... 21480.726051: system_heap_dma_buf_release <-dma_buf_release
      queue0:src-23614   [000] ..... 21480.745290: system_heap_do_allocate.constprop.0 <-system_uncached_heap_allocate
 mppjpegenc0:src-23621   [003] ..... 21480.759493: system_heap_dma_buf_release <-dma_buf_release
      queue0:src-23614   [000] ..... 21480.778567: system_heap_do_allocate.constprop.0 <-system_uncached_heap_allocate
 mppjpegenc0:src-23621   [003] ..... 21480.792631: system_heap_dma_buf_release <-dma_buf_release
      queue0:src-23614   [000] ..... 21480.811850: system_heap_do_allocate.constprop.0 <-system_uncached_heap_allocate
 mppjpegenc0:src-23621   [003] ..... 21480.825901: system_heap_dma_buf_release <-dma_buf_release
      queue0:src-23614   [000] ..... 21480.845125: system_heap_do_allocate.constprop.0 <-system_uncached_heap_allocate
 mppjpegenc0:src-23621   [003] ..... 21480.859163: system_heap_dma_buf_release <-dma_buf_release
      queue0:src-23614   [000] ..... 21480.878437: system_heap_do_allocate.constprop.0 <-system_uncached_heap_allocate
 mppjpegenc0:src-23621   [003] ..... 21480.892445: system_heap_dma_buf_release <-dma_buf_release
      queue0:src-23614   [000] ..... 21480.911696: system_heap_do_allocate.constprop.0 <-system_uncached_heap_allocate
 mppjpegenc0:src-23621   [003] ..... 21480.925790: system_heap_dma_buf_release <-dma_buf_release
      queue0:src-23614   [000] ..... 21480.944966: system_heap_do_allocate.constprop.0 <-system_uncached_heap_allocate
 mppjpegenc0:src-23621   [003] ..... 21480.959022: system_heap_dma_buf_release <-dma_buf_release
      queue0:src-23614   [000] ..... 21480.978250: system_heap_do_allocate.constprop.0 <-system_uncached_heap_allocate
 mppjpegenc0:src-23621   [003] ..... 21480.992281: system_heap_dma_buf_release <-dma_buf_release
      queue0:src-23614   [000] ..... 21481.011546: system_heap_do_allocate.constprop.0 <-system_uncached_heap_allocate
 mppjpegenc0:src-23621   [003] ..... 21481.025571: system_heap_dma_buf_release <-dma_buf_release
      queue0:src-23614   [000] ..... 21481.044773: system_heap_do_allocate.constprop.0 <-system_uncached_heap_allocate
 mppjpegenc0:src-23621   [003] ..... 21481.058791: system_heap_dma_buf_release <-dma_buf_release
      queue0:src-23614   [000] ..... 21481.078092: system_heap_do_allocate.constprop.0 <-system_uncached_heap_allocate
 mppjpegenc0:src-23621   [003] ..... 21481.092132: system_heap_dma_buf_release <-dma_buf_release
      queue0:src-23614   [000] ..... 21481.111370: system_heap_do_allocate.constprop.0 <-system_uncached_heap_allocate
 mppjpegenc0:src-23621   [003] ..... 21481.125462: system_heap_dma_buf_release <-dma_buf_release
      queue0:src-23614   [000] ..... 21481.144644: system_heap_do_allocate.constprop.0 <-system_uncached_heap_allocate
 mppjpegenc0:src-23621   [003] ..... 21481.158723: system_heap_dma_buf_release <-dma_buf_release
      queue0:src-23614   [000] ..... 21481.177930: system_heap_do_allocate.constprop.0 <-system_uncached_heap_allocate
 mppjpegenc0:src-23621   [003] ..... 21481.192024: system_heap_dma_buf_release <-dma_buf_release
      queue0:src-23614   [000] ..... 21481.211203: system_heap_do_allocate.constprop.0 <-system_uncached_heap_allocate
 mppjpegenc0:src-23621   [003] ..... 21481.225380: system_heap_dma_buf_release <-dma_buf_release
      queue0:src-23614   [000] ..... 21481.244489: system_heap_do_allocate.constprop.0 <-system_uncached_heap_allocate
 mppjpegenc0:src-23621   [003] ..... 21481.258539: system_heap_dma_buf_release <-dma_buf_release
      queue0:src-23614   [000] ..... 21481.277773: system_heap_do_allocate.constprop.0 <-system_uncached_heap_allocate
 mppjpegenc0:src-23621   [003] ..... 21481.291730: system_heap_dma_buf_release <-dma_buf_release
      queue0:src-23614   [000] ..... 21481.311044: system_heap_do_allocate.constprop.0 <-system_uncached_heap_allocate
 mppjpegenc0:src-23621   [003] ..... 21481.325205: system_heap_dma_buf_release <-dma_buf_release
      queue0:src-23614   [000] ..... 21481.344241: system_heap_do_allocate.constprop.0 <-system_uncached_heap_allocate
 mppjpegenc0:src-23621   [003] ..... 21481.358656: system_heap_dma_buf_release <-dma_buf_release
      queue0:src-23614   [001] ..... 21481.377696: system_heap_do_allocate.constprop.0 <-system_uncached_heap_allocate
 mppjpegenc0:src-23621   [003] ..... 21481.392001: system_heap_dma_buf_release <-dma_buf_release
      queue0:src-23614   [001] ..... 21481.410851: system_heap_do_allocate.constprop.0 <-system_uncached_heap_allocate
 mppjpegenc0:src-23621   [003] ..... 21481.424977: system_heap_dma_buf_release <-dma_buf_release
      queue0:src-23614   [001] ..... 21481.444172: system_heap_do_allocate.constprop.0 <-system_uncached_heap_allocate
 mppjpegenc0:src-23621   [003] ..... 21481.458312: system_heap_dma_buf_release <-dma_buf_release
      queue0:src-23614   [001] ..... 21481.477442: system_heap_do_allocate.constprop.0 <-system_uncached_heap_allocate
 mppjpegenc0:src-23621   [003] ..... 21481.491482: system_heap_dma_buf_release <-dma_buf_release
      queue0:src-23614   [001] ..... 21481.510721: system_heap_do_allocate.constprop.0 <-system_uncached_heap_allocate
 mppjpegenc0:src-23621   [003] ..... 21481.524968: system_heap_dma_buf_release <-dma_buf_release
      queue0:src-23614   [001] ..... 21481.544019: system_heap_do_allocate.constprop.0 <-system_uncached_heap_allocate
 mppjpegenc0:src-23621   [003] ..... 21481.558113: system_heap_dma_buf_release <-dma_buf_release
      queue0:src-23614   [001] ..... 21481.577284: system_heap_do_allocate.constprop.0 <-system_uncached_heap_allocate
 mppjpegenc0:src-23621   [003] ..... 21481.591535: system_heap_dma_buf_release <-dma_buf_release
      queue0:src-23614   [001] ..... 21481.610590: system_heap_do_allocate.constprop.0 <-system_uncached_heap_allocate
 mppjpegenc0:src-23621   [003] ..... 21481.624662: system_heap_dma_buf_release <-dma_buf_release
      queue0:src-23614   [001] ..... 21481.643837: system_heap_do_allocate.constprop.0 <-system_uncached_heap_allocate
 mppjpegenc0:src-23621   [003] ..... 21481.657910: system_heap_dma_buf_release <-dma_buf_release
      queue0:src-23614   [001] ..... 21481.677127: system_heap_do_allocate.constprop.0 <-system_uncached_heap_allocate
 mppjpegenc0:src-23621   [003] ..... 21481.691159: system_heap_dma_buf_release <-dma_buf_release
      queue0:src-23614   [001] ..... 21481.710414: system_heap_do_allocate.constprop.0 <-system_uncached_heap_allocate
 mppjpegenc0:src-23621   [003] ..... 21481.724505: system_heap_dma_buf_release <-dma_buf_release
      queue0:src-23614   [001] ..... 21481.743665: system_heap_do_allocate.constprop.0 <-system_uncached_heap_allocate
 mppjpegenc0:src-23621   [003] ..... 21481.757724: system_heap_dma_buf_release <-dma_buf_release
      queue0:src-23614   [001] ..... 21481.776964: system_heap_do_allocate.constprop.0 <-system_uncached_heap_allocate
 mppjpegenc0:src-23621   [003] ..... 21481.790965: system_heap_dma_buf_release <-dma_buf_release
      queue0:src-23614   [001] ..... 21481.810242: system_heap_do_allocate.constprop.0 <-system_uncached_heap_allocate
 mppjpegenc0:src-23621   [003] ..... 21481.824208: system_heap_dma_buf_release <-dma_buf_release
      queue0:src-23614   [001] ..... 21481.843515: system_heap_do_allocate.constprop.0 <-system_uncached_heap_allocate
 mppjpegenc0:src-23621   [003] ..... 21481.857626: system_heap_dma_buf_release <-dma_buf_release
      queue0:src-23614   [001] ..... 21481.876804: system_heap_do_allocate.constprop.0 <-system_uncached_heap_allocate
 mppjpegenc0:src-23621   [003] ..... 21481.890863: system_heap_dma_buf_release <-dma_buf_release
      queue0:src-23614   [001] ..... 21481.910086: system_heap_do_allocate.constprop.0 <-system_uncached_heap_allocate
 mppjpegenc0:src-23621   [003] ..... 21481.924066: system_heap_dma_buf_release <-dma_buf_release
      queue0:src-23614   [001] ..... 21481.943368: system_heap_do_allocate.constprop.0 <-system_uncached_heap_allocate
 mppjpegenc0:src-23621   [003] ..... 21481.957386: system_heap_dma_buf_release <-dma_buf_release
      queue0:src-23614   [001] ..... 21481.976645: system_heap_do_allocate.constprop.0 <-system_uncached_heap_allocate
 mppjpegenc0:src-23621   [003] ..... 21481.990855: system_heap_dma_buf_release <-dma_buf_release
      queue0:src-23614   [001] ..... 21482.009928: system_heap_do_allocate.constprop.0 <-system_uncached_heap_allocate
 mppjpegenc0:src-23621   [003] ..... 21482.024088: system_heap_dma_buf_release <-dma_buf_release
      queue0:src-23614   [001] ..... 21482.043191: system_heap_do_allocate.constprop.0 <-system_uncached_heap_allocate
 mppjpegenc0:src-23621   [003] ..... 21482.057261: system_heap_dma_buf_release <-dma_buf_release
      queue0:src-23614   [001] ..... 21482.076490: system_heap_do_allocate.constprop.0 <-system_uncached_heap_allocate
 mppjpegenc0:src-23621   [003] ..... 21482.090679: system_heap_dma_buf_release <-dma_buf_release
      queue0:src-23614   [001] ..... 21482.109768: system_heap_do_allocate.constprop.0 <-system_uncached_heap_allocate
 mppjpegenc0:src-23621   [003] ..... 21482.123914: system_heap_dma_buf_release <-dma_buf_release
      queue0:src-23614   [001] ..... 21482.143063: system_heap_do_allocate.constprop.0 <-system_uncached_heap_allocate
 mppjpegenc0:src-23621   [003] ..... 21482.157264: system_heap_dma_buf_release <-dma_buf_release
      queue0:src-23614   [001] ..... 21482.176323: system_heap_do_allocate.constprop.0 <-system_uncached_heap_allocate
 mppjpegenc0:src-23621   [003] ..... 21482.190426: system_heap_dma_buf_release <-dma_buf_release
      queue0:src-23614   [001] ..... 21482.209604: system_heap_do_allocate.constprop.0 <-system_uncached_heap_allocate
 mppjpegenc0:src-23621   [003] ..... 21482.223417: system_heap_dma_buf_release <-dma_buf_release
      queue0:src-23614   [001] ..... 21482.242852: system_heap_do_allocate.constprop.0 <-system_uncached_heap_allocate
 mppjpegenc0:src-23621   [003] ..... 21482.256999: system_heap_dma_buf_release <-dma_buf_release
      queue0:src-23614   [001] ..... 21482.276167: system_heap_do_allocate.constprop.0 <-system_uncached_heap_allocate
 mppjpegenc0:src-23621   [003] ..... 21482.290293: system_heap_dma_buf_release <-dma_buf_release
      queue0:src-23614   [001] ..... 21482.309448: system_heap_do_allocate.constprop.0 <-system_uncached_heap_allocate
 mppjpegenc0:src-23621   [003] ..... 21482.323515: system_heap_dma_buf_release <-dma_buf_release
      queue0:src-23614   [001] ..... 21482.342705: system_heap_do_allocate.constprop.0 <-system_uncached_heap_allocate
 mppjpegenc0:src-23621   [003] ..... 21482.356979: system_heap_dma_buf_release <-dma_buf_release
      queue0:src-23614   [001] ..... 21482.376052: system_heap_do_allocate.constprop.0 <-system_uncached_heap_allocate
 mppjpegenc0:src-23621   [002] ..... 21482.391237: system_heap_dma_buf_release <-dma_buf_release
      queue0:src-23614   [001] ..... 21482.409299: system_heap_do_allocate.constprop.0 <-system_uncached_heap_allocate
 mppjpegenc0:src-23621   [002] ..... 21482.423203: system_heap_dma_buf_release <-dma_buf_release
      queue0:src-23614   [001] ..... 21482.442563: system_heap_do_allocate.constprop.0 <-system_uncached_heap_allocate
 mppjpegenc0:src-23621   [002] ..... 21482.456537: system_heap_dma_buf_release <-dma_buf_release
      queue0:src-23614   [001] ..... 21482.475845: system_heap_do_allocate.constprop.0 <-system_uncached_heap_allocate
 mppjpegenc0:src-23621   [002] ..... 21482.490134: system_heap_dma_buf_release <-dma_buf_release
      queue0:src-23614   [001] ..... 21482.509130: system_heap_do_allocate.constprop.0 <-system_uncached_heap_allocate
 mppjpegenc0:src-23621   [002] ..... 21482.523323: system_heap_dma_buf_release <-dma_buf_release
      queue0:src-23614   [001] ..... 21482.542408: system_heap_do_allocate.constprop.0 <-system_uncached_heap_allocate
 mppjpegenc0:src-23621   [002] ..... 21482.556600: system_heap_dma_buf_release <-dma_buf_release
      queue0:src-23614   [001] ..... 21482.575696: system_heap_do_allocate.constprop.0 <-system_uncached_heap_allocate
 mppjpegenc0:src-23621   [002] ..... 21482.589770: system_heap_dma_buf_release <-dma_buf_release
      queue0:src-23614   [001] ..... 21482.608967: system_heap_do_allocate.constprop.0 <-system_uncached_heap_allocate
 mppjpegenc0:src-23621   [002] ..... 21482.623012: system_heap_dma_buf_release <-dma_buf_release
      queue0:src-23614   [001] ..... 21482.642244: system_heap_do_allocate.constprop.0 <-system_uncached_heap_allocate
 mppjpegenc0:src-23621   [002] ..... 21482.656313: system_heap_dma_buf_release <-dma_buf_release
      queue0:src-23614   [001] ..... 21482.675513: system_heap_do_allocate.constprop.0 <-system_uncached_heap_allocate
 mppjpegenc0:src-23621   [002] ..... 21482.689639: system_heap_dma_buf_release <-dma_buf_release
      queue0:src-23614   [001] ..... 21482.708802: system_heap_do_allocate.constprop.0 <-system_uncached_heap_allocate
 mppjpegenc0:src-23621   [002] ..... 21482.722713: system_heap_dma_buf_release <-dma_buf_release
      queue0:src-23614   [001] ..... 21482.742090: system_heap_do_allocate.constprop.0 <-system_uncached_heap_allocate
 mppjpegenc0:src-23621   [002] ..... 21482.756031: system_heap_dma_buf_release <-dma_buf_release
      queue0:src-23614   [001] ..... 21482.775338: system_heap_do_allocate.constprop.0 <-system_uncached_heap_allocate
 mppjpegenc0:src-23621   [002] ..... 21482.789477: system_heap_dma_buf_release <-dma_buf_release
      queue0:src-23614   [002] ..... 21482.808611: system_heap_do_allocate.constprop.0 <-system_uncached_heap_allocate
 mppjpegenc0:src-23621   [003] ..... 21482.822707: system_heap_dma_buf_release <-dma_buf_release
      queue0:src-23614   [002] ..... 21482.841924: system_heap_do_allocate.constprop.0 <-system_uncached_heap_allocate
 mppjpegenc0:src-23621   [003] ..... 21482.856038: system_heap_dma_buf_release <-dma_buf_release
      queue0:src-23614   [002] ..... 21482.875176: system_heap_do_allocate.constprop.0 <-system_uncached_heap_allocate
 mppjpegenc0:src-23621   [003] ..... 21482.889272: system_heap_dma_buf_release <-dma_buf_release
      queue0:src-23614   [002] ..... 21482.908487: system_heap_do_allocate.constprop.0 <-system_uncached_heap_allocate
 mppjpegenc0:src-23621   [003] ..... 21482.922704: system_heap_dma_buf_release <-dma_buf_release
      queue0:src-23614   [002] ..... 21482.941768: system_heap_do_allocate.constprop.0 <-system_uncached_heap_allocate
 mppjpegenc0:src-23621   [003] ..... 21482.956197: system_heap_dma_buf_release <-dma_buf_release
      queue0:src-23614   [002] ..... 21482.975006: system_heap_do_allocate.constprop.0 <-system_uncached_heap_allocate
 mppjpegenc0:src-23621   [003] ..... 21482.989380: system_heap_dma_buf_release <-dma_buf_release
      queue0:src-23614   [002] ..... 21483.008329: system_heap_do_allocate.constprop.0 <-system_uncached_heap_allocate
 mppjpegenc0:src-23621   [003] ..... 21483.023277: system_heap_dma_buf_release <-dma_buf_release
      queue0:src-23614   [002] ..... 21483.041610: system_heap_do_allocate.constprop.0 <-system_uncached_heap_allocate
 mppjpegenc0:src-23621   [003] ..... 21483.055660: system_heap_dma_buf_release <-dma_buf_release
      queue0:src-23614   [002] ..... 21483.074859: system_heap_do_allocate.constprop.0 <-system_uncached_heap_allocate
 mppjpegenc0:src-23621   [003] ..... 21483.089589: system_heap_dma_buf_release <-dma_buf_release
      queue0:src-23614   [002] ..... 21483.108168: system_heap_do_allocate.constprop.0 <-system_uncached_heap_allocate
 mppjpegenc0:src-23621   [003] ..... 21483.121800: system_heap_dma_buf_release <-dma_buf_release
      queue0:src-23614   [002] ..... 21483.141456: system_heap_do_allocate.constprop.0 <-system_uncached_heap_allocate
 mppjpegenc0:src-23621   [003] ..... 21483.155012: system_heap_dma_buf_release <-dma_buf_release
      queue0:src-23614   [002] ..... 21483.174723: system_heap_do_allocate.constprop.0 <-system_uncached_heap_allocate
 mppjpegenc0:src-23621   [003] ..... 21483.188424: system_heap_dma_buf_release <-dma_buf_release
      queue0:src-23614   [001] ..... 21483.208027: system_heap_do_allocate.constprop.0 <-system_uncached_heap_allocate
 mppjpegenc0:src-23621   [003] ..... 21483.221755: system_heap_dma_buf_release <-dma_buf_release
      queue0:src-23614   [001] ..... 21483.241291: system_heap_do_allocate.constprop.0 <-system_uncached_heap_allocate
 mppjpegenc0:src-23621   [002] ..... 21483.254857: system_heap_dma_buf_release <-dma_buf_release
      queue0:src-23614   [001] ..... 21483.274565: system_heap_do_allocate.constprop.0 <-system_uncached_heap_allocate
 mppjpegenc0:src-23621   [002] ..... 21483.288067: system_heap_dma_buf_release <-dma_buf_release
      queue0:src-23614   [001] ..... 21483.307826: system_heap_do_allocate.constprop.0 <-system_uncached_heap_allocate
 mppjpegenc0:src-23621   [002] ..... 21483.321720: system_heap_dma_buf_release <-dma_buf_release
      queue0:src-23614   [001] ..... 21483.341127: system_heap_do_allocate.constprop.0 <-system_uncached_heap_allocate
 mppjpegenc0:src-23621   [002] ..... 21483.354722: system_heap_dma_buf_release <-dma_buf_release
      queue0:src-23614   [001] ..... 21483.374381: system_heap_do_allocate.constprop.0 <-system_uncached_heap_allocate
 mppjpegenc0:src-23621   [003] ..... 21483.387923: system_heap_dma_buf_release <-dma_buf_release
      queue0:src-23614   [001] ..... 21483.407749: system_heap_do_allocate.constprop.0 <-system_uncached_heap_allocate
 mppjpegenc0:src-23621   [003] ..... 21483.421778: system_heap_dma_buf_release <-dma_buf_release
      queue0:src-23614   [001] ..... 21483.440964: system_heap_do_allocate.constprop.0 <-system_uncached_heap_allocate
 mppjpegenc0:src-23621   [002] ..... 21483.454695: system_heap_dma_buf_release <-dma_buf_release
      queue0:src-23614   [001] ..... 21483.474202: system_heap_do_allocate.constprop.0 <-system_uncached_heap_allocate
 mppjpegenc0:src-23621   [002] ..... 21483.487871: system_heap_dma_buf_release <-dma_buf_release
      queue0:src-23614   [001] ..... 21483.507503: system_heap_do_allocate.constprop.0 <-system_uncached_heap_allocate
 mppjpegenc0:src-23621   [002] ..... 21483.521086: system_heap_dma_buf_release <-dma_buf_release
      queue0:src-23614   [001] ..... 21483.540824: system_heap_do_allocate.constprop.0 <-system_uncached_heap_allocate
 mppjpegenc0:src-23621   [002] ..... 21483.554541: system_heap_dma_buf_release <-dma_buf_release
      queue0:src-23614   [001] ..... 21483.574086: system_heap_do_allocate.constprop.0 <-system_uncached_heap_allocate
 mppjpegenc0:src-23621   [002] ..... 21483.587548: system_heap_dma_buf_release <-dma_buf_release
      queue0:src-23614   [001] ..... 21483.607343: system_heap_do_allocate.constprop.0 <-system_uncached_heap_allocate
 mppjpegenc0:src-23621   [002] ..... 21483.621034: system_heap_dma_buf_release <-dma_buf_release
      queue0:src-23614   [001] ..... 21483.640642: system_heap_do_allocate.constprop.0 <-system_uncached_heap_allocate
 mppjpegenc0:src-23621   [002] ..... 21483.654142: system_heap_dma_buf_release <-dma_buf_release
      queue0:src-23614   [001] ..... 21483.673926: system_heap_do_allocate.constprop.0 <-system_uncached_heap_allocate
 mppjpegenc0:src-23621   [002] ..... 21483.687296: system_heap_dma_buf_release <-dma_buf_release
      queue0:src-23614   [001] ..... 21483.707172: system_heap_do_allocate.constprop.0 <-system_uncached_heap_allocate
 mppjpegenc0:src-23621   [002] ..... 21483.720768: system_heap_dma_buf_release <-dma_buf_release
      queue0:src-23614   [001] ..... 21483.740504: system_heap_do_allocate.constprop.0 <-system_uncached_heap_allocate
 mppjpegenc0:src-23621   [002] ..... 21483.754139: system_heap_dma_buf_release <-dma_buf_release
      queue0:src-23614   [001] ..... 21483.773759: system_heap_do_allocate.constprop.0 <-system_uncached_heap_allocate
 mppjpegenc0:src-23621   [002] ..... 21483.787163: system_heap_dma_buf_release <-dma_buf_release
      queue0:src-23614   [001] ..... 21483.806999: system_heap_do_allocate.constprop.0 <-system_uncached_heap_allocate
 mppjpegenc0:src-23621   [002] ..... 21483.820534: system_heap_dma_buf_release <-dma_buf_release
      queue0:src-23614   [001] ..... 21483.840332: system_heap_do_allocate.constprop.0 <-system_uncached_heap_allocate
 mppjpegenc0:src-23621   [002] ..... 21483.854002: system_heap_dma_buf_release <-dma_buf_release
      queue0:src-23614   [001] ..... 21483.873603: system_heap_do_allocate.constprop.0 <-system_uncached_heap_allocate
 mppjpegenc0:src-23621   [002] ..... 21483.887097: system_heap_dma_buf_release <-dma_buf_release
      queue0:src-23614   [001] ..... 21483.906850: system_heap_do_allocate.constprop.0 <-system_uncached_heap_allocate
 mppjpegenc0:src-23621   [002] ..... 21483.920336: system_heap_dma_buf_release <-dma_buf_release
      queue0:src-23614   [001] ..... 21483.940196: system_heap_do_allocate.constprop.0 <-system_uncached_heap_allocate
 mppjpegenc0:src-23621   [002] ..... 21483.953790: system_heap_dma_buf_release <-dma_buf_release
      queue0:src-23614   [001] ..... 21483.973443: system_heap_do_allocate.constprop.0 <-system_uncached_heap_allocate
 mppjpegenc0:src-23621   [002] ..... 21483.987039: system_heap_dma_buf_release <-dma_buf_release
      queue0:src-23614   [001] ..... 21484.006724: system_heap_do_allocate.constprop.0 <-system_uncached_heap_allocate
 mppjpegenc0:src-23621   [002] ..... 21484.020422: system_heap_dma_buf_release <-dma_buf_release
      queue0:src-23614   [001] ..... 21484.040021: system_heap_do_allocate.constprop.0 <-system_uncached_heap_allocate
 mppjpegenc0:src-23621   [002] ..... 21484.053950: system_heap_dma_buf_release <-dma_buf_release
      queue0:src-23614   [001] ..... 21484.073286: system_heap_do_allocate.constprop.0 <-system_uncached_heap_allocate
 mppjpegenc0:src-23621   [002] ..... 21484.086829: system_heap_dma_buf_release <-dma_buf_release
      queue0:src-23614   [001] ..... 21484.106565: system_heap_do_allocate.constprop.0 <-system_uncached_heap_allocate
 mppjpegenc0:src-23621   [002] ..... 21484.120262: system_heap_dma_buf_release <-dma_buf_release
      queue0:src-23614   [001] ..... 21484.139848: system_heap_do_allocate.constprop.0 <-system_uncached_heap_allocate
 mppjpegenc0:src-23621   [002] ..... 21484.153562: system_heap_dma_buf_release <-dma_buf_release
      queue0:src-23614   [001] ..... 21484.173121: system_heap_do_allocate.constprop.0 <-system_uncached_heap_allocate
 mppjpegenc0:src-23621   [002] ..... 21484.186751: system_heap_dma_buf_release <-dma_buf_release
      queue0:src-23614   [001] ..... 21484.206397: system_heap_do_allocate.constprop.0 <-system_uncached_heap_allocate
 mppjpegenc0:src-23621   [002] ..... 21484.221028: system_heap_dma_buf_release <-dma_buf_release
      queue0:src-23614   [001] ..... 21484.239709: system_heap_do_allocate.constprop.0 <-system_uncached_heap_allocate
 mppjpegenc0:src-23621   [002] ..... 21484.253426: system_heap_dma_buf_release <-dma_buf_release
      queue0:src-23614   [001] ..... 21484.272964: system_heap_do_allocate.constprop.0 <-system_uncached_heap_allocate
 mppjpegenc0:src-23621   [002] ..... 21484.286704: system_heap_dma_buf_release <-dma_buf_release
      queue0:src-23614   [001] ..... 21484.306246: system_heap_do_allocate.constprop.0 <-system_uncached_heap_allocate
 mppjpegenc0:src-23621   [002] ..... 21484.320810: system_heap_dma_buf_release <-dma_buf_release
      queue0:src-23614   [001] ..... 21484.339529: system_heap_do_allocate.constprop.0 <-system_uncached_heap_allocate
 mppjpegenc0:src-23621   [002] ..... 21484.353194: system_heap_dma_buf_release <-dma_buf_release
      queue0:src-23614   [001] ..... 21484.372807: system_heap_do_allocate.constprop.0 <-system_uncached_heap_allocate
 mppjpegenc0:src-23621   [002] ..... 21484.386401: system_heap_dma_buf_release <-dma_buf_release
      queue0:src-23614   [001] ..... 21484.406081: system_heap_do_allocate.constprop.0 <-system_uncached_heap_allocate
 mppjpegenc0:src-23621   [003] ..... 21484.419943: system_heap_dma_buf_release <-dma_buf_release
      queue0:src-23614   [001] ..... 21484.439348: system_heap_do_allocate.constprop.0 <-system_uncached_heap_allocate
 mppjpegenc0:src-23621   [002] ..... 21484.453211: system_heap_dma_buf_release <-dma_buf_release
      queue0:src-23614   [001] ..... 21484.472645: system_heap_do_allocate.constprop.0 <-system_uncached_heap_allocate
 mppjpegenc0:src-23621   [002] ..... 21484.486210: system_heap_dma_buf_release <-dma_buf_release
      queue0:src-23614   [001] ..... 21484.505928: system_heap_do_allocate.constprop.0 <-system_uncached_heap_allocate
 mppjpegenc0:src-23621   [002] ..... 21484.519473: system_heap_dma_buf_release <-dma_buf_release
      queue0:src-23614   [001] ..... 21484.539181: system_heap_do_allocate.constprop.0 <-system_uncached_heap_allocate
 mppjpegenc0:src-23621   [002] ..... 21484.552921: system_heap_dma_buf_release <-dma_buf_release
      queue0:src-23614   [001] ..... 21484.572480: system_heap_do_allocate.constprop.0 <-system_uncached_heap_allocate
 mppjpegenc0:src-23621   [002] ..... 21484.585982: system_heap_dma_buf_release <-dma_buf_release
      queue0:src-23614   [001] ..... 21484.605764: system_heap_do_allocate.constprop.0 <-system_uncached_heap_allocate
 mppjpegenc0:src-23621   [002] ..... 21484.619308: system_heap_dma_buf_release <-dma_buf_release
      queue0:src-23614   [001] ..... 21484.639022: system_heap_do_allocate.constprop.0 <-system_uncached_heap_allocate
 mppjpegenc0:src-23621   [002] ..... 21484.652670: system_heap_dma_buf_release <-dma_buf_release
      queue0:src-23614   [001] ..... 21484.672274: system_heap_do_allocate.constprop.0 <-system_uncached_heap_allocate
 mppjpegenc0:src-23621   [002] ..... 21484.685905: system_heap_dma_buf_release <-dma_buf_release
      queue0:src-23614   [001] ..... 21484.705599: system_heap_do_allocate.constprop.0 <-system_uncached_heap_allocate
 mppjpegenc0:src-23621   [002] ..... 21484.719096: system_heap_dma_buf_release <-dma_buf_release
      queue0:src-23614   [001] ..... 21484.738791: system_heap_do_allocate.constprop.0 <-system_uncached_heap_allocate
 mppjpegenc0:src-23621   [002] ..... 21484.752339: system_heap_dma_buf_release <-dma_buf_release
      queue0:src-23614   [001] ..... 21484.772172: system_heap_do_allocate.constprop.0 <-system_uncached_heap_allocate
 mppjpegenc0:src-23621   [002] ..... 21484.786055: system_heap_dma_buf_release <-dma_buf_release
      queue0:src-23614   [001] ..... 21484.805443: system_heap_do_allocate.constprop.0 <-system_uncached_heap_allocate
 mppjpegenc0:src-23621   [002] ..... 21484.819153: system_heap_dma_buf_release <-dma_buf_release
      queue0:src-23614   [001] ..... 21484.838700: system_heap_do_allocate.constprop.0 <-system_uncached_heap_allocate
 mppjpegenc0:src-23621   [002] ..... 21484.852239: system_heap_dma_buf_release <-dma_buf_release
      queue0:src-23614   [001] ..... 21484.872015: system_heap_do_allocate.constprop.0 <-system_uncached_heap_allocate
 mppjpegenc0:src-23621   [002] ..... 21484.885639: system_heap_dma_buf_release <-dma_buf_release
      queue0:src-23614   [001] ..... 21484.905287: system_heap_do_allocate.constprop.0 <-system_uncached_heap_allocate
 mppjpegenc0:src-23621   [002] ..... 21484.919168: system_heap_dma_buf_release <-dma_buf_release
      queue0:src-23614   [001] ..... 21484.938570: system_heap_do_allocate.constprop.0 <-system_uncached_heap_allocate
 mppjpegenc0:src-23621   [002] ..... 21484.952227: system_heap_dma_buf_release <-dma_buf_release
      queue0:src-23614   [001] ..... 21484.971845: system_heap_do_allocate.constprop.0 <-system_uncached_heap_allocate
 mppjpegenc0:src-23621   [002] ..... 21484.985464: system_heap_dma_buf_release <-dma_buf_release
      queue0:src-23614   [001] ..... 21485.005063: system_heap_do_allocate.constprop.0 <-system_uncached_heap_allocate
 mppjpegenc0:src-23621   [002] ..... 21485.018637: system_heap_dma_buf_release <-dma_buf_release
      queue0:src-23614   [001] ..... 21485.038378: system_heap_do_allocate.constprop.0 <-system_uncached_heap_allocate
 mppjpegenc0:src-23621   [002] ..... 21485.053044: system_heap_dma_buf_release <-dma_buf_release
      queue0:src-23614   [001] ..... 21485.071705: system_heap_do_allocate.constprop.0 <-system_uncached_heap_allocate
 mppjpegenc0:src-23621   [002] ..... 21485.085527: system_heap_dma_buf_release <-dma_buf_release
      queue0:src-23614   [001] ..... 21485.104931: system_heap_do_allocate.constprop.0 <-system_uncached_heap_allocate
 mppjpegenc0:src-23621   [002] ..... 21485.118537: system_heap_dma_buf_release <-dma_buf_release
      queue0:src-23614   [001] ..... 21485.138247: system_heap_do_allocate.constprop.0 <-system_uncached_heap_allocate
 mppjpegenc0:src-23621   [002] ..... 21485.151807: system_heap_dma_buf_release <-dma_buf_release
      queue0:src-23614   [001] ..... 21485.171529: system_heap_do_allocate.constprop.0 <-system_uncached_heap_allocate
 mppjpegenc0:src-23621   [002] ..... 21485.185228: system_heap_dma_buf_release <-dma_buf_release
      queue0:src-23614   [001] ..... 21485.204811: system_heap_do_allocate.constprop.0 <-system_uncached_heap_allocate
 mppjpegenc0:src-23621   [002] ..... 21485.218449: system_heap_dma_buf_release <-dma_buf_release
      queue0:src-23614   [001] ..... 21485.238084: system_heap_do_allocate.constprop.0 <-system_uncached_heap_allocate
 mppjpegenc0:src-23621   [002] ..... 21485.251664: system_heap_dma_buf_release <-dma_buf_release
      queue0:src-23614   [001] ..... 21485.271341: system_heap_do_allocate.constprop.0 <-system_uncached_heap_allocate
 mppjpegenc0:src-23621   [003] ..... 21485.284919: system_heap_dma_buf_release <-dma_buf_release
      queue0:src-23614   [001] ..... 21485.304564: system_heap_do_allocate.constprop.0 <-system_uncached_heap_allocate
 mppjpegenc0:src-23621   [003] ..... 21485.318192: system_heap_dma_buf_release <-dma_buf_release
      queue0:src-23614   [001] ..... 21485.337900: system_heap_do_allocate.constprop.0 <-system_uncached_heap_allocate
 mppjpegenc0:src-23621   [003] ..... 21485.352269: system_heap_dma_buf_release <-dma_buf_release
      queue0:src-23614   [001] ..... 21485.371206: system_heap_do_allocate.constprop.0 <-system_uncached_heap_allocate
 mppjpegenc0:src-23621   [002] ..... 21485.385153: system_heap_dma_buf_release <-dma_buf_release
      queue0:src-23614   [001] ..... 21485.404486: system_heap_do_allocate.constprop.0 <-system_uncached_heap_allocate
 mppjpegenc0:src-23621   [002] ..... 21485.418118: system_heap_dma_buf_release <-dma_buf_release
      queue0:src-23614   [002] ..... 21485.437853: system_heap_do_allocate.constprop.0 <-system_uncached_heap_allocate
 mppjpegenc0:src-23621   [003] ..... 21485.451906: system_heap_dma_buf_release <-dma_buf_release
      queue0:src-23614   [001] ..... 21485.471016: system_heap_do_allocate.constprop.0 <-system_uncached_heap_allocate
 mppjpegenc0:src-23621   [003] ..... 21485.484649: system_heap_dma_buf_release <-dma_buf_release
      queue0:src-23614   [001] ..... 21485.504294: system_heap_do_allocate.constprop.0 <-system_uncached_heap_allocate
 mppjpegenc0:src-23621   [003] ..... 21485.517933: system_heap_dma_buf_release <-dma_buf_release
      queue0:src-23614   [001] ..... 21485.537604: system_heap_do_allocate.constprop.0 <-system_uncached_heap_allocate
 mppjpegenc0:src-23621   [002] ..... 21485.551125: system_heap_dma_buf_release <-dma_buf_release
      queue0:src-23614   [001] ..... 21485.570793: system_heap_do_allocate.constprop.0 <-system_uncached_heap_allocate
 mppjpegenc0:src-23621   [002] ..... 21485.584358: system_heap_dma_buf_release <-dma_buf_release
      queue0:src-23614   [001] ..... 21485.604171: system_heap_do_allocate.constprop.0 <-system_uncached_heap_allocate
 mppjpegenc0:src-23621   [002] ..... 21485.618401: system_heap_dma_buf_release <-dma_buf_release
      queue0:src-23614   [001] ..... 21485.637445: system_heap_do_allocate.constprop.0 <-system_uncached_heap_allocate
 mppjpegenc0:src-23621   [002] ..... 21485.651101: system_heap_dma_buf_release <-dma_buf_release
      queue0:src-23614   [001] ..... 21485.670720: system_heap_do_allocate.constprop.0 <-system_uncached_heap_allocate
 mppjpegenc0:src-23621   [002] ..... 21485.684217: system_heap_dma_buf_release <-dma_buf_release
      queue0:src-23614   [001] ..... 21485.704006: system_heap_do_allocate.constprop.0 <-system_uncached_heap_allocate
 mppjpegenc0:src-23621   [002] ..... 21485.717678: system_heap_dma_buf_release <-dma_buf_release
      queue0:src-23614   [001] ..... 21485.737284: system_heap_do_allocate.constprop.0 <-system_uncached_heap_allocate
 mppjpegenc0:src-23621   [002] ..... 21485.751023: system_heap_dma_buf_release <-dma_buf_release
      queue0:src-23614   [001] ..... 21485.770561: system_heap_do_allocate.constprop.0 <-system_uncached_heap_allocate
 mppjpegenc0:src-23621   [002] ..... 21485.784106: system_heap_dma_buf_release <-dma_buf_release
      queue0:src-23614   [001] ..... 21485.803859: system_heap_do_allocate.constprop.0 <-system_uncached_heap_allocate
 mppjpegenc0:src-23621   [002] ..... 21485.817491: system_heap_dma_buf_release <-dma_buf_release
      queue0:src-23614   [001] ..... 21485.837123: system_heap_do_allocate.constprop.0 <-system_uncached_heap_allocate
 mppjpegenc0:src-23621   [002] ..... 21485.850807: system_heap_dma_buf_release <-dma_buf_release
      queue0:src-23614   [001] ..... 21485.870359: system_heap_do_allocate.constprop.0 <-system_uncached_heap_allocate
 mppjpegenc0:src-23621   [002] ..... 21485.885022: system_heap_dma_buf_release <-dma_buf_release
      queue0:src-23614   [001] ..... 21485.903663: system_heap_do_allocate.constprop.0 <-system_uncached_heap_allocate
 mppjpegenc0:src-23621   [002] ..... 21485.917325: system_heap_dma_buf_release <-dma_buf_release
      queue0:src-23614   [001] ..... 21485.936961: system_heap_do_allocate.constprop.0 <-system_uncached_heap_allocate
 mppjpegenc0:src-23621   [002] ..... 21485.950576: system_heap_dma_buf_release <-dma_buf_release
      queue0:src-23614   [001] ..... 21485.970208: system_heap_do_allocate.constprop.0 <-system_uncached_heap_allocate
 mppjpegenc0:src-23621   [002] ..... 21485.983822: system_heap_dma_buf_release <-dma_buf_release
      queue0:src-23614   [001] ..... 21486.003461: system_heap_do_allocate.constprop.0 <-system_uncached_heap_allocate
 mppjpegenc0:src-23621   [002] ..... 21486.017117: system_heap_dma_buf_release <-dma_buf_release
      queue0:src-23614   [001] ..... 21486.036805: system_heap_do_allocate.constprop.0 <-system_uncached_heap_allocate
 mppjpegenc0:src-23621   [002] ..... 21486.050409: system_heap_dma_buf_release <-dma_buf_release
      queue0:src-23614   [001] ..... 21486.070081: system_heap_do_allocate.constprop.0 <-system_uncached_heap_allocate
 mppjpegenc0:src-23621   [002] ..... 21486.084487: system_heap_dma_buf_release <-dma_buf_release
      queue0:src-23614   [001] ..... 21486.103279: system_heap_do_allocate.constprop.0 <-system_uncached_heap_allocate
 mppjpegenc0:src-23621   [002] ..... 21486.117463: system_heap_dma_buf_release <-dma_buf_release
      queue0:src-23614   [001] ..... 21486.136644: system_heap_do_allocate.constprop.0 <-system_uncached_heap_allocate
 mppjpegenc0:src-23621   [002] ..... 21486.150360: system_heap_dma_buf_release <-dma_buf_release
      queue0:src-23614   [001] ..... 21486.169922: system_heap_do_allocate.constprop.0 <-system_uncached_heap_allocate
 mppjpegenc0:src-23621   [002] ..... 21486.183344: system_heap_dma_buf_release <-dma_buf_release
      queue0:src-23614   [001] ..... 21486.203117: system_heap_do_allocate.constprop.0 <-system_uncached_heap_allocate
 mppjpegenc0:src-23621   [002] ..... 21486.216716: system_heap_dma_buf_release <-dma_buf_release
      queue0:src-23614   [001] ..... 21486.236479: system_heap_do_allocate.constprop.0 <-system_uncached_heap_allocate
 mppjpegenc0:src-23621   [002] ..... 21486.250091: system_heap_dma_buf_release <-dma_buf_release
      queue0:src-23614   [001] ..... 21486.269761: system_heap_do_allocate.constprop.0 <-system_uncached_heap_allocate
 mppjpegenc0:src-23621   [002] ..... 21486.283846: system_heap_dma_buf_release <-dma_buf_release
      queue0:src-23614   [001] ..... 21486.302981: system_heap_do_allocate.constprop.0 <-system_uncached_heap_allocate
 mppjpegenc0:src-23621   [002] ..... 21486.316539: system_heap_dma_buf_release <-dma_buf_release
      queue0:src-23614   [001] ..... 21486.336328: system_heap_do_allocate.constprop.0 <-system_uncached_heap_allocate
 mppjpegenc0:src-23621   [002] ..... 21486.349902: system_heap_dma_buf_release <-dma_buf_release
      queue0:src-23614   [003] ..... 21486.369579: system_heap_do_allocate.constprop.0 <-system_uncached_heap_allocate
 mppjpegenc0:src-23621   [002] ..... 21486.383473: system_heap_dma_buf_release <-dma_buf_release
      queue0:src-23614   [003] ..... 21486.402879: system_heap_do_allocate.constprop.0 <-system_uncached_heap_allocate
 mppjpegenc0:src-23621   [002] ..... 21486.416655: system_heap_dma_buf_release <-dma_buf_release
      queue0:src-23614   [003] ..... 21486.436172: system_heap_do_allocate.constprop.0 <-system_uncached_heap_allocate
 mppjpegenc0:src-23621   [003] ..... 21486.449954: system_heap_dma_buf_release <-dma_buf_release
      queue0:src-23614   [003] ..... 21486.469439: system_heap_do_allocate.constprop.0 <-system_uncached_heap_allocate
 mppjpegenc0:src-23621   [002] ..... 21486.483335: system_heap_dma_buf_release <-dma_buf_release
      queue0:src-23614   [003] ..... 21486.502718: system_heap_do_allocate.constprop.0 <-system_uncached_heap_allocate
 mppjpegenc0:src-23621   [002] ..... 21486.516467: system_heap_dma_buf_release <-dma_buf_release
      queue0:src-23614   [003] ..... 21486.536008: system_heap_do_allocate.constprop.0 <-system_uncached_heap_allocate
 mppjpegenc0:src-23621   [002] ..... 21486.550243: system_heap_dma_buf_release <-dma_buf_release
      queue0:src-23614   [003] ..... 21486.569286: system_heap_do_allocate.constprop.0 <-system_uncached_heap_allocate
 mppjpegenc0:src-23621   [002] ..... 21486.583073: system_heap_dma_buf_release <-dma_buf_release
      queue0:src-23614   [003] ..... 21486.602566: system_heap_do_allocate.constprop.0 <-system_uncached_heap_allocate
 mppjpegenc0:src-23621   [002] ..... 21486.616311: system_heap_dma_buf_release <-dma_buf_release
      queue0:src-23614   [003] ..... 21486.635802: system_heap_do_allocate.constprop.0 <-system_uncached_heap_allocate
 mppjpegenc0:src-23621   [001] ..... 21486.650606: system_heap_dma_buf_release <-dma_buf_release
      queue0:src-23614   [001] ..... 21486.669106: system_heap_do_allocate.constprop.0 <-system_uncached_heap_allocate
 mppjpegenc0:src-23621   [003] ..... 21486.682771: system_heap_dma_buf_release <-dma_buf_release
      queue0:src-23614   [001] ..... 21486.702377: system_heap_do_allocate.constprop.0 <-system_uncached_heap_allocate
 mppjpegenc0:src-23621   [003] ..... 21486.715825: system_heap_dma_buf_release <-dma_buf_release
      queue0:src-23614   [001] ..... 21486.735683: system_heap_do_allocate.constprop.0 <-system_uncached_heap_allocate
 mppjpegenc0:src-23621   [003] ..... 21486.749399: system_heap_dma_buf_release <-dma_buf_release
      queue0:src-23614   [001] ..... 21486.768958: system_heap_do_allocate.constprop.0 <-system_uncached_heap_allocate
 mppjpegenc0:src-23621   [003] ..... 21486.782551: system_heap_dma_buf_release <-dma_buf_release
      queue0:src-23614   [001] ..... 21486.802188: system_heap_do_allocate.constprop.0 <-system_uncached_heap_allocate
 mppjpegenc0:src-23621   [003] ..... 21486.815610: system_heap_dma_buf_release <-dma_buf_release
      queue0:src-23614   [001] ..... 21486.835448: system_heap_do_allocate.constprop.0 <-system_uncached_heap_allocate
 mppjpegenc0:src-23621   [003] ..... 21486.849104: system_heap_dma_buf_release <-dma_buf_release
      queue0:src-23614   [001] ..... 21486.868796: system_heap_do_allocate.constprop.0 <-system_uncached_heap_allocate
 mppjpegenc0:src-23621   [003] ..... 21486.882289: system_heap_dma_buf_release <-dma_buf_release
      queue0:src-23614   [001] ..... 21486.902073: system_heap_do_allocate.constprop.0 <-system_uncached_heap_allocate
 mppjpegenc0:src-23621   [003] ..... 21486.915571: system_heap_dma_buf_release <-dma_buf_release
      queue0:src-23614   [001] ..... 21486.935265: system_heap_do_allocate.constprop.0 <-system_uncached_heap_allocate
 mppjpegenc0:src-23621   [003] ..... 21486.948867: system_heap_dma_buf_release <-dma_buf_release
      queue0:src-23614   [001] ..... 21486.968641: system_heap_do_allocate.constprop.0 <-system_uncached_heap_allocate
 mppjpegenc0:src-23621   [003] ..... 21486.982235: system_heap_dma_buf_release <-dma_buf_release
      queue0:src-23614   [001] ..... 21487.001917: system_heap_do_allocate.constprop.0 <-system_uncached_heap_allocate
 mppjpegenc0:src-23621   [003] ..... 21487.015268: system_heap_dma_buf_release <-dma_buf_release
      queue0:src-23614   [001] ..... 21487.035108: system_heap_do_allocate.constprop.0 <-system_uncached_heap_allocate
 mppjpegenc0:src-23621   [003] ..... 21487.048702: system_heap_dma_buf_release <-dma_buf_release
      queue0:src-23614   [001] ..... 21487.068478: system_heap_do_allocate.constprop.0 <-system_uncached_heap_allocate
 mppjpegenc0:src-23621   [003] ..... 21487.082136: system_heap_dma_buf_release <-dma_buf_release
      queue0:src-23614   [001] ..... 21487.101753: system_heap_do_allocate.constprop.0 <-system_uncached_heap_allocate
 mppjpegenc0:src-23621   [003] ..... 21487.115096: system_heap_dma_buf_release <-dma_buf_release
      queue0:src-23614   [001] ..... 21487.134956: system_heap_do_allocate.constprop.0 <-system_uncached_heap_allocate
 mppjpegenc0:src-23621   [003] ..... 21487.148494: system_heap_dma_buf_release <-dma_buf_release
      queue0:src-23614   [001] ..... 21487.168319: system_heap_do_allocate.constprop.0 <-system_uncached_heap_allocate
 mppjpegenc0:src-23621   [003] ..... 21487.181944: system_heap_dma_buf_release <-dma_buf_release
      queue0:src-23614   [001] ..... 21487.201594: system_heap_do_allocate.constprop.0 <-system_uncached_heap_allocate
 mppjpegenc0:src-23621   [003] ..... 21487.215140: system_heap_dma_buf_release <-dma_buf_release
      queue0:src-23614   [001] ..... 21487.234794: system_heap_do_allocate.constprop.0 <-system_uncached_heap_allocate
 mppjpegenc0:src-23621   [003] ..... 21487.248292: system_heap_dma_buf_release <-dma_buf_release
      queue0:src-23614   [001] ..... 21487.268164: system_heap_do_allocate.constprop.0 <-system_uncached_heap_allocate
 mppjpegenc0:src-23621   [003] ..... 21487.281728: system_heap_dma_buf_release <-dma_buf_release
      queue0:src-23614   [001] ..... 21487.301437: system_heap_do_allocate.constprop.0 <-system_uncached_heap_allocate
 mppjpegenc0:src-23621   [003] ..... 21487.314852: system_heap_dma_buf_release <-dma_buf_release
      queue0:src-23614   [001] ..... 21487.334671: system_heap_do_allocate.constprop.0 <-system_uncached_heap_allocate
 mppjpegenc0:src-23621   [003] ..... 21487.348240: system_heap_dma_buf_release <-dma_buf_release
      queue0:src-23614   [001] ..... 21487.368000: system_heap_do_allocate.constprop.0 <-system_uncached_heap_allocate
 mppjpegenc0:src-23621   [003] ..... 21487.381547: system_heap_dma_buf_release <-dma_buf_release
      queue0:src-23614   [001] ..... 21487.401274: system_heap_do_allocate.constprop.0 <-system_uncached_heap_allocate
 mppjpegenc0:src-23621   [003] ..... 21487.414730: system_heap_dma_buf_release <-dma_buf_release
      queue0:src-23614   [001] ..... 21487.434513: system_heap_do_allocate.constprop.0 <-system_uncached_heap_allocate
 mppjpegenc0:src-23621   [003] ..... 21487.448131: system_heap_dma_buf_release <-dma_buf_release
      queue0:src-23614   [001] ..... 21487.468137: system_heap_do_allocate.constprop.0 <-system_uncached_heap_allocate
 mppjpegenc0:src-23621   [001] ..... 21487.481947: system_heap_dma_buf_release <-dma_buf_release
      queue0:src-23614   [001] ..... 21487.501124: system_heap_do_allocate.constprop.0 <-system_uncached_heap_allocate
 mppjpegenc0:src-23621   [001] ..... 21487.515272: system_heap_dma_buf_release <-dma_buf_release
      queue0:src-23614   [001] ..... 21487.534390: system_heap_do_allocate.constprop.0 <-system_uncached_heap_allocate
 mppjpegenc0:src-23621   [001] ..... 21487.548366: system_heap_dma_buf_release <-dma_buf_release
      queue0:src-23614   [001] ..... 21487.567662: system_heap_do_allocate.constprop.0 <-system_uncached_heap_allocate
 mppjpegenc0:src-23621   [001] ..... 21487.581348: system_heap_dma_buf_release <-dma_buf_release
      queue0:src-23614   [001] ..... 21487.600954: system_heap_do_allocate.constprop.0 <-system_uncached_heap_allocate
 mppjpegenc0:src-23621   [003] ..... 21487.614480: system_heap_dma_buf_release <-dma_buf_release
      queue0:src-23614   [001] ..... 21487.634189: system_heap_do_allocate.constprop.0 <-system_uncached_heap_allocate
 mppjpegenc0:src-23621   [003] ..... 21487.648453: system_heap_dma_buf_release <-dma_buf_release
      queue0:src-23614   [001] ..... 21487.667444: system_heap_do_allocate.constprop.0 <-system_uncached_heap_allocate
 mppjpegenc0:src-23621   [003] ..... 21487.681021: system_heap_dma_buf_release <-dma_buf_release
      queue0:src-23614   [001] ..... 21487.700803: system_heap_do_allocate.constprop.0 <-system_uncached_heap_allocate
 mppjpegenc0:src-23621   [003] ..... 21487.714376: system_heap_dma_buf_release <-dma_buf_release
      queue0:src-23614   [001] ..... 21487.734031: system_heap_do_allocate.constprop.0 <-system_uncached_heap_allocate
 mppjpegenc0:src-23621   [003] ..... 21487.747416: system_heap_dma_buf_release <-dma_buf_release
      queue0:src-23614   [001] ..... 21487.767267: system_heap_do_allocate.constprop.0 <-system_uncached_heap_allocate
 mppjpegenc0:src-23621   [003] ..... 21487.781494: system_heap_dma_buf_release <-dma_buf_release
      queue0:src-23614   [001] ..... 21487.800638: system_heap_do_allocate.constprop.0 <-system_uncached_heap_allocate
 mppjpegenc0:src-23621   [003] ..... 21487.814206: system_heap_dma_buf_release <-dma_buf_release
      queue0:src-23614   [001] ..... 21487.833873: system_heap_do_allocate.constprop.0 <-system_uncached_heap_allocate
 mppjpegenc0:src-23621   [003] ..... 21487.847305: system_heap_dma_buf_release <-dma_buf_release
      queue0:src-23614   [001] ..... 21487.867133: system_heap_do_allocate.constprop.0 <-system_uncached_heap_allocate
 mppjpegenc0:src-23621   [003] ..... 21487.880715: system_heap_dma_buf_release <-dma_buf_release
      queue0:src-23614   [001] ..... 21487.900475: system_heap_do_allocate.constprop.0 <-system_uncached_heap_allocate
 mppjpegenc0:src-23621   [003] ..... 21487.914033: system_heap_dma_buf_release <-dma_buf_release
      queue0:src-23614   [001] ..... 21487.933754: system_heap_do_allocate.constprop.0 <-system_uncached_heap_allocate
 mppjpegenc0:src-23621   [003] ..... 21487.947232: system_heap_dma_buf_release <-dma_buf_release
      queue0:src-23614   [001] ..... 21487.966951: system_heap_do_allocate.constprop.0 <-system_uncached_heap_allocate
 mppjpegenc0:src-23621   [003] ..... 21487.980542: system_heap_dma_buf_release <-dma_buf_release
      queue0:src-23614   [001] ..... 21488.000277: system_heap_do_allocate.constprop.0 <-system_uncached_heap_allocate
 mppjpegenc0:src-23621   [003] ..... 21488.013906: system_heap_dma_buf_release <-dma_buf_release
      queue0:src-23614   [001] ..... 21488.033593: system_heap_do_allocate.constprop.0 <-system_uncached_heap_allocate
 mppjpegenc0:src-23621   [003] ..... 21488.047033: system_heap_dma_buf_release <-dma_buf_release
      queue0:src-23614   [001] ..... 21488.066840: system_heap_do_allocate.constprop.0 <-system_uncached_heap_allocate
 mppjpegenc0:src-23621   [003] ..... 21488.080325: system_heap_dma_buf_release <-dma_buf_release
      queue0:src-23614   [001] ..... 21488.100166: system_heap_do_allocate.constprop.0 <-system_uncached_heap_allocate
 mppjpegenc0:src-23621   [003] ..... 21488.113788: system_heap_dma_buf_release <-dma_buf_release
      queue0:src-23614   [001] ..... 21488.133432: system_heap_do_allocate.constprop.0 <-system_uncached_heap_allocate
 mppjpegenc0:src-23621   [003] ..... 21488.146949: system_heap_dma_buf_release <-dma_buf_release
      queue0:src-23614   [001] ..... 21488.166666: system_heap_do_allocate.constprop.0 <-system_uncached_heap_allocate
 mppjpegenc0:src-23621   [003] ..... 21488.180177: system_heap_dma_buf_release <-dma_buf_release
      queue0:src-23614   [001] ..... 21488.200001: system_heap_do_allocate.constprop.0 <-system_uncached_heap_allocate
 mppjpegenc0:src-23621   [003] ..... 21488.213871: system_heap_dma_buf_release <-dma_buf_release
      queue0:src-23614   [001] ..... 21488.233279: system_heap_do_allocate.constprop.0 <-system_uncached_heap_allocate
 mppjpegenc0:src-23621   [003] ..... 21488.246991: system_heap_dma_buf_release <-dma_buf_release
      queue0:src-23614   [001] ..... 21488.266510: system_heap_do_allocate.constprop.0 <-system_uncached_heap_allocate
 mppjpegenc0:src-23621   [003] ..... 21488.280119: system_heap_dma_buf_release <-dma_buf_release
      queue0:src-23614   [001] ..... 21488.299811: system_heap_do_allocate.constprop.0 <-system_uncached_heap_allocate
 mppjpegenc0:src-23621   [003] ..... 21488.313611: system_heap_dma_buf_release <-dma_buf_release
      queue0:src-23614   [001] ..... 21488.333120: system_heap_do_allocate.constprop.0 <-system_uncached_heap_allocate
 mppjpegenc0:src-23621   [003] ..... 21488.346613: system_heap_dma_buf_release <-dma_buf_release
      queue0:src-23614   [001] ..... 21488.366349: system_heap_do_allocate.constprop.0 <-system_uncached_heap_allocate
 mppjpegenc0:src-23621   [003] ..... 21488.379905: system_heap_dma_buf_release <-dma_buf_release
      queue0:src-23614   [001] ..... 21488.399659: system_heap_do_allocate.constprop.0 <-system_uncached_heap_allocate
 mppjpegenc0:src-23621   [003] ..... 21488.413364: system_heap_dma_buf_release <-dma_buf_release
      queue0:src-23614   [001] ..... 21488.432979: system_heap_do_allocate.constprop.0 <-system_uncached_heap_allocate
 mppjpegenc0:src-23621   [003] ..... 21488.446863: system_heap_dma_buf_release <-dma_buf_release
      queue0:src-23614   [001] ..... 21488.466228: system_heap_do_allocate.constprop.0 <-system_uncached_heap_allocate
 mppjpegenc0:src-23621   [003] ..... 21488.479630: system_heap_dma_buf_release <-dma_buf_release
      queue0:src-23614   [001] ..... 21488.499848: system_heap_do_allocate.constprop.0 <-system_uncached_heap_allocate
 mppjpegenc0:src-23621   [003] ..... 21488.515321: system_heap_dma_buf_release <-dma_buf_release
      queue0:src-23614   [001] ..... 21488.532795: system_heap_do_allocate.constprop.0 <-system_uncached_heap_allocate
 mppjpegenc0:src-23621   [003] ..... 21488.546793: system_heap_dma_buf_release <-dma_buf_release
      queue0:src-23614   [001] ..... 21488.566068: system_heap_do_allocate.constprop.0 <-system_uncached_heap_allocate
 mppjpegenc0:src-23621   [003] ..... 21488.580801: system_heap_dma_buf_release <-dma_buf_release
      queue0:src-23614   [001] ..... 21488.599326: system_heap_do_allocate.constprop.0 <-system_uncached_heap_allocate
 mppjpegenc0:src-23621   [003] ..... 21488.613822: system_heap_dma_buf_release <-dma_buf_release
      queue0:src-23614   [001] ..... 21488.632665: system_heap_do_allocate.constprop.0 <-system_uncached_heap_allocate
 mppjpegenc0:src-23621   [003] ..... 21488.646282: system_heap_dma_buf_release <-dma_buf_release
      queue0:src-23614   [001] ..... 21488.665956: system_heap_do_allocate.constprop.0 <-system_uncached_heap_allocate
 mppjpegenc0:src-23621   [003] ..... 21488.679369: system_heap_dma_buf_release <-dma_buf_release
      queue0:src-23614   [001] ..... 21488.699234: system_heap_do_allocate.constprop.0 <-system_uncached_heap_allocate
 mppjpegenc0:src-23621   [003] ..... 21488.712906: system_heap_dma_buf_release <-dma_buf_release
      queue0:src-23614   [001] ..... 21488.732474: system_heap_do_allocate.constprop.0 <-system_uncached_heap_allocate
 mppjpegenc0:src-23621   [003] ..... 21488.746042: system_heap_dma_buf_release <-dma_buf_release
      queue0:src-23614   [001] ..... 21488.765714: system_heap_do_allocate.constprop.0 <-system_uncached_heap_allocate
 mppjpegenc0:src-23621   [003] ..... 21488.779202: system_heap_dma_buf_release <-dma_buf_release
      queue0:src-23614   [001] ..... 21488.798950: system_heap_do_allocate.constprop.0 <-system_uncached_heap_allocate
 mppjpegenc0:src-23621   [003] ..... 21488.812537: system_heap_dma_buf_release <-dma_buf_release
      queue0:src-23614   [001] ..... 21488.832270: system_heap_do_allocate.constprop.0 <-system_uncached_heap_allocate
 mppjpegenc0:src-23621   [003] ..... 21488.845859: system_heap_dma_buf_release <-dma_buf_release
      queue0:src-23614   [001] ..... 21488.865554: system_heap_do_allocate.constprop.0 <-system_uncached_heap_allocate
 mppjpegenc0:src-23621   [003] ..... 21488.879020: system_heap_dma_buf_release <-dma_buf_release
      queue0:src-23614   [001] ..... 21488.898791: system_heap_do_allocate.constprop.0 <-system_uncached_heap_allocate
 mppjpegenc0:src-23621   [003] ..... 21488.912627: system_heap_dma_buf_release <-dma_buf_release
      queue0:src-23614   [001] ..... 21488.932159: system_heap_do_allocate.constprop.0 <-system_uncached_heap_allocate
 mppjpegenc0:src-23621   [003] ..... 21488.945825: system_heap_dma_buf_release <-dma_buf_release
      queue0:src-23614   [001] ..... 21488.965394: system_heap_do_allocate.constprop.0 <-system_uncached_heap_allocate
 mppjpegenc0:src-23621   [003] ..... 21488.978842: system_heap_dma_buf_release <-dma_buf_release
      queue0:src-23614   [001] ..... 21488.998633: system_heap_do_allocate.constprop.0 <-system_uncached_heap_allocate
 mppjpegenc0:src-23621   [003] ..... 21489.012148: system_heap_dma_buf_release <-dma_buf_release
      queue0:src-23614   [001] ..... 21489.032001: system_heap_do_allocate.constprop.0 <-system_uncached_heap_allocate
 mppjpegenc0:src-23621   [003] ..... 21489.045885: system_heap_dma_buf_release <-dma_buf_release
      queue0:src-23614   [001] ..... 21489.065237: system_heap_do_allocate.constprop.0 <-system_uncached_heap_allocate
 mppjpegenc0:src-23621   [003] ..... 21489.078685: system_heap_dma_buf_release <-dma_buf_release
      queue0:src-23614   [001] ..... 21489.098512: system_heap_do_allocate.constprop.0 <-system_uncached_heap_allocate
 mppjpegenc0:src-23621   [003] ..... 21489.112165: system_heap_dma_buf_release <-dma_buf_release
      queue0:src-23614   [001] ..... 21489.131855: system_heap_do_allocate.constprop.0 <-system_uncached_heap_allocate
 mppjpegenc0:src-23621   [003] ..... 21489.145507: system_heap_dma_buf_release <-dma_buf_release
      queue0:src-23614   [001] ..... 21489.165083: system_heap_do_allocate.constprop.0 <-system_uncached_heap_allocate
 mppjpegenc0:src-23621   [003] ..... 21489.178531: system_heap_dma_buf_release <-dma_buf_release
      queue0:src-23614   [001] ..... 21489.198351: system_heap_do_allocate.constprop.0 <-system_uncached_heap_allocate
 mppjpegenc0:src-23621   [003] ..... 21489.211935: system_heap_dma_buf_release <-dma_buf_release
      queue0:src-23614   [001] ..... 21489.231652: system_heap_do_allocate.constprop.0 <-system_uncached_heap_allocate
 mppjpegenc0:src-23621   [003] ..... 21489.245267: system_heap_dma_buf_release <-dma_buf_release
      queue0:src-23614   [001] ..... 21489.264953: system_heap_do_allocate.constprop.0 <-system_uncached_heap_allocate
 mppjpegenc0:src-23621   [003] ..... 21489.278433: system_heap_dma_buf_release <-dma_buf_release
      queue0:src-23614   [001] ..... 21489.298191: system_heap_do_allocate.constprop.0 <-system_uncached_heap_allocate
 mppjpegenc0:src-23621   [001] ..... 21489.311690: system_heap_dma_buf_release <-dma_buf_release
      queue0:src-23614   [001] ..... 21489.331443: system_heap_do_allocate.constprop.0 <-system_uncached_heap_allocate
 mppjpegenc0:src-23621   [003] ..... 21489.345186: system_heap_dma_buf_release <-dma_buf_release
      queue0:src-23614   [001] ..... 21489.364793: system_heap_do_allocate.constprop.0 <-system_uncached_heap_allocate
 mppjpegenc0:src-23621   [003] ..... 21489.378379: system_heap_dma_buf_release <-dma_buf_release
      queue0:src-23614   [001] ..... 21489.398035: system_heap_do_allocate.constprop.0 <-system_uncached_heap_allocate
 mppjpegenc0:src-23621   [003] ..... 21489.411397: system_heap_dma_buf_release <-dma_buf_release
      queue0:src-23614   [001] ..... 21489.431273: system_heap_do_allocate.constprop.0 <-system_uncached_heap_allocate
 mppjpegenc0:src-23621   [003] ..... 21489.444998: system_heap_dma_buf_release <-dma_buf_release
      queue0:src-23614   [001] ..... 21489.464636: system_heap_do_allocate.constprop.0 <-system_uncached_heap_allocate
 mppjpegenc0:src-23621   [003] ..... 21489.478267: system_heap_dma_buf_release <-dma_buf_release
      queue0:src-23614   [001] ..... 21489.497940: system_heap_do_allocate.constprop.0 <-system_uncached_heap_allocate
 mppjpegenc0:src-23621   [003] ..... 21489.511657: system_heap_dma_buf_release <-dma_buf_release
      queue0:src-23614   [001] ..... 21489.531189: system_heap_do_allocate.constprop.0 <-system_uncached_heap_allocate
 mppjpegenc0:src-23621   [003] ..... 21489.544875: system_heap_dma_buf_release <-dma_buf_release
      queue0:src-23614   [001] ..... 21489.564472: system_heap_do_allocate.constprop.0 <-system_uncached_heap_allocate
 mppjpegenc0:src-23621   [003] ..... 21489.578495: system_heap_dma_buf_release <-dma_buf_release
      queue0:src-23614   [001] ..... 21489.597736: system_heap_do_allocate.constprop.0 <-system_uncached_heap_allocate
 mppjpegenc0:src-23621   [003] ..... 21489.611558: system_heap_dma_buf_release <-dma_buf_release
      queue0:src-23614   [001] ..... 21489.631009: system_heap_do_allocate.constprop.0 <-system_uncached_heap_allocate
 mppjpegenc0:src-23621   [003] ..... 21489.645012: system_heap_dma_buf_release <-dma_buf_release
      queue0:src-23614   [001] ..... 21489.664322: system_heap_do_allocate.constprop.0 <-system_uncached_heap_allocate
 mppjpegenc0:src-23621   [003] ..... 21489.677894: system_heap_dma_buf_release <-dma_buf_release
      queue0:src-23614   [001] ..... 21489.697598: system_heap_do_allocate.constprop.0 <-system_uncached_heap_allocate
 mppjpegenc0:src-23621   [003] ..... 21489.711044: system_heap_dma_buf_release <-dma_buf_release
      queue0:src-23614   [001] ..... 21489.730797: system_heap_do_allocate.constprop.0 <-system_uncached_heap_allocate
 mppjpegenc0:src-23621   [003] ..... 21489.744549: system_heap_dma_buf_release <-dma_buf_release
      queue0:src-23614   [001] ..... 21489.764159: system_heap_do_allocate.constprop.0 <-system_uncached_heap_allocate
 mppjpegenc0:src-23621   [003] ..... 21489.777734: system_heap_dma_buf_release <-dma_buf_release
      queue0:src-23614   [001] ..... 21489.797434: system_heap_do_allocate.constprop.0 <-system_uncached_heap_allocate
 mppjpegenc0:src-23621   [003] ..... 21489.811144: system_heap_dma_buf_release <-dma_buf_release
      queue0:src-23614   [001] ..... 21489.830676: system_heap_do_allocate.constprop.0 <-system_uncached_heap_allocate
 mppjpegenc0:src-23621   [003] ..... 21489.844267: system_heap_dma_buf_release <-dma_buf_release
      queue0:src-23614   [001] ..... 21489.864002: system_heap_do_allocate.constprop.0 <-system_uncached_heap_allocate
 mppjpegenc0:src-23621   [003] ..... 21489.877675: system_heap_dma_buf_release <-dma_buf_release
      queue0:src-23614   [001] ..... 21489.897272: system_heap_do_allocate.constprop.0 <-system_uncached_heap_allocate
 mppjpegenc0:src-23621   [003] ..... 21489.910717: system_heap_dma_buf_release <-dma_buf_release
      queue0:src-23614   [001] ..... 21489.930509: system_heap_do_allocate.constprop.0 <-system_uncached_heap_allocate
 mppjpegenc0:src-23621   [003] ..... 21489.944011: system_heap_dma_buf_release <-dma_buf_release
      queue0:src-23614   [001] ..... 21489.963840: system_heap_do_allocate.constprop.0 <-system_uncached_heap_allocate
 mppjpegenc0:src-23621   [003] ..... 21489.977498: system_heap_dma_buf_release <-dma_buf_release
      queue0:src-23614   [001] ..... 21489.997116: system_heap_do_allocate.constprop.0 <-system_uncached_heap_allocate
 mppjpegenc0:src-23621   [003] ..... 21490.010747: system_heap_dma_buf_release <-dma_buf_release
      queue0:src-23614   [001] ..... 21490.030352: system_heap_do_allocate.constprop.0 <-system_uncached_heap_allocate
 mppjpegenc0:src-23621   [003] ..... 21490.043823: system_heap_dma_buf_release <-dma_buf_release
      queue0:src-23614   [001] ..... 21490.063652: system_heap_do_allocate.constprop.0 <-system_uncached_heap_allocate
 mppjpegenc0:src-23621   [001] ..... 21490.077333: system_heap_dma_buf_release <-dma_buf_release
      queue0:src-23614   [001] ..... 21490.096960: system_heap_do_allocate.constprop.0 <-system_uncached_heap_allocate
 mppjpegenc0:src-23621   [003] ..... 21490.110964: system_heap_dma_buf_release <-dma_buf_release
      queue0:src-23614   [003] ..... 21490.130206: system_heap_do_allocate.constprop.0 <-system_uncached_heap_allocate
 mppjpegenc0:src-23621   [003] ..... 21490.143835: system_heap_dma_buf_release <-dma_buf_release
      queue0:src-23614   [003] ..... 21490.163542: system_heap_do_allocate.constprop.0 <-system_uncached_heap_allocate
 mppjpegenc0:src-23621   [003] ..... 21490.177493: system_heap_dma_buf_release <-dma_buf_release
      queue0:src-23614   [003] ..... 21490.196773: system_heap_do_allocate.constprop.0 <-system_uncached_heap_allocate
 mppjpegenc0:src-23621   [003] ..... 21490.211151: system_heap_dma_buf_release <-dma_buf_release
      queue0:src-23614   [003] ..... 21490.230092: system_heap_do_allocate.constprop.0 <-system_uncached_heap_allocate
 mppjpegenc0:src-23621   [003] ..... 21490.243967: system_heap_dma_buf_release <-dma_buf_release
      queue0:src-23614   [003] ..... 21490.263361: system_heap_do_allocate.constprop.0 <-system_uncached_heap_allocate
 mppjpegenc0:src-23621   [001] ..... 21490.277567: system_heap_dma_buf_release <-dma_buf_release
      queue0:src-23614   [003] ..... 21490.296653: system_heap_do_allocate.constprop.0 <-system_uncached_heap_allocate
 mppjpegenc0:src-23621   [001] ..... 21490.310307: system_heap_dma_buf_release <-dma_buf_release
      queue0:src-23614   [003] ..... 21490.329930: system_heap_do_allocate.constprop.0 <-system_uncached_heap_allocate
 mppjpegenc0:src-23621   [001] ..... 21490.343484: system_heap_dma_buf_release <-dma_buf_release
      queue0:src-23614   [003] ..... 21490.363164: system_heap_do_allocate.constprop.0 <-system_uncached_heap_allocate
 mppjpegenc0:src-23621   [001] ..... 21490.377152: system_heap_dma_buf_release <-dma_buf_release
      queue0:src-23614   [003] ..... 21490.396500: system_heap_do_allocate.constprop.0 <-system_uncached_heap_allocate
 mppjpegenc0:src-23621   [001] ..... 21490.410080: system_heap_dma_buf_release <-dma_buf_release
      queue0:src-23614   [003] ..... 21490.429775: system_heap_do_allocate.constprop.0 <-system_uncached_heap_allocate
 mppjpegenc0:src-23621   [001] ..... 21490.443244: system_heap_dma_buf_release <-dma_buf_release
      queue0:src-23614   [003] ..... 21490.463009: system_heap_do_allocate.constprop.0 <-system_uncached_heap_allocate
 mppjpegenc0:src-23621   [001] ..... 21490.476716: system_heap_dma_buf_release <-dma_buf_release
      queue0:src-23614   [003] ..... 21490.496340: system_heap_do_allocate.constprop.0 <-system_uncached_heap_allocate
 mppjpegenc0:src-23621   [001] ..... 21490.509974: system_heap_dma_buf_release <-dma_buf_release
      queue0:src-23614   [003] ..... 21490.530089: system_heap_do_allocate.constprop.0 <-system_uncached_heap_allocate
 mppjpegenc0:src-23621   [003] ..... 21490.544410: system_heap_dma_buf_release <-dma_buf_release
      queue0:src-23614   [003] ..... 21490.562946: system_heap_do_allocate.constprop.0 <-system_uncached_heap_allocate
 mppjpegenc0:src-23621   [003] ..... 21490.576628: system_heap_dma_buf_release <-dma_buf_release
      queue0:src-23614   [003] ..... 21490.596277: system_heap_do_allocate.constprop.0 <-system_uncached_heap_allocate
 mppjpegenc0:src-23621   [003] ..... 21490.609840: system_heap_dma_buf_release <-dma_buf_release
      queue0:src-23614   [003] ..... 21490.629446: system_heap_do_allocate.constprop.0 <-system_uncached_heap_allocate
 mppjpegenc0:src-23621   [003] ..... 21490.643011: system_heap_dma_buf_release <-dma_buf_release
      queue0:src-23614   [003] ..... 21490.662729: system_heap_do_allocate.constprop.0 <-system_uncached_heap_allocate
 mppjpegenc0:src-23621   [001] ..... 21490.676441: system_heap_dma_buf_release <-dma_buf_release
      queue0:src-23614   [003] ..... 21490.696021: system_heap_do_allocate.constprop.0 <-system_uncached_heap_allocate
 mppjpegenc0:src-23621   [001] ..... 21490.709938: system_heap_dma_buf_release <-dma_buf_release
      queue0:src-23614   [003] ..... 21490.729294: system_heap_do_allocate.constprop.0 <-system_uncached_heap_allocate
 mppjpegenc0:src-23621   [001] ..... 21490.743141: system_heap_dma_buf_release <-dma_buf_release
      queue0:src-23614   [003] ..... 21490.762574: system_heap_do_allocate.constprop.0 <-system_uncached_heap_allocate
 mppjpegenc0:src-23621   [001] ..... 21490.776254: system_heap_dma_buf_release <-dma_buf_release
      queue0:src-23614   [003] ..... 21490.795856: system_heap_do_allocate.constprop.0 <-system_uncached_heap_allocate
 mppjpegenc0:src-23621   [001] ..... 21490.809524: system_heap_dma_buf_release <-dma_buf_release
      queue0:src-23614   [003] ..... 21490.829138: system_heap_do_allocate.constprop.0 <-system_uncached_heap_allocate
 mppjpegenc0:src-23621   [001] ..... 21490.842753: system_heap_dma_buf_release <-dma_buf_release
      queue0:src-23614   [003] ..... 21490.862431: system_heap_do_allocate.constprop.0 <-system_uncached_heap_allocate
 mppjpegenc0:src-23621   [001] ..... 21490.876032: system_heap_dma_buf_release <-dma_buf_release
      queue0:src-23614   [003] ..... 21490.895682: system_heap_do_allocate.constprop.0 <-system_uncached_heap_allocate
 mppjpegenc0:src-23621   [001] ..... 21490.909430: system_heap_dma_buf_release <-dma_buf_release
      queue0:src-23614   [003] ..... 21490.928973: system_heap_do_allocate.constprop.0 <-system_uncached_heap_allocate
 mppjpegenc0:src-23621   [001] ..... 21490.942655: system_heap_dma_buf_release <-dma_buf_release
      queue0:src-23614   [003] ..... 21490.962249: system_heap_do_allocate.constprop.0 <-system_uncached_heap_allocate
 mppjpegenc0:src-23621   [001] ..... 21490.975913: system_heap_dma_buf_release <-dma_buf_release
      queue0:src-23614   [003] ..... 21490.995519: system_heap_do_allocate.constprop.0 <-system_uncached_heap_allocate
 mppjpegenc0:src-23621   [001] ..... 21491.010050: system_heap_dma_buf_release <-dma_buf_release
      queue0:src-23614   [003] ..... 21491.028815: system_heap_do_allocate.constprop.0 <-system_uncached_heap_allocate
 mppjpegenc0:src-23621   [001] ..... 21491.042456: system_heap_dma_buf_release <-dma_buf_release
      queue0:src-23614   [003] ..... 21491.062092: system_heap_do_allocate.constprop.0 <-system_uncached_heap_allocate
 mppjpegenc0:src-23621   [001] ..... 21491.075784: system_heap_dma_buf_release <-dma_buf_release
      queue0:src-23614   [003] ..... 21491.095326: system_heap_do_allocate.constprop.0 <-system_uncached_heap_allocate
 mppjpegenc0:src-23621   [001] ..... 21491.108981: system_heap_dma_buf_release <-dma_buf_release
      queue0:src-23614   [003] ..... 21491.128655: system_heap_do_allocate.constprop.0 <-system_uncached_heap_allocate
 mppjpegenc0:src-23621   [001] ..... 21491.142295: system_heap_dma_buf_release <-dma_buf_release
      queue0:src-23614   [003] ..... 21491.161932: system_heap_do_allocate.constprop.0 <-system_uncached_heap_allocate
 mppjpegenc0:src-23621   [001] ..... 21491.175498: system_heap_dma_buf_release <-dma_buf_release
      queue0:src-23614   [003] ..... 21491.195168: system_heap_do_allocate.constprop.0 <-system_uncached_heap_allocate
 mppjpegenc0:src-23621   [001] ..... 21491.208931: system_heap_dma_buf_release <-dma_buf_release
      queue0:src-23614   [003] ..... 21491.228513: system_heap_do_allocate.constprop.0 <-system_uncached_heap_allocate
 mppjpegenc0:src-23621   [001] ..... 21491.242094: system_heap_dma_buf_release <-dma_buf_release
      queue0:src-23614   [003] ..... 21491.261772: system_heap_do_allocate.constprop.0 <-system_uncached_heap_allocate
 mppjpegenc0:src-23621   [001] ..... 21491.275452: system_heap_dma_buf_release <-dma_buf_release
      queue0:src-23614   [003] ..... 21491.295012: system_heap_do_allocate.constprop.0 <-system_uncached_heap_allocate
 mppjpegenc0:src-23621   [001] ..... 21491.308746: system_heap_dma_buf_release <-dma_buf_release
      queue0:src-23614   [003] ..... 21491.328330: system_heap_do_allocate.constprop.0 <-system_uncached_heap_allocate
 mppjpegenc0:src-23621   [001] ..... 21491.342724: system_heap_dma_buf_release <-dma_buf_release
      queue0:src-23614   [003] ..... 21491.361610: system_heap_do_allocate.constprop.0 <-system_uncached_heap_allocate
 mppjpegenc0:src-23621   [001] ..... 21491.375687: system_heap_dma_buf_release <-dma_buf_release
      queue0:src-23614   [001] ..... 21491.395105: system_heap_do_allocate.constprop.0 <-system_uncached_heap_allocate
 mppjpegenc0:src-23621   [003] ..... 21491.408924: system_heap_dma_buf_release <-dma_buf_release
      queue0:src-23614   [001] ..... 21491.428161: system_heap_do_allocate.constprop.0 <-system_uncached_heap_allocate
 mppjpegenc0:src-23621   [003] ..... 21491.441758: system_heap_dma_buf_release <-dma_buf_release
      queue0:src-23614   [001] ..... 21491.461436: system_heap_do_allocate.constprop.0 <-system_uncached_heap_allocate
 mppjpegenc0:src-23621   [003] ..... 21491.474931: system_heap_dma_buf_release <-dma_buf_release
      queue0:src-23614   [001] ..... 21491.494673: system_heap_do_allocate.constprop.0 <-system_uncached_heap_allocate
 mppjpegenc0:src-23621   [003] ..... 21491.508200: system_heap_dma_buf_release <-dma_buf_release
      queue0:src-23614   [001] ..... 21491.528000: system_heap_do_allocate.constprop.0 <-system_uncached_heap_allocate
 mppjpegenc0:src-23621   [003] ..... 21491.541615: system_heap_dma_buf_release <-dma_buf_release
      queue0:src-23614   [003] ..... 21491.561339: system_heap_do_allocate.constprop.0 <-system_uncached_heap_allocate
 mppjpegenc0:src-23621   [003] ..... 21491.574989: system_heap_dma_buf_release <-dma_buf_release
      queue0:src-23614   [003] ..... 21491.594566: system_heap_do_allocate.constprop.0 <-system_uncached_heap_allocate
 mppjpegenc0:src-23621   [003] ..... 21491.608319: system_heap_dma_buf_release <-dma_buf_release
      queue0:src-23614   [003] ..... 21491.627855: system_heap_do_allocate.constprop.0 <-system_uncached_heap_allocate
 mppjpegenc0:src-23621   [003] ..... 21491.641520: system_heap_dma_buf_release <-dma_buf_release
      queue0:src-23614   [003] ..... 21491.661138: system_heap_do_allocate.constprop.0 <-system_uncached_heap_allocate
 mppjpegenc0:src-23621   [003] ..... 21491.674770: system_heap_dma_buf_release <-dma_buf_release
      queue0:src-23614   [003] ..... 21491.694406: system_heap_do_allocate.constprop.0 <-system_uncached_heap_allocate
 mppjpegenc0:src-23621   [003] ..... 21491.708126: system_heap_dma_buf_release <-dma_buf_release
      queue0:src-23614   [003] ..... 21491.727671: system_heap_do_allocate.constprop.0 <-system_uncached_heap_allocate
 mppjpegenc0:src-23621   [001] ..... 21491.741428: system_heap_dma_buf_release <-dma_buf_release
      queue0:src-23614   [003] ..... 21491.760970: system_heap_do_allocate.constprop.0 <-system_uncached_heap_allocate
 mppjpegenc0:src-23621   [001] ..... 21491.774619: system_heap_dma_buf_release <-dma_buf_release
      queue0:src-23614   [003] ..... 21491.794250: system_heap_do_allocate.constprop.0 <-system_uncached_heap_allocate
 mppjpegenc0:src-23621   [001] ..... 21491.808115: system_heap_dma_buf_release <-dma_buf_release
      queue0:src-23614   [003] ..... 21491.827509: system_heap_do_allocate.constprop.0 <-system_uncached_heap_allocate
 mppjpegenc0:src-23621   [001] ..... 21491.841276: system_heap_dma_buf_release <-dma_buf_release
      queue0:src-23614   [003] ..... 21491.860809: system_heap_do_allocate.constprop.0 <-system_uncached_heap_allocate
 mppjpegenc0:src-23621   [001] ..... 21491.874481: system_heap_dma_buf_release <-dma_buf_release
      queue0:src-23614   [003] ..... 21491.894091: system_heap_do_allocate.constprop.0 <-system_uncached_heap_allocate
 mppjpegenc0:src-23621   [001] ..... 21491.907780: system_heap_dma_buf_release <-dma_buf_release
      queue0:src-23614   [003] ..... 21491.927332: system_heap_do_allocate.constprop.0 <-system_uncached_heap_allocate
 mppjpegenc0:src-23621   [001] ..... 21491.941044: system_heap_dma_buf_release <-dma_buf_release
      queue0:src-23614   [003] ..... 21491.960648: system_heap_do_allocate.constprop.0 <-system_uncached_heap_allocate
 mppjpegenc0:src-23621   [001] ..... 21491.974371: system_heap_dma_buf_release <-dma_buf_release
      queue0:src-23614   [003] ..... 21491.993930: system_heap_do_allocate.constprop.0 <-system_uncached_heap_allocate
 mppjpegenc0:src-23621   [001] ..... 21492.007493: system_heap_dma_buf_release <-dma_buf_release
      queue0:src-23614   [003] ..... 21492.027167: system_heap_do_allocate.constprop.0 <-system_uncached_heap_allocate
 mppjpegenc0:src-23621   [001] ..... 21492.042169: system_heap_dma_buf_release <-dma_buf_release
      queue0:src-23614   [003] ..... 21492.060499: system_heap_do_allocate.constprop.0 <-system_uncached_heap_allocate
 mppjpegenc0:src-23621   [001] ..... 21492.074737: system_heap_dma_buf_release <-dma_buf_release
      queue0:src-23614   [003] ..... 21492.093773: system_heap_do_allocate.constprop.0 <-system_uncached_heap_allocate
 mppjpegenc0:src-23621   [001] ..... 21492.108005: system_heap_dma_buf_release <-dma_buf_release
      queue0:src-23614   [003] ..... 21492.126999: system_heap_do_allocate.constprop.0 <-system_uncached_heap_allocate
 mppjpegenc0:src-23621   [001] ..... 21492.141068: system_heap_dma_buf_release <-dma_buf_release
      queue0:src-23614   [003] ..... 21492.160332: system_heap_do_allocate.constprop.0 <-system_uncached_heap_allocate
 mppjpegenc0:src-23621   [001] ..... 21492.173981: system_heap_dma_buf_release <-dma_buf_release
      queue0:src-23614   [003] ..... 21492.193618: system_heap_do_allocate.constprop.0 <-system_uncached_heap_allocate
 mppjpegenc0:src-23621   [001] ..... 21492.207128: system_heap_dma_buf_release <-dma_buf_release
      queue0:src-23614   [003] ..... 21492.226848: system_heap_do_allocate.constprop.0 <-system_uncached_heap_allocate
 mppjpegenc0:src-23621   [001] ..... 21492.240522: system_heap_dma_buf_release <-dma_buf_release
      queue0:src-23614   [003] ..... 21492.260204: system_heap_do_allocate.constprop.0 <-system_uncached_heap_allocate
 mppjpegenc0:src-23621   [001] ..... 21492.273952: system_heap_dma_buf_release <-dma_buf_release
      queue0:src-23614   [003] ..... 21492.293456: system_heap_do_allocate.constprop.0 <-system_uncached_heap_allocate
 mppjpegenc0:src-23621   [001] ..... 21492.307919: system_heap_dma_buf_release <-dma_buf_release
      queue0:src-23614   [003] ..... 21492.326728: system_heap_do_allocate.constprop.0 <-system_uncached_heap_allocate
 mppjpegenc0:src-23621   [001] ..... 21492.340337: system_heap_dma_buf_release <-dma_buf_release
      queue0:src-23614   [003] ..... 21492.360025: system_heap_do_allocate.constprop.0 <-system_uncached_heap_allocate
 mppjpegenc0:src-23621   [001] ..... 21492.373697: system_heap_dma_buf_release <-dma_buf_release
      queue0:src-23614   [003] ..... 21492.393291: system_heap_do_allocate.constprop.0 <-system_uncached_heap_allocate
 mppjpegenc0:src-23621   [003] ..... 21492.407577: system_heap_dma_buf_release <-dma_buf_release
      queue0:src-23614   [001] ..... 21492.426539: system_heap_do_allocate.constprop.0 <-system_uncached_heap_allocate
 mppjpegenc0:src-23621   [003] ..... 21492.440051: system_heap_dma_buf_release <-dma_buf_release
      queue0:src-23614   [001] ..... 21492.459808: system_heap_do_allocate.constprop.0 <-system_uncached_heap_allocate
 mppjpegenc0:src-23621   [003] ..... 21492.473352: system_heap_dma_buf_release <-dma_buf_release
      queue0:src-23614   [001] ..... 21492.493110: system_heap_do_allocate.constprop.0 <-system_uncached_heap_allocate
 mppjpegenc0:src-23621   [003] ..... 21492.506732: system_heap_dma_buf_release <-dma_buf_release
      queue0:src-23614   [001] ..... 21492.526349: system_heap_do_allocate.constprop.0 <-system_uncached_heap_allocate
 mppjpegenc0:src-23621   [003] ..... 21492.539917: system_heap_dma_buf_release <-dma_buf_release
      queue0:src-23614   [001] ..... 21492.559650: system_heap_do_allocate.constprop.0 <-system_uncached_heap_allocate
 mppjpegenc0:src-23621   [003] ..... 21492.573812: system_heap_dma_buf_release <-dma_buf_release
      queue0:src-23614   [001] ..... 21492.592842: system_heap_do_allocate.constprop.0 <-system_uncached_heap_allocate
 mppjpegenc0:src-23621   [003] ..... 21492.606235: system_heap_dma_buf_release <-dma_buf_release
      queue0:src-23614   [001] ..... 21492.626191: system_heap_do_allocate.constprop.0 <-system_uncached_heap_allocate
 mppjpegenc0:src-23621   [003] ..... 21492.639723: system_heap_dma_buf_release <-dma_buf_release
      queue0:src-23614   [001] ..... 21492.659449: system_heap_do_allocate.constprop.0 <-system_uncached_heap_allocate
 mppjpegenc0:src-23621   [003] ..... 21492.673067: system_heap_dma_buf_release <-dma_buf_release
      queue0:src-23614   [001] ..... 21492.692796: system_heap_do_allocate.constprop.0 <-system_uncached_heap_allocate
 mppjpegenc0:src-23621   [003] ..... 21492.706299: system_heap_dma_buf_release <-dma_buf_release
      queue0:src-23614   [001] ..... 21492.726072: system_heap_do_allocate.constprop.0 <-system_uncached_heap_allocate
 mppjpegenc0:src-23621   [003] ..... 21492.739467: system_heap_dma_buf_release <-dma_buf_release
      queue0:src-23614   [001] ..... 21492.759269: system_heap_do_allocate.constprop.0 <-system_uncached_heap_allocate
 mppjpegenc0:src-23621   [003] ..... 21492.772934: system_heap_dma_buf_release <-dma_buf_release
      queue0:src-23614   [001] ..... 21492.792640: system_heap_do_allocate.constprop.0 <-system_uncached_heap_allocate
 mppjpegenc0:src-23621   [003] ..... 21492.806312: system_heap_dma_buf_release <-dma_buf_release
      queue0:src-23614   [001] ..... 21492.825918: system_heap_do_allocate.constprop.0 <-system_uncached_heap_allocate
 mppjpegenc0:src-23621   [003] ..... 21492.840006: system_heap_dma_buf_release <-dma_buf_release
      queue0:src-23614   [001] ..... 21492.859112: system_heap_do_allocate.constprop.0 <-system_uncached_heap_allocate
 mppjpegenc0:src-23621   [003] ..... 21492.872675: system_heap_dma_buf_release <-dma_buf_release
      queue0:src-23614   [001] ..... 21492.892480: system_heap_do_allocate.constprop.0 <-system_uncached_heap_allocate
 mppjpegenc0:src-23621   [003] ..... 21492.906054: system_heap_dma_buf_release <-dma_buf_release
      queue0:src-23614   [001] ..... 21492.925754: system_heap_do_allocate.constprop.0 <-system_uncached_heap_allocate
 mppjpegenc0:src-23621   [003] ..... 21492.939787: system_heap_dma_buf_release <-dma_buf_release
      queue0:src-23614   [001] ..... 21492.958949: system_heap_do_allocate.constprop.0 <-system_uncached_heap_allocate
 mppjpegenc0:src-23621   [003] ..... 21492.972529: system_heap_dma_buf_release <-dma_buf_release
      queue0:src-23614   [001] ..... 21492.992321: system_heap_do_allocate.constprop.0 <-system_uncached_heap_allocate
 mppjpegenc0:src-23621   [003] ..... 21493.005777: system_heap_dma_buf_release <-dma_buf_release
      queue0:src-23614   [001] ..... 21493.025595: system_heap_do_allocate.constprop.0 <-system_uncached_heap_allocate
 mppjpegenc0:src-23621   [003] ..... 21493.039081: system_heap_dma_buf_release <-dma_buf_release
      queue0:src-23614   [001] ..... 21493.058795: system_heap_do_allocate.constprop.0 <-system_uncached_heap_allocate
 mppjpegenc0:src-23621   [003] ..... 21493.072366: system_heap_dma_buf_release <-dma_buf_release
      queue0:src-23614   [001] ..... 21493.092189: system_heap_do_allocate.constprop.0 <-system_uncached_heap_allocate
 mppjpegenc0:src-23621   [003] ..... 21493.105742: system_heap_dma_buf_release <-dma_buf_release
      queue0:src-23614   [001] ..... 21493.125434: system_heap_do_allocate.constprop.0 <-system_uncached_heap_allocate
 mppjpegenc0:src-23621   [003] ..... 21493.138891: system_heap_dma_buf_release <-dma_buf_release
      queue0:src-23614   [001] ..... 21493.158673: system_heap_do_allocate.constprop.0 <-system_uncached_heap_allocate
 mppjpegenc0:src-23621   [003] ..... 21493.172720: system_heap_dma_buf_release <-dma_buf_release
      queue0:src-23614   [001] ..... 21493.192006: system_heap_do_allocate.constprop.0 <-system_uncached_heap_allocate
 mppjpegenc0:src-23621   [003] ..... 21493.206126: system_heap_dma_buf_release <-dma_buf_release
      queue0:src-23614   [001] ..... 21493.225253: system_heap_do_allocate.constprop.0 <-system_uncached_heap_allocate
 mppjpegenc0:src-23621   [003] ..... 21493.239038: system_heap_dma_buf_release <-dma_buf_release
      queue0:src-23614   [001] ..... 21493.258562: system_heap_do_allocate.constprop.0 <-system_uncached_heap_allocate
 mppjpegenc0:src-23621   [003] ..... 21493.272508: system_heap_dma_buf_release <-dma_buf_release
      queue0:src-23614   [001] ..... 21493.291852: system_heap_do_allocate.constprop.0 <-system_uncached_heap_allocate
 mppjpegenc0:src-23621   [003] ..... 21493.305573: system_heap_dma_buf_release <-dma_buf_release
      queue0:src-23614   [001] ..... 21493.325120: system_heap_do_allocate.constprop.0 <-system_uncached_heap_allocate
 mppjpegenc0:src-23621   [003] ..... 21493.338636: system_heap_dma_buf_release <-dma_buf_release
      queue0:src-23614   [001] ..... 21493.358348: system_heap_do_allocate.constprop.0 <-system_uncached_heap_allocate
 mppjpegenc0:src-23621   [003] ..... 21493.371826: system_heap_dma_buf_release <-dma_buf_release
      queue0:src-23614   [001] ..... 21493.391657: system_heap_do_allocate.constprop.0 <-system_uncached_heap_allocate
 mppjpegenc0:src-23621   [003] ..... 21493.405361: system_heap_dma_buf_release <-dma_buf_release
