# tracer: function
#
# entries-in-buffer/entries-written: 1209/1209   #P:4
#
#                                _-----=> irqs-off/BH-disabled
#                               / _----=> need-resched
#                              | / _---=> hardirq/softirq
#                              || / _--=> preempt-depth
#                              ||| / _-=> migrate-disable
#                              |||| /     delay
#           TASK-PID     CPU#  |||||  TIMESTAMP  FUNCTION
#              | |         |   |||||     |         |
      queue0:src-8709    [001] ..... 20220.676494: system_heap_do_allocate.constprop.0 <-system_uncached_heap_allocate
 mppjpegenc0:src-8715    [000] ..... 20220.690726: system_heap_dma_buf_release <-dma_buf_release
      queue0:src-8709    [001] ..... 20220.709721: system_heap_do_allocate.constprop.0 <-system_uncached_heap_allocate
 mppjpegenc0:src-8715    [000] ..... 20220.723864: system_heap_dma_buf_release <-dma_buf_release
      queue0:src-8709    [001] ..... 20220.742959: system_heap_do_allocate.constprop.0 <-system_uncached_heap_allocate
 mppjpegenc0:src-8715    [000] ..... 20220.756483: system_heap_dma_buf_release <-dma_buf_release
      queue0:src-8709    [001] ..... 20220.776242: system_heap_do_allocate.constprop.0 <-system_uncached_heap_allocate
 mppjpegenc0:src-8715    [000] ..... 20220.790374: system_heap_dma_buf_release <-dma_buf_release
      queue0:src-8709    [001] ..... 20220.809555: system_heap_do_allocate.constprop.0 <-system_uncached_heap_allocate
 mppjpegenc0:src-8715    [000] ..... 20220.823395: system_heap_dma_buf_release <-dma_buf_release
      queue0:src-8709    [001] ..... 20220.842802: system_heap_do_allocate.constprop.0 <-system_uncached_heap_allocate
 mppjpegenc0:src-8715    [000] ..... 20220.856355: system_heap_dma_buf_release <-dma_buf_release
      queue0:src-8709    [001] ..... 20220.876121: system_heap_do_allocate.constprop.0 <-system_uncached_heap_allocate
 mppjpegenc0:src-8715    [000] ..... 20220.889802: system_heap_dma_buf_release <-dma_buf_release
      queue0:src-8709    [001] ..... 20220.909391: system_heap_do_allocate.constprop.0 <-system_uncached_heap_allocate
 mppjpegenc0:src-8715    [000] ..... 20220.922878: system_heap_dma_buf_release <-dma_buf_release
      queue0:src-8709    [001] ..... 20220.942664: system_heap_do_allocate.constprop.0 <-system_uncached_heap_allocate
 mppjpegenc0:src-8715    [000] ..... 20220.956427: system_heap_dma_buf_release <-dma_buf_release
      queue0:src-8709    [001] ..... 20220.975982: system_heap_do_allocate.constprop.0 <-system_uncached_heap_allocate
 mppjpegenc0:src-8715    [000] ..... 20220.989704: system_heap_dma_buf_release <-dma_buf_release
      queue0:src-8709    [001] ..... 20221.009255: system_heap_do_allocate.constprop.0 <-system_uncached_heap_allocate
 mppjpegenc0:src-8715    [000] ..... 20221.022774: system_heap_dma_buf_release <-dma_buf_release
      queue0:src-8709    [001] ..... 20221.042493: system_heap_do_allocate.constprop.0 <-system_uncached_heap_allocate
 mppjpegenc0:src-8715    [000] ..... 20221.056063: system_heap_dma_buf_release <-dma_buf_release
      queue0:src-8709    [001] ..... 20221.075761: system_heap_do_allocate.constprop.0 <-system_uncached_heap_allocate
 mppjpegenc0:src-8715    [000] ..... 20221.089281: system_heap_dma_buf_release <-dma_buf_release
      queue0:src-8709    [001] ..... 20221.109107: system_heap_do_allocate.constprop.0 <-system_uncached_heap_allocate
 mppjpegenc0:src-8715    [000] ..... 20221.122842: system_heap_dma_buf_release <-dma_buf_release
      queue0:src-8709    [001] ..... 20221.142374: system_heap_do_allocate.constprop.0 <-system_uncached_heap_allocate
 mppjpegenc0:src-8715    [000] ..... 20221.156097: system_heap_dma_buf_release <-dma_buf_release
      queue0:src-8709    [001] ..... 20221.175685: system_heap_do_allocate.constprop.0 <-system_uncached_heap_allocate
 mppjpegenc0:src-8715    [000] ..... 20221.189411: system_heap_dma_buf_release <-dma_buf_release
      queue0:src-8709    [001] ..... 20221.208948: system_heap_do_allocate.constprop.0 <-system_uncached_heap_allocate
 mppjpegenc0:src-8715    [000] ..... 20221.222749: system_heap_dma_buf_release <-dma_buf_release
      queue0:src-8709    [001] ..... 20221.242217: system_heap_do_allocate.constprop.0 <-system_uncached_heap_allocate
 mppjpegenc0:src-8715    [000] ..... 20221.256054: system_heap_dma_buf_release <-dma_buf_release
      queue0:src-8709    [001] ..... 20221.275490: system_heap_do_allocate.constprop.0 <-system_uncached_heap_allocate
 mppjpegenc0:src-8715    [000] ..... 20221.289217: system_heap_dma_buf_release <-dma_buf_release
      queue0:src-8709    [001] ..... 20221.308775: system_heap_do_allocate.constprop.0 <-system_uncached_heap_allocate
 mppjpegenc0:src-8715    [000] ..... 20221.322564: system_heap_dma_buf_release <-dma_buf_release
      queue0:src-8709    [001] ..... 20221.342062: system_heap_do_allocate.constprop.0 <-system_uncached_heap_allocate
 mppjpegenc0:src-8715    [000] ..... 20221.355877: system_heap_dma_buf_release <-dma_buf_release
      queue0:src-8709    [001] ..... 20221.375316: system_heap_do_allocate.constprop.0 <-system_uncached_heap_allocate
 mppjpegenc0:src-8715    [000] ..... 20221.389094: system_heap_dma_buf_release <-dma_buf_release
      queue0:src-8709    [001] ..... 20221.408624: system_heap_do_allocate.constprop.0 <-system_uncached_heap_allocate
 mppjpegenc0:src-8715    [000] ..... 20221.422270: system_heap_dma_buf_release <-dma_buf_release
      queue0:src-8709    [001] ..... 20221.441904: system_heap_do_allocate.constprop.0 <-system_uncached_heap_allocate
 mppjpegenc0:src-8715    [000] ..... 20221.455463: system_heap_dma_buf_release <-dma_buf_release
      queue0:src-8709    [001] ..... 20221.475159: system_heap_do_allocate.constprop.0 <-system_uncached_heap_allocate
 mppjpegenc0:src-8715    [000] ..... 20221.488961: system_heap_dma_buf_release <-dma_buf_release
      queue0:src-8709    [001] ..... 20221.508461: system_heap_do_allocate.constprop.0 <-system_uncached_heap_allocate
 mppjpegenc0:src-8715    [000] ..... 20221.522183: system_heap_dma_buf_release <-dma_buf_release
      queue0:src-8709    [001] ..... 20221.541746: system_heap_do_allocate.constprop.0 <-system_uncached_heap_allocate
 mppjpegenc0:src-8715    [000] ..... 20221.555403: system_heap_dma_buf_release <-dma_buf_release
      queue0:src-8709    [001] ..... 20221.574977: system_heap_do_allocate.constprop.0 <-system_uncached_heap_allocate
 mppjpegenc0:src-8715    [000] ..... 20221.588629: system_heap_dma_buf_release <-dma_buf_release
      queue0:src-8709    [001] ..... 20221.608308: system_heap_do_allocate.constprop.0 <-system_uncached_heap_allocate
 mppjpegenc0:src-8715    [000] ..... 20221.622047: system_heap_dma_buf_release <-dma_buf_release
      queue0:src-8709    [001] ..... 20221.641605: system_heap_do_allocate.constprop.0 <-system_uncached_heap_allocate
 mppjpegenc0:src-8715    [000] ..... 20221.655318: system_heap_dma_buf_release <-dma_buf_release
      queue0:src-8709    [001] ..... 20221.674836: system_heap_do_allocate.constprop.0 <-system_uncached_heap_allocate
 mppjpegenc0:src-8715    [000] ..... 20221.688633: system_heap_dma_buf_release <-dma_buf_release
      queue0:src-8709    [001] ..... 20221.708141: system_heap_do_allocate.constprop.0 <-system_uncached_heap_allocate
 mppjpegenc0:src-8715    [000] ..... 20221.722253: system_heap_dma_buf_release <-dma_buf_release
      queue0:src-8709    [001] ..... 20221.741426: system_heap_do_allocate.constprop.0 <-system_uncached_heap_allocate
 mppjpegenc0:src-8715    [000] ..... 20221.755129: system_heap_dma_buf_release <-dma_buf_release
      queue0:src-8709    [001] ..... 20221.774701: system_heap_do_allocate.constprop.0 <-system_uncached_heap_allocate
 mppjpegenc0:src-8715    [000] ..... 20221.788408: system_heap_dma_buf_release <-dma_buf_release
      queue0:src-8709    [001] ..... 20221.807991: system_heap_do_allocate.constprop.0 <-system_uncached_heap_allocate
 mppjpegenc0:src-8715    [000] ..... 20221.821780: system_heap_dma_buf_release <-dma_buf_release
      queue0:src-8709    [001] ..... 20221.841273: system_heap_do_allocate.constprop.0 <-system_uncached_heap_allocate
 mppjpegenc0:src-8715    [000] ..... 20221.855008: system_heap_dma_buf_release <-dma_buf_release
      queue0:src-8709    [001] ..... 20221.874518: system_heap_do_allocate.constprop.0 <-system_uncached_heap_allocate
 mppjpegenc0:src-8715    [000] ..... 20221.889477: system_heap_dma_buf_release <-dma_buf_release
      queue0:src-8709    [001] ..... 20221.907835: system_heap_do_allocate.constprop.0 <-system_uncached_heap_allocate
 mppjpegenc0:src-8715    [000] ..... 20221.921692: system_heap_dma_buf_release <-dma_buf_release
      queue0:src-8709    [001] ..... 20221.941106: system_heap_do_allocate.constprop.0 <-system_uncached_heap_allocate
 mppjpegenc0:src-8715    [003] ..... 20221.955383: system_heap_dma_buf_release <-dma_buf_release
      queue0:src-8709    [001] ..... 20221.974344: system_heap_do_allocate.constprop.0 <-system_uncached_heap_allocate
 mppjpegenc0:src-8715    [003] ..... 20221.988017: system_heap_dma_buf_release <-dma_buf_release
      queue0:src-8709    [001] ..... 20222.007677: system_heap_do_allocate.constprop.0 <-system_uncached_heap_allocate
 mppjpegenc0:src-8715    [003] ..... 20222.021471: system_heap_dma_buf_release <-dma_buf_release
      queue0:src-8709    [001] ..... 20222.040948: system_heap_do_allocate.constprop.0 <-system_uncached_heap_allocate
 mppjpegenc0:src-8715    [003] ..... 20222.054692: system_heap_dma_buf_release <-dma_buf_release
      queue0:src-8709    [001] ..... 20222.074233: system_heap_do_allocate.constprop.0 <-system_uncached_heap_allocate
 mppjpegenc0:src-8715    [003] ..... 20222.089049: system_heap_dma_buf_release <-dma_buf_release
      queue0:src-8709    [001] ..... 20222.107497: system_heap_do_allocate.constprop.0 <-system_uncached_heap_allocate
 mppjpegenc0:src-8715    [003] ..... 20222.121078: system_heap_dma_buf_release <-dma_buf_release
      queue0:src-8709    [001] ..... 20222.140793: system_heap_do_allocate.constprop.0 <-system_uncached_heap_allocate
 mppjpegenc0:src-8715    [003] ..... 20222.154410: system_heap_dma_buf_release <-dma_buf_release
      queue0:src-8709    [001] ..... 20222.174063: system_heap_do_allocate.constprop.0 <-system_uncached_heap_allocate
 mppjpegenc0:src-8715    [003] ..... 20222.187780: system_heap_dma_buf_release <-dma_buf_release
      queue0:src-8709    [001] ..... 20222.207301: system_heap_do_allocate.constprop.0 <-system_uncached_heap_allocate
 mppjpegenc0:src-8715    [003] ..... 20222.221005: system_heap_dma_buf_release <-dma_buf_release
      queue0:src-8709    [001] ..... 20222.240624: system_heap_do_allocate.constprop.0 <-system_uncached_heap_allocate
 mppjpegenc0:src-8715    [003] ..... 20222.254222: system_heap_dma_buf_release <-dma_buf_release
      queue0:src-8709    [001] ..... 20222.273913: system_heap_do_allocate.constprop.0 <-system_uncached_heap_allocate
 mppjpegenc0:src-8715    [003] ..... 20222.287517: system_heap_dma_buf_release <-dma_buf_release
      queue0:src-8709    [001] ..... 20222.307145: system_heap_do_allocate.constprop.0 <-system_uncached_heap_allocate
 mppjpegenc0:src-8715    [003] ..... 20222.320887: system_heap_dma_buf_release <-dma_buf_release
      queue0:src-8709    [001] ..... 20222.340468: system_heap_do_allocate.constprop.0 <-system_uncached_heap_allocate
 mppjpegenc0:src-8715    [003] ..... 20222.354132: system_heap_dma_buf_release <-dma_buf_release
      queue0:src-8709    [001] ..... 20222.373749: system_heap_do_allocate.constprop.0 <-system_uncached_heap_allocate
 mppjpegenc0:src-8715    [003] ..... 20222.388022: system_heap_dma_buf_release <-dma_buf_release
      queue0:src-8709    [001] ..... 20222.407022: system_heap_do_allocate.constprop.0 <-system_uncached_heap_allocate
 mppjpegenc0:src-8715    [003] ..... 20222.420791: system_heap_dma_buf_release <-dma_buf_release
      queue0:src-8709    [001] ..... 20222.440293: system_heap_do_allocate.constprop.0 <-system_uncached_heap_allocate
 mppjpegenc0:src-8715    [003] ..... 20222.454662: system_heap_dma_buf_release <-dma_buf_release
      queue0:src-8709    [001] ..... 20222.473587: system_heap_do_allocate.constprop.0 <-system_uncached_heap_allocate
 mppjpegenc0:src-8715    [003] ..... 20222.487255: system_heap_dma_buf_release <-dma_buf_release
      queue0:src-8709    [001] ..... 20222.506827: system_heap_do_allocate.constprop.0 <-system_uncached_heap_allocate
 mppjpegenc0:src-8715    [003] ..... 20222.520465: system_heap_dma_buf_release <-dma_buf_release
      queue0:src-8709    [001] ..... 20222.540152: system_heap_do_allocate.constprop.0 <-system_uncached_heap_allocate
 mppjpegenc0:src-8715    [003] ..... 20222.554476: system_heap_dma_buf_release <-dma_buf_release
      queue0:src-8709    [001] ..... 20222.573425: system_heap_do_allocate.constprop.0 <-system_uncached_heap_allocate
 mppjpegenc0:src-8715    [003] ..... 20222.587144: system_heap_dma_buf_release <-dma_buf_release
      queue0:src-8709    [001] ..... 20222.606660: system_heap_do_allocate.constprop.0 <-system_uncached_heap_allocate
 mppjpegenc0:src-8715    [003] ..... 20222.620229: system_heap_dma_buf_release <-dma_buf_release
      queue0:src-8709    [001] ..... 20222.639990: system_heap_do_allocate.constprop.0 <-system_uncached_heap_allocate
 mppjpegenc0:src-8715    [003] ..... 20222.653693: system_heap_dma_buf_release <-dma_buf_release
      queue0:src-8709    [001] ..... 20222.673269: system_heap_do_allocate.constprop.0 <-system_uncached_heap_allocate
 mppjpegenc0:src-8715    [000] ..... 20222.686999: system_heap_dma_buf_release <-dma_buf_release
      queue0:src-8709    [001] ..... 20222.706504: system_heap_do_allocate.constprop.0 <-system_uncached_heap_allocate
 mppjpegenc0:src-8715    [000] ..... 20222.721444: system_heap_dma_buf_release <-dma_buf_release
      queue0:src-8709    [001] ..... 20222.739826: system_heap_do_allocate.constprop.0 <-system_uncached_heap_allocate
 mppjpegenc0:src-8715    [000] ..... 20222.754720: system_heap_dma_buf_release <-dma_buf_release
      queue0:src-8709    [001] ..... 20222.773104: system_heap_do_allocate.constprop.0 <-system_uncached_heap_allocate
 mppjpegenc0:src-8715    [000] ..... 20222.786821: system_heap_dma_buf_release <-dma_buf_release
      queue0:src-8709    [001] ..... 20222.806361: system_heap_do_allocate.constprop.0 <-system_uncached_heap_allocate
 mppjpegenc0:src-8715    [000] ..... 20222.820224: system_heap_dma_buf_release <-dma_buf_release
      queue0:src-8709    [001] ..... 20222.839698: system_heap_do_allocate.constprop.0 <-system_uncached_heap_allocate
 mppjpegenc0:src-8715    [000] ..... 20222.853454: system_heap_dma_buf_release <-dma_buf_release
      queue0:src-8709    [001] ..... 20222.872946: system_heap_do_allocate.constprop.0 <-system_uncached_heap_allocate
 mppjpegenc0:src-8715    [000] ..... 20222.886693: system_heap_dma_buf_release <-dma_buf_release
      queue0:src-8709    [001] ..... 20222.906182: system_heap_do_allocate.constprop.0 <-system_uncached_heap_allocate
 mppjpegenc0:src-8715    [000] ..... 20222.920017: system_heap_dma_buf_release <-dma_buf_release
      queue0:src-8709    [001] ..... 20222.939495: system_heap_do_allocate.constprop.0 <-system_uncached_heap_allocate
 mppjpegenc0:src-8715    [000] ..... 20222.953308: system_heap_dma_buf_release <-dma_buf_release
      queue0:src-8709    [001] ..... 20222.972848: system_heap_do_allocate.constprop.0 <-system_uncached_heap_allocate
 mppjpegenc0:src-8715    [000] ..... 20222.986564: system_heap_dma_buf_release <-dma_buf_release
      queue0:src-8709    [001] ..... 20223.006064: system_heap_do_allocate.constprop.0 <-system_uncached_heap_allocate
 mppjpegenc0:src-8715    [000] ..... 20223.019718: system_heap_dma_buf_release <-dma_buf_release
      queue0:src-8709    [001] ..... 20223.039313: system_heap_do_allocate.constprop.0 <-system_uncached_heap_allocate
 mppjpegenc0:src-8715    [003] ..... 20223.052999: system_heap_dma_buf_release <-dma_buf_release
      queue0:src-8709    [001] ..... 20223.072624: system_heap_do_allocate.constprop.0 <-system_uncached_heap_allocate
 mppjpegenc0:src-8715    [003] ..... 20223.086382: system_heap_dma_buf_release <-dma_buf_release
      queue0:src-8709    [001] ..... 20223.105909: system_heap_do_allocate.constprop.0 <-system_uncached_heap_allocate
 mppjpegenc0:src-8715    [003] ..... 20223.119464: system_heap_dma_buf_release <-dma_buf_release
      queue0:src-8709    [001] ..... 20223.139144: system_heap_do_allocate.constprop.0 <-system_uncached_heap_allocate
 mppjpegenc0:src-8715    [003] ..... 20223.152783: system_heap_dma_buf_release <-dma_buf_release
      queue0:src-8709    [001] ..... 20223.172466: system_heap_do_allocate.constprop.0 <-system_uncached_heap_allocate
 mppjpegenc0:src-8715    [003] ..... 20223.186101: system_heap_dma_buf_release <-dma_buf_release
      queue0:src-8709    [001] ..... 20223.205749: system_heap_do_allocate.constprop.0 <-system_uncached_heap_allocate
 mppjpegenc0:src-8715    [003] ..... 20223.219610: system_heap_dma_buf_release <-dma_buf_release
      queue0:src-8709    [001] ..... 20223.239020: system_heap_do_allocate.constprop.0 <-system_uncached_heap_allocate
 mppjpegenc0:src-8715    [003] ..... 20223.252755: system_heap_dma_buf_release <-dma_buf_release
      queue0:src-8709    [001] ..... 20223.272298: system_heap_do_allocate.constprop.0 <-system_uncached_heap_allocate
 mppjpegenc0:src-8715    [003] ..... 20223.286054: system_heap_dma_buf_release <-dma_buf_release
      queue0:src-8709    [001] ..... 20223.305590: system_heap_do_allocate.constprop.0 <-system_uncached_heap_allocate
 mppjpegenc0:src-8715    [003] ..... 20223.319216: system_heap_dma_buf_release <-dma_buf_release
      queue0:src-8709    [001] ..... 20223.338848: system_heap_do_allocate.constprop.0 <-system_uncached_heap_allocate
 mppjpegenc0:src-8715    [003] ..... 20223.352562: system_heap_dma_buf_release <-dma_buf_release
      queue0:src-8709    [001] ..... 20223.372146: system_heap_do_allocate.constprop.0 <-system_uncached_heap_allocate
 mppjpegenc0:src-8715    [003] ..... 20223.385907: system_heap_dma_buf_release <-dma_buf_release
      queue0:src-8709    [001] ..... 20223.405423: system_heap_do_allocate.constprop.0 <-system_uncached_heap_allocate
 mppjpegenc0:src-8715    [003] ..... 20223.419005: system_heap_dma_buf_release <-dma_buf_release
      queue0:src-8709    [001] ..... 20223.438682: system_heap_do_allocate.constprop.0 <-system_uncached_heap_allocate
 mppjpegenc0:src-8715    [003] ..... 20223.452373: system_heap_dma_buf_release <-dma_buf_release
      queue0:src-8709    [001] ..... 20223.471991: system_heap_do_allocate.constprop.0 <-system_uncached_heap_allocate
 mppjpegenc0:src-8715    [003] ..... 20223.485746: system_heap_dma_buf_release <-dma_buf_release
      queue0:src-8709    [001] ..... 20223.505267: system_heap_do_allocate.constprop.0 <-system_uncached_heap_allocate
 mppjpegenc0:src-8715    [003] ..... 20223.518961: system_heap_dma_buf_release <-dma_buf_release
      queue0:src-8709    [001] ..... 20223.538537: system_heap_do_allocate.constprop.0 <-system_uncached_heap_allocate
 mppjpegenc0:src-8715    [003] ..... 20223.552161: system_heap_dma_buf_release <-dma_buf_release
      queue0:src-8709    [001] ..... 20223.571833: system_heap_do_allocate.constprop.0 <-system_uncached_heap_allocate
 mppjpegenc0:src-8715    [003] ..... 20223.585545: system_heap_dma_buf_release <-dma_buf_release
      queue0:src-8709    [001] ..... 20223.605105: system_heap_do_allocate.constprop.0 <-system_uncached_heap_allocate
 mppjpegenc0:src-8715    [003] ..... 20223.618878: system_heap_dma_buf_release <-dma_buf_release
      queue0:src-8709    [001] ..... 20223.638385: system_heap_do_allocate.constprop.0 <-system_uncached_heap_allocate
 mppjpegenc0:src-8715    [003] ..... 20223.652247: system_heap_dma_buf_release <-dma_buf_release
      queue0:src-8709    [001] ..... 20223.671682: system_heap_do_allocate.constprop.0 <-system_uncached_heap_allocate
 mppjpegenc0:src-8715    [003] ..... 20223.685424: system_heap_dma_buf_release <-dma_buf_release
      queue0:src-8709    [001] ..... 20223.704949: system_heap_do_allocate.constprop.0 <-system_uncached_heap_allocate
 mppjpegenc0:src-8715    [003] ..... 20223.718622: system_heap_dma_buf_release <-dma_buf_release
      queue0:src-8709    [001] ..... 20223.738238: system_heap_do_allocate.constprop.0 <-system_uncached_heap_allocate
 mppjpegenc0:src-8715    [003] ..... 20223.751979: system_heap_dma_buf_release <-dma_buf_release
      queue0:src-8709    [001] ..... 20223.771512: system_heap_do_allocate.constprop.0 <-system_uncached_heap_allocate
 mppjpegenc0:src-8715    [003] ..... 20223.785268: system_heap_dma_buf_release <-dma_buf_release
      queue0:src-8709    [001] ..... 20223.804820: system_heap_do_allocate.constprop.0 <-system_uncached_heap_allocate
 mppjpegenc0:src-8715    [003] ..... 20223.818407: system_heap_dma_buf_release <-dma_buf_release
      queue0:src-8709    [001] ..... 20223.838082: system_heap_do_allocate.constprop.0 <-system_uncached_heap_allocate
 mppjpegenc0:src-8715    [003] ..... 20223.851659: system_heap_dma_buf_release <-dma_buf_release
      queue0:src-8709    [001] ..... 20223.871320: system_heap_do_allocate.constprop.0 <-system_uncached_heap_allocate
 mppjpegenc0:src-8715    [003] ..... 20223.885079: system_heap_dma_buf_release <-dma_buf_release
      queue0:src-8709    [001] ..... 20223.904649: system_heap_do_allocate.constprop.0 <-system_uncached_heap_allocate
 mppjpegenc0:src-8715    [003] ..... 20223.918409: system_heap_dma_buf_release <-dma_buf_release
      queue0:src-8709    [001] ..... 20223.937915: system_heap_do_allocate.constprop.0 <-system_uncached_heap_allocate
 mppjpegenc0:src-8715    [003] ..... 20223.951419: system_heap_dma_buf_release <-dma_buf_release
      queue0:src-8709    [001] ..... 20223.971145: system_heap_do_allocate.constprop.0 <-system_uncached_heap_allocate
 mppjpegenc0:src-8715    [000] ..... 20223.985423: system_heap_dma_buf_release <-dma_buf_release
      queue0:src-8709    [001] ..... 20224.004481: system_heap_do_allocate.constprop.0 <-system_uncached_heap_allocate
 mppjpegenc0:src-8715    [000] ..... 20224.018368: system_heap_dma_buf_release <-dma_buf_release
      queue0:src-8709    [001] ..... 20224.037752: system_heap_do_allocate.constprop.0 <-system_uncached_heap_allocate
 mppjpegenc0:src-8715    [000] ..... 20224.051376: system_heap_dma_buf_release <-dma_buf_release
      queue0:src-8709    [001] ..... 20224.070963: system_heap_do_allocate.constprop.0 <-system_uncached_heap_allocate
 mppjpegenc0:src-8715    [000] ..... 20224.084593: system_heap_dma_buf_release <-dma_buf_release
      queue0:src-8709    [001] ..... 20224.104284: system_heap_do_allocate.constprop.0 <-system_uncached_heap_allocate
 mppjpegenc0:src-8715    [000] ..... 20224.117959: system_heap_dma_buf_release <-dma_buf_release
      queue0:src-8709    [001] ..... 20224.137588: system_heap_do_allocate.constprop.0 <-system_uncached_heap_allocate
 mppjpegenc0:src-8715    [003] ..... 20224.151690: system_heap_dma_buf_release <-dma_buf_release
      queue0:src-8709    [001] ..... 20224.170825: system_heap_do_allocate.constprop.0 <-system_uncached_heap_allocate
 mppjpegenc0:src-8715    [003] ..... 20224.184564: system_heap_dma_buf_release <-dma_buf_release
      queue0:src-8709    [001] ..... 20224.204160: system_heap_do_allocate.constprop.0 <-system_uncached_heap_allocate
 mppjpegenc0:src-8715    [003] ..... 20224.218348: system_heap_dma_buf_release <-dma_buf_release
      queue0:src-8709    [001] ..... 20224.237432: system_heap_do_allocate.constprop.0 <-system_uncached_heap_allocate
 mppjpegenc0:src-8715    [003] ..... 20224.251100: system_heap_dma_buf_release <-dma_buf_release
      queue0:src-8709    [001] ..... 20224.270658: system_heap_do_allocate.constprop.0 <-system_uncached_heap_allocate
 mppjpegenc0:src-8715    [003] ..... 20224.284527: system_heap_dma_buf_release <-dma_buf_release
      queue0:src-8709    [001] ..... 20224.304009: system_heap_do_allocate.constprop.0 <-system_uncached_heap_allocate
 mppjpegenc0:src-8715    [003] ..... 20224.318167: system_heap_dma_buf_release <-dma_buf_release
      queue0:src-8709    [001] ..... 20224.337281: system_heap_do_allocate.constprop.0 <-system_uncached_heap_allocate
 mppjpegenc0:src-8715    [003] ..... 20224.350918: system_heap_dma_buf_release <-dma_buf_release
      queue0:src-8709    [001] ..... 20224.370557: system_heap_do_allocate.constprop.0 <-system_uncached_heap_allocate
 mppjpegenc0:src-8715    [003] ..... 20224.384243: system_heap_dma_buf_release <-dma_buf_release
      queue0:src-8709    [001] ..... 20224.403852: system_heap_do_allocate.constprop.0 <-system_uncached_heap_allocate
 mppjpegenc0:src-8715    [003] ..... 20224.417648: system_heap_dma_buf_release <-dma_buf_release
      queue0:src-8709    [001] ..... 20224.437117: system_heap_do_allocate.constprop.0 <-system_uncached_heap_allocate
 mppjpegenc0:src-8715    [003] ..... 20224.450924: system_heap_dma_buf_release <-dma_buf_release
      queue0:src-8709    [001] ..... 20224.470391: system_heap_do_allocate.constprop.0 <-system_uncached_heap_allocate
 mppjpegenc0:src-8715    [003] ..... 20224.484194: system_heap_dma_buf_release <-dma_buf_release
      queue0:src-8709    [001] ..... 20224.503697: system_heap_do_allocate.constprop.0 <-system_uncached_heap_allocate
 mppjpegenc0:src-8715    [003] ..... 20224.517478: system_heap_dma_buf_release <-dma_buf_release
      queue0:src-8709    [001] ..... 20224.536968: system_heap_do_allocate.constprop.0 <-system_uncached_heap_allocate
 mppjpegenc0:src-8715    [003] ..... 20224.550667: system_heap_dma_buf_release <-dma_buf_release
      queue0:src-8709    [001] ..... 20224.570182: system_heap_do_allocate.constprop.0 <-system_uncached_heap_allocate
 mppjpegenc0:src-8715    [003] ..... 20224.583925: system_heap_dma_buf_release <-dma_buf_release
      queue0:src-8709    [001] ..... 20224.603461: system_heap_do_allocate.constprop.0 <-system_uncached_heap_allocate
 mppjpegenc0:src-8715    [003] ..... 20224.617172: system_heap_dma_buf_release <-dma_buf_release
      queue0:src-8709    [001] ..... 20224.636801: system_heap_do_allocate.constprop.0 <-system_uncached_heap_allocate
 mppjpegenc0:src-8715    [003] ..... 20224.650514: system_heap_dma_buf_release <-dma_buf_release
      queue0:src-8709    [001] ..... 20224.670081: system_heap_do_allocate.constprop.0 <-system_uncached_heap_allocate
 mppjpegenc0:src-8715    [000] ..... 20224.683777: system_heap_dma_buf_release <-dma_buf_release
      queue0:src-8709    [001] ..... 20224.703281: system_heap_do_allocate.constprop.0 <-system_uncached_heap_allocate
 mppjpegenc0:src-8715    [003] ..... 20224.717067: system_heap_dma_buf_release <-dma_buf_release
      queue0:src-8709    [001] ..... 20224.736628: system_heap_do_allocate.constprop.0 <-system_uncached_heap_allocate
 mppjpegenc0:src-8715    [003] ..... 20224.750365: system_heap_dma_buf_release <-dma_buf_release
      queue0:src-8709    [001] ..... 20224.769910: system_heap_do_allocate.constprop.0 <-system_uncached_heap_allocate
 mppjpegenc0:src-8715    [003] ..... 20224.783550: system_heap_dma_buf_release <-dma_buf_release
      queue0:src-8709    [001] ..... 20224.803164: system_heap_do_allocate.constprop.0 <-system_uncached_heap_allocate
 mppjpegenc0:src-8715    [003] ..... 20224.816949: system_heap_dma_buf_release <-dma_buf_release
      queue0:src-8709    [001] ..... 20224.836464: system_heap_do_allocate.constprop.0 <-system_uncached_heap_allocate
 mppjpegenc0:src-8715    [003] ..... 20224.850169: system_heap_dma_buf_release <-dma_buf_release
      queue0:src-8709    [001] ..... 20224.869751: system_heap_do_allocate.constprop.0 <-system_uncached_heap_allocate
 mppjpegenc0:src-8715    [003] ..... 20224.884014: system_heap_dma_buf_release <-dma_buf_release
      queue0:src-8709    [001] ..... 20224.902994: system_heap_do_allocate.constprop.0 <-system_uncached_heap_allocate
 mppjpegenc0:src-8715    [003] ..... 20224.916688: system_heap_dma_buf_release <-dma_buf_release
      queue0:src-8709    [001] ..... 20224.936310: system_heap_do_allocate.constprop.0 <-system_uncached_heap_allocate
 mppjpegenc0:src-8715    [003] ..... 20224.950094: system_heap_dma_buf_release <-dma_buf_release
      queue0:src-8709    [001] ..... 20224.969593: system_heap_do_allocate.constprop.0 <-system_uncached_heap_allocate
 mppjpegenc0:src-8715    [003] ..... 20224.983307: system_heap_dma_buf_release <-dma_buf_release
      queue0:src-8709    [001] ..... 20225.002864: system_heap_do_allocate.constprop.0 <-system_uncached_heap_allocate
 mppjpegenc0:src-8715    [003] ..... 20225.016783: system_heap_dma_buf_release <-dma_buf_release
      queue0:src-8709    [001] ..... 20225.036182: system_heap_do_allocate.constprop.0 <-system_uncached_heap_allocate
 mppjpegenc0:src-8715    [003] ..... 20225.049884: system_heap_dma_buf_release <-dma_buf_release
      queue0:src-8709    [001] ..... 20225.069441: system_heap_do_allocate.constprop.0 <-system_uncached_heap_allocate
 mppjpegenc0:src-8715    [003] ..... 20225.083114: system_heap_dma_buf_release <-dma_buf_release
      queue0:src-8709    [001] ..... 20225.102691: system_heap_do_allocate.constprop.0 <-system_uncached_heap_allocate
 mppjpegenc0:src-8715    [003] ..... 20225.116463: system_heap_dma_buf_release <-dma_buf_release
      queue0:src-8709    [001] ..... 20225.135997: system_heap_do_allocate.constprop.0 <-system_uncached_heap_allocate
 mppjpegenc0:src-8715    [003] ..... 20225.149983: system_heap_dma_buf_release <-dma_buf_release
      queue0:src-8709    [001] ..... 20225.169278: system_heap_do_allocate.constprop.0 <-system_uncached_heap_allocate
 mppjpegenc0:src-8715    [003] ..... 20225.182911: system_heap_dma_buf_release <-dma_buf_release
      queue0:src-8709    [001] ..... 20225.202542: system_heap_do_allocate.constprop.0 <-system_uncached_heap_allocate
 mppjpegenc0:src-8715    [003] ..... 20225.216430: system_heap_dma_buf_release <-dma_buf_release
      queue0:src-8709    [001] ..... 20225.235844: system_heap_do_allocate.constprop.0 <-system_uncached_heap_allocate
 mppjpegenc0:src-8715    [003] ..... 20225.249595: system_heap_dma_buf_release <-dma_buf_release
      queue0:src-8709    [001] ..... 20225.269123: system_heap_do_allocate.constprop.0 <-system_uncached_heap_allocate
 mppjpegenc0:src-8715    [003] ..... 20225.282801: system_heap_dma_buf_release <-dma_buf_release
      queue0:src-8709    [001] ..... 20225.302373: system_heap_do_allocate.constprop.0 <-system_uncached_heap_allocate
 mppjpegenc0:src-8715    [003] ..... 20225.316224: system_heap_dma_buf_release <-dma_buf_release
      queue0:src-8709    [001] ..... 20225.335697: system_heap_do_allocate.constprop.0 <-system_uncached_heap_allocate
 mppjpegenc0:src-8715    [003] ..... 20225.349466: system_heap_dma_buf_release <-dma_buf_release
      queue0:src-8709    [001] ..... 20225.368958: system_heap_do_allocate.constprop.0 <-system_uncached_heap_allocate
 mppjpegenc0:src-8715    [003] ..... 20225.382626: system_heap_dma_buf_release <-dma_buf_release
      queue0:src-8709    [001] ..... 20225.402193: system_heap_do_allocate.constprop.0 <-system_uncached_heap_allocate
 mppjpegenc0:src-8715    [003] ..... 20225.415876: system_heap_dma_buf_release <-dma_buf_release
      queue0:src-8709    [001] ..... 20225.435516: system_heap_do_allocate.constprop.0 <-system_uncached_heap_allocate
 mppjpegenc0:src-8715    [003] ..... 20225.449275: system_heap_dma_buf_release <-dma_buf_release
      queue0:src-8709    [001] ..... 20225.468798: system_heap_do_allocate.constprop.0 <-system_uncached_heap_allocate
 mppjpegenc0:src-8715    [003] ..... 20225.482510: system_heap_dma_buf_release <-dma_buf_release
      queue0:src-8709    [001] ..... 20225.502080: system_heap_do_allocate.constprop.0 <-system_uncached_heap_allocate
 mppjpegenc0:src-8715    [003] ..... 20225.515932: system_heap_dma_buf_release <-dma_buf_release
      queue0:src-8709    [001] ..... 20225.535273: system_heap_do_allocate.constprop.0 <-system_uncached_heap_allocate
 mppjpegenc0:src-8715    [003] ..... 20225.549008: system_heap_dma_buf_release <-dma_buf_release
      queue0:src-8709    [001] ..... 20225.568632: system_heap_do_allocate.constprop.0 <-system_uncached_heap_allocate
 mppjpegenc0:src-8715    [003] ..... 20225.582422: system_heap_dma_buf_release <-dma_buf_release
      queue0:src-8709    [001] ..... 20225.601912: system_heap_do_allocate.constprop.0 <-system_uncached_heap_allocate
 mppjpegenc0:src-8715    [003] ..... 20225.615617: system_heap_dma_buf_release <-dma_buf_release
      queue0:src-8709    [001] ..... 20225.635107: system_heap_do_allocate.constprop.0 <-system_uncached_heap_allocate
 mppjpegenc0:src-8715    [003] ..... 20225.648940: system_heap_dma_buf_release <-dma_buf_release
      queue0:src-8709    [001] ..... 20225.668468: system_heap_do_allocate.constprop.0 <-system_uncached_heap_allocate
 mppjpegenc0:src-8715    [003] ..... 20225.682199: system_heap_dma_buf_release <-dma_buf_release
      queue0:src-8709    [001] ..... 20225.701706: system_heap_do_allocate.constprop.0 <-system_uncached_heap_allocate
 mppjpegenc0:src-8715    [003] ..... 20225.715801: system_heap_dma_buf_release <-dma_buf_release
      queue0:src-8709    [001] ..... 20225.734997: system_heap_do_allocate.constprop.0 <-system_uncached_heap_allocate
 mppjpegenc0:src-8715    [003] ..... 20225.748790: system_heap_dma_buf_release <-dma_buf_release
      queue0:src-8709    [001] ..... 20225.768279: system_heap_do_allocate.constprop.0 <-system_uncached_heap_allocate
 mppjpegenc0:src-8715    [003] ..... 20225.782061: system_heap_dma_buf_release <-dma_buf_release
      queue0:src-8709    [001] ..... 20225.801591: system_heap_do_allocate.constprop.0 <-system_uncached_heap_allocate
 mppjpegenc0:src-8715    [003] ..... 20225.815224: system_heap_dma_buf_release <-dma_buf_release
      queue0:src-8709    [001] ..... 20225.834844: system_heap_do_allocate.constprop.0 <-system_uncached_heap_allocate
 mppjpegenc0:src-8715    [003] ..... 20225.848459: system_heap_dma_buf_release <-dma_buf_release
      queue0:src-8709    [001] ..... 20225.868162: system_heap_do_allocate.constprop.0 <-system_uncached_heap_allocate
 mppjpegenc0:src-8715    [003] ..... 20225.881951: system_heap_dma_buf_release <-dma_buf_release
      queue0:src-8709    [001] ..... 20225.901428: system_heap_do_allocate.constprop.0 <-system_uncached_heap_allocate
 mppjpegenc0:src-8715    [000] ..... 20225.915139: system_heap_dma_buf_release <-dma_buf_release
      queue0:src-8709    [001] ..... 20225.934619: system_heap_do_allocate.constprop.0 <-system_uncached_heap_allocate
 mppjpegenc0:src-8715    [000] ..... 20225.948264: system_heap_dma_buf_release <-dma_buf_release
      queue0:src-8709    [001] ..... 20225.968001: system_heap_do_allocate.constprop.0 <-system_uncached_heap_allocate
 mppjpegenc0:src-8715    [000] ..... 20225.982072: system_heap_dma_buf_release <-dma_buf_release
      queue0:src-8709    [001] ..... 20226.001272: system_heap_do_allocate.constprop.0 <-system_uncached_heap_allocate
 mppjpegenc0:src-8715    [000] ..... 20226.015279: system_heap_dma_buf_release <-dma_buf_release
      queue0:src-8709    [001] ..... 20226.034531: system_heap_do_allocate.constprop.0 <-system_uncached_heap_allocate
 mppjpegenc0:src-8715    [000] ..... 20226.048315: system_heap_dma_buf_release <-dma_buf_release
      queue0:src-8709    [001] ..... 20226.067807: system_heap_do_allocate.constprop.0 <-system_uncached_heap_allocate
 mppjpegenc0:src-8715    [000] ..... 20226.081539: system_heap_dma_buf_release <-dma_buf_release
      queue0:src-8709    [001] ..... 20226.101108: system_heap_do_allocate.constprop.0 <-system_uncached_heap_allocate
 mppjpegenc0:src-8715    [000] ..... 20226.114879: system_heap_dma_buf_release <-dma_buf_release
      queue0:src-8709    [001] ..... 20226.134362: system_heap_do_allocate.constprop.0 <-system_uncached_heap_allocate
 mppjpegenc0:src-8715    [000] ..... 20226.148169: system_heap_dma_buf_release <-dma_buf_release
      queue0:src-8709    [001] ..... 20226.167654: system_heap_do_allocate.constprop.0 <-system_uncached_heap_allocate
 mppjpegenc0:src-8715    [000] ..... 20226.181564: system_heap_dma_buf_release <-dma_buf_release
      queue0:src-8709    [001] ..... 20226.200952: system_heap_do_allocate.constprop.0 <-system_uncached_heap_allocate
 mppjpegenc0:src-8715    [000] ..... 20226.214749: system_heap_dma_buf_release <-dma_buf_release
      queue0:src-8709    [001] ..... 20226.234233: system_heap_do_allocate.constprop.0 <-system_uncached_heap_allocate
 mppjpegenc0:src-8715    [000] ..... 20226.248818: system_heap_dma_buf_release <-dma_buf_release
      queue0:src-8709    [001] ..... 20226.267459: system_heap_do_allocate.constprop.0 <-system_uncached_heap_allocate
 mppjpegenc0:src-8715    [000] ..... 20226.281271: system_heap_dma_buf_release <-dma_buf_release
      queue0:src-8709    [001] ..... 20226.300793: system_heap_do_allocate.constprop.0 <-system_uncached_heap_allocate
 mppjpegenc0:src-8715    [000] ..... 20226.314525: system_heap_dma_buf_release <-dma_buf_release
      queue0:src-8709    [001] ..... 20226.334074: system_heap_do_allocate.constprop.0 <-system_uncached_heap_allocate
 mppjpegenc0:src-8715    [000] ..... 20226.347736: system_heap_dma_buf_release <-dma_buf_release
      queue0:src-8709    [001] ..... 20226.367262: system_heap_do_allocate.constprop.0 <-system_uncached_heap_allocate
 mppjpegenc0:src-8715    [000] ..... 20226.381052: system_heap_dma_buf_release <-dma_buf_release
      queue0:src-8709    [001] ..... 20226.400629: system_heap_do_allocate.constprop.0 <-system_uncached_heap_allocate
 mppjpegenc0:src-8715    [000] ..... 20226.414404: system_heap_dma_buf_release <-dma_buf_release
      queue0:src-8709    [001] ..... 20226.433913: system_heap_do_allocate.constprop.0 <-system_uncached_heap_allocate
 mppjpegenc0:src-8715    [000] ..... 20226.447615: system_heap_dma_buf_release <-dma_buf_release
      queue0:src-8709    [001] ..... 20226.467124: system_heap_do_allocate.constprop.0 <-system_uncached_heap_allocate
 mppjpegenc0:src-8715    [000] ..... 20226.480777: system_heap_dma_buf_release <-dma_buf_release
      queue0:src-8709    [001] ..... 20226.500467: system_heap_do_allocate.constprop.0 <-system_uncached_heap_allocate
 mppjpegenc0:src-8715    [000] ..... 20226.514191: system_heap_dma_buf_release <-dma_buf_release
      queue0:src-8709    [001] ..... 20226.533746: system_heap_do_allocate.constprop.0 <-system_uncached_heap_allocate
 mppjpegenc0:src-8715    [000] ..... 20226.547382: system_heap_dma_buf_release <-dma_buf_release
      queue0:src-8709    [003] ..... 20226.567022: system_heap_do_allocate.constprop.0 <-system_uncached_heap_allocate
 mppjpegenc0:src-8715    [000] ..... 20226.580810: system_heap_dma_buf_release <-dma_buf_release
      queue0:src-8709    [003] ..... 20226.600301: system_heap_do_allocate.constprop.0 <-system_uncached_heap_allocate
 mppjpegenc0:src-8715    [000] ..... 20226.614074: system_heap_dma_buf_release <-dma_buf_release
      queue0:src-8709    [003] ..... 20226.633599: system_heap_do_allocate.constprop.0 <-system_uncached_heap_allocate
 mppjpegenc0:src-8715    [000] ..... 20226.647282: system_heap_dma_buf_release <-dma_buf_release
      queue0:src-8709    [003] ..... 20226.666872: system_heap_do_allocate.constprop.0 <-system_uncached_heap_allocate
 mppjpegenc0:src-8715    [000] ..... 20226.680612: system_heap_dma_buf_release <-dma_buf_release
      queue0:src-8709    [003] ..... 20226.700144: system_heap_do_allocate.constprop.0 <-system_uncached_heap_allocate
 mppjpegenc0:src-8715    [000] ..... 20226.714647: system_heap_dma_buf_release <-dma_buf_release
      queue0:src-8709    [003] ..... 20226.733435: system_heap_do_allocate.constprop.0 <-system_uncached_heap_allocate
 mppjpegenc0:src-8715    [000] ..... 20226.747172: system_heap_dma_buf_release <-dma_buf_release
      queue0:src-8709    [003] ..... 20226.766713: system_heap_do_allocate.constprop.0 <-system_uncached_heap_allocate
 mppjpegenc0:src-8715    [000] ..... 20226.780411: system_heap_dma_buf_release <-dma_buf_release
      queue0:src-8709    [003] ..... 20226.799999: system_heap_do_allocate.constprop.0 <-system_uncached_heap_allocate
 mppjpegenc0:src-8715    [000] ..... 20226.814125: system_heap_dma_buf_release <-dma_buf_release
      queue0:src-8709    [003] ..... 20226.833272: system_heap_do_allocate.constprop.0 <-system_uncached_heap_allocate
 mppjpegenc0:src-8715    [000] ..... 20226.847005: system_heap_dma_buf_release <-dma_buf_release
      queue0:src-8709    [003] ..... 20226.866560: system_heap_do_allocate.constprop.0 <-system_uncached_heap_allocate
 mppjpegenc0:src-8715    [000] ..... 20226.880248: system_heap_dma_buf_release <-dma_buf_release
      queue0:src-8709    [003] ..... 20226.899796: system_heap_do_allocate.constprop.0 <-system_uncached_heap_allocate
 mppjpegenc0:src-8715    [000] ..... 20226.913538: system_heap_dma_buf_release <-dma_buf_release
      queue0:src-8709    [003] ..... 20226.933112: system_heap_do_allocate.constprop.0 <-system_uncached_heap_allocate
 mppjpegenc0:src-8715    [000] ..... 20226.947348: system_heap_dma_buf_release <-dma_buf_release
      queue0:src-8709    [003] ..... 20226.966397: system_heap_do_allocate.constprop.0 <-system_uncached_heap_allocate
 mppjpegenc0:src-8715    [000] ..... 20226.981195: system_heap_dma_buf_release <-dma_buf_release
      queue0:src-8709    [003] ..... 20226.999626: system_heap_do_allocate.constprop.0 <-system_uncached_heap_allocate
 mppjpegenc0:src-8715    [000] ..... 20227.013382: system_heap_dma_buf_release <-dma_buf_release
      queue0:src-8709    [001] ..... 20227.032967: system_heap_do_allocate.constprop.0 <-system_uncached_heap_allocate
 mppjpegenc0:src-8715    [000] ..... 20227.047009: system_heap_dma_buf_release <-dma_buf_release
      queue0:src-8709    [000] ..... 20227.066240: system_heap_do_allocate.constprop.0 <-system_uncached_heap_allocate
 mppjpegenc0:src-8715    [001] ..... 20227.080981: system_heap_dma_buf_release <-dma_buf_release
      queue0:src-8709    [000] ..... 20227.099464: system_heap_do_allocate.constprop.0 <-system_uncached_heap_allocate
 mppjpegenc0:src-8715    [001] ..... 20227.113295: system_heap_dma_buf_release <-dma_buf_release
      queue0:src-8709    [000] ..... 20227.132790: system_heap_do_allocate.constprop.0 <-system_uncached_heap_allocate
 mppjpegenc0:src-8715    [001] ..... 20227.146872: system_heap_dma_buf_release <-dma_buf_release
      queue0:src-8709    [000] ..... 20227.166080: system_heap_do_allocate.constprop.0 <-system_uncached_heap_allocate
 mppjpegenc0:src-8715    [001] ..... 20227.179806: system_heap_dma_buf_release <-dma_buf_release
      queue0:src-8709    [000] ..... 20227.199286: system_heap_do_allocate.constprop.0 <-system_uncached_heap_allocate
 mppjpegenc0:src-8715    [001] ..... 20227.213104: system_heap_dma_buf_release <-dma_buf_release
      queue0:src-8709    [000] ..... 20227.232635: system_heap_do_allocate.constprop.0 <-system_uncached_heap_allocate
 mppjpegenc0:src-8715    [001] ..... 20227.246436: system_heap_dma_buf_release <-dma_buf_release
      queue0:src-8709    [000] ..... 20227.265906: system_heap_do_allocate.constprop.0 <-system_uncached_heap_allocate
 mppjpegenc0:src-8715    [001] ..... 20227.279592: system_heap_dma_buf_release <-dma_buf_release
      queue0:src-8709    [000] ..... 20227.299128: system_heap_do_allocate.constprop.0 <-system_uncached_heap_allocate
 mppjpegenc0:src-8715    [001] ..... 20227.312844: system_heap_dma_buf_release <-dma_buf_release
      queue0:src-8709    [000] ..... 20227.332472: system_heap_do_allocate.constprop.0 <-system_uncached_heap_allocate
 mppjpegenc0:src-8715    [001] ..... 20227.346228: system_heap_dma_buf_release <-dma_buf_release
      queue0:src-8709    [000] ..... 20227.365754: system_heap_do_allocate.constprop.0 <-system_uncached_heap_allocate
 mppjpegenc0:src-8715    [001] ..... 20227.380203: system_heap_dma_buf_release <-dma_buf_release
      queue0:src-8709    [000] ..... 20227.399023: system_heap_do_allocate.constprop.0 <-system_uncached_heap_allocate
 mppjpegenc0:src-8715    [001] ..... 20227.412788: system_heap_dma_buf_release <-dma_buf_release
      queue0:src-8709    [000] ..... 20227.432279: system_heap_do_allocate.constprop.0 <-system_uncached_heap_allocate
 mppjpegenc0:src-8715    [001] ..... 20227.446581: system_heap_dma_buf_release <-dma_buf_release
      queue0:src-8709    [000] ..... 20227.465596: system_heap_do_allocate.constprop.0 <-system_uncached_heap_allocate
 mppjpegenc0:src-8715    [001] ..... 20227.479468: system_heap_dma_buf_release <-dma_buf_release
      queue0:src-8709    [000] ..... 20227.498869: system_heap_do_allocate.constprop.0 <-system_uncached_heap_allocate
 mppjpegenc0:src-8715    [001] ..... 20227.512743: system_heap_dma_buf_release <-dma_buf_release
      queue0:src-8709    [000] ..... 20227.532157: system_heap_do_allocate.constprop.0 <-system_uncached_heap_allocate
 mppjpegenc0:src-8715    [001] ..... 20227.545881: system_heap_dma_buf_release <-dma_buf_release
      queue0:src-8709    [000] ..... 20227.565432: system_heap_do_allocate.constprop.0 <-system_uncached_heap_allocate
 mppjpegenc0:src-8715    [001] ..... 20227.579177: system_heap_dma_buf_release <-dma_buf_release
      queue0:src-8709    [000] ..... 20227.598703: system_heap_do_allocate.constprop.0 <-system_uncached_heap_allocate
 mppjpegenc0:src-8715    [001] ..... 20227.612528: system_heap_dma_buf_release <-dma_buf_release
      queue0:src-8709    [001] ..... 20227.632010: system_heap_do_allocate.constprop.0 <-system_uncached_heap_allocate
 mppjpegenc0:src-8715    [000] ..... 20227.645794: system_heap_dma_buf_release <-dma_buf_release
      queue0:src-8709    [001] ..... 20227.665274: system_heap_do_allocate.constprop.0 <-system_uncached_heap_allocate
 mppjpegenc0:src-8715    [000] ..... 20227.678996: system_heap_dma_buf_release <-dma_buf_release
      queue0:src-8709    [001] ..... 20227.698506: system_heap_do_allocate.constprop.0 <-system_uncached_heap_allocate
 mppjpegenc0:src-8715    [000] ..... 20227.713539: system_heap_dma_buf_release <-dma_buf_release
      queue0:src-8709    [001] ..... 20227.731813: system_heap_do_allocate.constprop.0 <-system_uncached_heap_allocate
 mppjpegenc0:src-8715    [002] ..... 20227.745629: system_heap_dma_buf_release <-dma_buf_release
      queue0:src-8709    [001] ..... 20227.765112: system_heap_do_allocate.constprop.0 <-system_uncached_heap_allocate
 mppjpegenc0:src-8715    [002] ..... 20227.778886: system_heap_dma_buf_release <-dma_buf_release
      queue0:src-8709    [001] ..... 20227.798387: system_heap_do_allocate.constprop.0 <-system_uncached_heap_allocate
 mppjpegenc0:src-8715    [002] ..... 20227.812163: system_heap_dma_buf_release <-dma_buf_release
      queue0:src-8709    [001] ..... 20227.831698: system_heap_do_allocate.constprop.0 <-system_uncached_heap_allocate
 mppjpegenc0:src-8715    [002] ..... 20227.845302: system_heap_dma_buf_release <-dma_buf_release
      queue0:src-8709    [001] ..... 20227.864952: system_heap_do_allocate.constprop.0 <-system_uncached_heap_allocate
 mppjpegenc0:src-8715    [002] ..... 20227.878796: system_heap_dma_buf_release <-dma_buf_release
      queue0:src-8709    [001] ..... 20227.898212: system_heap_do_allocate.constprop.0 <-system_uncached_heap_allocate
 mppjpegenc0:src-8715    [002] ..... 20227.911983: system_heap_dma_buf_release <-dma_buf_release
      queue0:src-8709    [001] ..... 20227.931446: system_heap_do_allocate.constprop.0 <-system_uncached_heap_allocate
 mppjpegenc0:src-8715    [002] ..... 20227.945219: system_heap_dma_buf_release <-dma_buf_release
      queue0:src-8709    [001] ..... 20227.964791: system_heap_do_allocate.constprop.0 <-system_uncached_heap_allocate
 mppjpegenc0:src-8715    [002] ..... 20227.978560: system_heap_dma_buf_release <-dma_buf_release
      queue0:src-8709    [001] ..... 20227.998072: system_heap_do_allocate.constprop.0 <-system_uncached_heap_allocate
 mppjpegenc0:src-8715    [002] ..... 20228.011852: system_heap_dma_buf_release <-dma_buf_release
      queue0:src-8709    [001] ..... 20228.031320: system_heap_do_allocate.constprop.0 <-system_uncached_heap_allocate
 mppjpegenc0:src-8715    [003] ..... 20228.045396: system_heap_dma_buf_release <-dma_buf_release
      queue0:src-8709    [001] ..... 20228.064644: system_heap_do_allocate.constprop.0 <-system_uncached_heap_allocate
 mppjpegenc0:src-8715    [003] ..... 20228.078310: system_heap_dma_buf_release <-dma_buf_release
      queue0:src-8709    [001] ..... 20228.097912: system_heap_do_allocate.constprop.0 <-system_uncached_heap_allocate
 mppjpegenc0:src-8715    [003] ..... 20228.111476: system_heap_dma_buf_release <-dma_buf_release
      queue0:src-8709    [001] ..... 20228.131180: system_heap_do_allocate.constprop.0 <-system_uncached_heap_allocate
 mppjpegenc0:src-8715    [003] ..... 20228.144965: system_heap_dma_buf_release <-dma_buf_release
      queue0:src-8709    [001] ..... 20228.164462: system_heap_do_allocate.constprop.0 <-system_uncached_heap_allocate
 mppjpegenc0:src-8715    [003] ..... 20228.178155: system_heap_dma_buf_release <-dma_buf_release
      queue0:src-8709    [001] ..... 20228.197747: system_heap_do_allocate.constprop.0 <-system_uncached_heap_allocate
 mppjpegenc0:src-8715    [003] ..... 20228.211343: system_heap_dma_buf_release <-dma_buf_release
      queue0:src-8709    [001] ..... 20228.231003: system_heap_do_allocate.constprop.0 <-system_uncached_heap_allocate
 mppjpegenc0:src-8715    [003] ..... 20228.244730: system_heap_dma_buf_release <-dma_buf_release
      queue0:src-8709    [001] ..... 20228.264316: system_heap_do_allocate.constprop.0 <-system_uncached_heap_allocate
 mppjpegenc0:src-8715    [003] ..... 20228.278087: system_heap_dma_buf_release <-dma_buf_release
      queue0:src-8709    [001] ..... 20228.297593: system_heap_do_allocate.constprop.0 <-system_uncached_heap_allocate
 mppjpegenc0:src-8715    [003] ..... 20228.311362: system_heap_dma_buf_release <-dma_buf_release
      queue0:src-8709    [001] ..... 20228.330827: system_heap_do_allocate.constprop.0 <-system_uncached_heap_allocate
 mppjpegenc0:src-8715    [003] ..... 20228.344603: system_heap_dma_buf_release <-dma_buf_release
      queue0:src-8709    [001] ..... 20228.364164: system_heap_do_allocate.constprop.0 <-system_uncached_heap_allocate
 mppjpegenc0:src-8715    [003] ..... 20228.377880: system_heap_dma_buf_release <-dma_buf_release
      queue0:src-8709    [001] ..... 20228.397440: system_heap_do_allocate.constprop.0 <-system_uncached_heap_allocate
 mppjpegenc0:src-8715    [003] ..... 20228.411164: system_heap_dma_buf_release <-dma_buf_release
      queue0:src-8709    [001] ..... 20228.430716: system_heap_do_allocate.constprop.0 <-system_uncached_heap_allocate
 mppjpegenc0:src-8715    [003] ..... 20228.444583: system_heap_dma_buf_release <-dma_buf_release
      queue0:src-8709    [001] ..... 20228.464014: system_heap_do_allocate.constprop.0 <-system_uncached_heap_allocate
 mppjpegenc0:src-8715    [003] ..... 20228.477729: system_heap_dma_buf_release <-dma_buf_release
      queue0:src-8709    [001] ..... 20228.497279: system_heap_do_allocate.constprop.0 <-system_uncached_heap_allocate
 mppjpegenc0:src-8715    [003] ..... 20228.511031: system_heap_dma_buf_release <-dma_buf_release
      queue0:src-8709    [001] ..... 20228.530546: system_heap_do_allocate.constprop.0 <-system_uncached_heap_allocate
 mppjpegenc0:src-8715    [003] ..... 20228.544292: system_heap_dma_buf_release <-dma_buf_release
      queue0:src-8709    [001] ..... 20228.563843: system_heap_do_allocate.constprop.0 <-system_uncached_heap_allocate
 mppjpegenc0:src-8715    [003] ..... 20228.577623: system_heap_dma_buf_release <-dma_buf_release
      queue0:src-8709    [001] ..... 20228.597131: system_heap_do_allocate.constprop.0 <-system_uncached_heap_allocate
 mppjpegenc0:src-8715    [003] ..... 20228.610819: system_heap_dma_buf_release <-dma_buf_release
      queue0:src-8709    [001] ..... 20228.630363: system_heap_do_allocate.constprop.0 <-system_uncached_heap_allocate
 mppjpegenc0:src-8715    [003] ..... 20228.644033: system_heap_dma_buf_release <-dma_buf_release
      queue0:src-8709    [001] ..... 20228.663653: system_heap_do_allocate.constprop.0 <-system_uncached_heap_allocate
 mppjpegenc0:src-8715    [003] ..... 20228.677461: system_heap_dma_buf_release <-dma_buf_release
      queue0:src-8709    [001] ..... 20228.696954: system_heap_do_allocate.constprop.0 <-system_uncached_heap_allocate
 mppjpegenc0:src-8715    [003] ..... 20228.710725: system_heap_dma_buf_release <-dma_buf_release
      queue0:src-8709    [001] ..... 20228.730231: system_heap_do_allocate.constprop.0 <-system_uncached_heap_allocate
 mppjpegenc0:src-8715    [003] ..... 20228.744957: system_heap_dma_buf_release <-dma_buf_release
      queue0:src-8709    [001] ..... 20228.763462: system_heap_do_allocate.constprop.0 <-system_uncached_heap_allocate
 mppjpegenc0:src-8715    [003] ..... 20228.777291: system_heap_dma_buf_release <-dma_buf_release
      queue0:src-8709    [001] ..... 20228.796795: system_heap_do_allocate.constprop.0 <-system_uncached_heap_allocate
 mppjpegenc0:src-8715    [003] ..... 20228.810546: system_heap_dma_buf_release <-dma_buf_release
      queue0:src-8709    [001] ..... 20228.830072: system_heap_do_allocate.constprop.0 <-system_uncached_heap_allocate
 mppjpegenc0:src-8715    [003] ..... 20228.843806: system_heap_dma_buf_release <-dma_buf_release
      queue0:src-8709    [001] ..... 20228.863333: system_heap_do_allocate.constprop.0 <-system_uncached_heap_allocate
 mppjpegenc0:src-8715    [003] ..... 20228.877045: system_heap_dma_buf_release <-dma_buf_release
      queue0:src-8709    [001] ..... 20228.896629: system_heap_do_allocate.constprop.0 <-system_uncached_heap_allocate
 mppjpegenc0:src-8715    [003] ..... 20228.910369: system_heap_dma_buf_release <-dma_buf_release
      queue0:src-8709    [001] ..... 20228.929911: system_heap_do_allocate.constprop.0 <-system_uncached_heap_allocate
 mppjpegenc0:src-8715    [003] ..... 20228.943532: system_heap_dma_buf_release <-dma_buf_release
      queue0:src-8709    [001] ..... 20228.963191: system_heap_do_allocate.constprop.0 <-system_uncached_heap_allocate
 mppjpegenc0:src-8715    [003] ..... 20228.977077: system_heap_dma_buf_release <-dma_buf_release
      queue0:src-8709    [001] ..... 20228.996471: system_heap_do_allocate.constprop.0 <-system_uncached_heap_allocate
 mppjpegenc0:src-8715    [003] ..... 20229.010167: system_heap_dma_buf_release <-dma_buf_release
      queue0:src-8709    [001] ..... 20229.029753: system_heap_do_allocate.constprop.0 <-system_uncached_heap_allocate
 mppjpegenc0:src-8715    [003] ..... 20229.043382: system_heap_dma_buf_release <-dma_buf_release
      queue0:src-8709    [001] ..... 20229.062983: system_heap_do_allocate.constprop.0 <-system_uncached_heap_allocate
 mppjpegenc0:src-8715    [003] ..... 20229.077035: system_heap_dma_buf_release <-dma_buf_release
      queue0:src-8709    [001] ..... 20229.096324: system_heap_do_allocate.constprop.0 <-system_uncached_heap_allocate
 mppjpegenc0:src-8715    [003] ..... 20229.110040: system_heap_dma_buf_release <-dma_buf_release
      queue0:src-8709    [001] ..... 20229.129580: system_heap_do_allocate.constprop.0 <-system_uncached_heap_allocate
 mppjpegenc0:src-8715    [003] ..... 20229.143195: system_heap_dma_buf_release <-dma_buf_release
      queue0:src-8709    [001] ..... 20229.162841: system_heap_do_allocate.constprop.0 <-system_uncached_heap_allocate
 mppjpegenc0:src-8715    [003] ..... 20229.176619: system_heap_dma_buf_release <-dma_buf_release
      queue0:src-8709    [001] ..... 20229.196165: system_heap_do_allocate.constprop.0 <-system_uncached_heap_allocate
 mppjpegenc0:src-8715    [003] ..... 20229.209961: system_heap_dma_buf_release <-dma_buf_release
      queue0:src-8709    [001] ..... 20229.229423: system_heap_do_allocate.constprop.0 <-system_uncached_heap_allocate
 mppjpegenc0:src-8715    [003] ..... 20229.243165: system_heap_dma_buf_release <-dma_buf_release
      queue0:src-8709    [001] ..... 20229.262681: system_heap_do_allocate.constprop.0 <-system_uncached_heap_allocate
 mppjpegenc0:src-8715    [003] ..... 20229.276391: system_heap_dma_buf_release <-dma_buf_release
      queue0:src-8709    [001] ..... 20229.296004: system_heap_do_allocate.constprop.0 <-system_uncached_heap_allocate
 mppjpegenc0:src-8715    [003] ..... 20229.309722: system_heap_dma_buf_release <-dma_buf_release
      queue0:src-8709    [001] ..... 20229.329262: system_heap_do_allocate.constprop.0 <-system_uncached_heap_allocate
 mppjpegenc0:src-8715    [003] ..... 20229.342924: system_heap_dma_buf_release <-dma_buf_release
      queue0:src-8709    [001] ..... 20229.362544: system_heap_do_allocate.constprop.0 <-system_uncached_heap_allocate
 mppjpegenc0:src-8715    [003] ..... 20229.376305: system_heap_dma_buf_release <-dma_buf_release
      queue0:src-8709    [001] ..... 20229.395844: system_heap_do_allocate.constprop.0 <-system_uncached_heap_allocate
 mppjpegenc0:src-8715    [003] ..... 20229.409581: system_heap_dma_buf_release <-dma_buf_release
      queue0:src-8709    [001] ..... 20229.429112: system_heap_do_allocate.constprop.0 <-system_uncached_heap_allocate
 mppjpegenc0:src-8715    [003] ..... 20229.442881: system_heap_dma_buf_release <-dma_buf_release
      queue0:src-8709    [001] ..... 20229.462369: system_heap_do_allocate.constprop.0 <-system_uncached_heap_allocate
 mppjpegenc0:src-8715    [003] ..... 20229.476122: system_heap_dma_buf_release <-dma_buf_release
      queue0:src-8709    [001] ..... 20229.495651: system_heap_do_allocate.constprop.0 <-system_uncached_heap_allocate
 mppjpegenc0:src-8715    [003] ..... 20229.509381: system_heap_dma_buf_release <-dma_buf_release
      queue0:src-8709    [001] ..... 20229.528943: system_heap_do_allocate.constprop.0 <-system_uncached_heap_allocate
 mppjpegenc0:src-8715    [003] ..... 20229.542638: system_heap_dma_buf_release <-dma_buf_release
      queue0:src-8709    [001] ..... 20229.562235: system_heap_do_allocate.constprop.0 <-system_uncached_heap_allocate
 mppjpegenc0:src-8715    [003] ..... 20229.575912: system_heap_dma_buf_release <-dma_buf_release
      queue0:src-8709    [001] ..... 20229.595456: system_heap_do_allocate.constprop.0 <-system_uncached_heap_allocate
 mppjpegenc0:src-8715    [003] ..... 20229.609263: system_heap_dma_buf_release <-dma_buf_release
      queue0:src-8709    [001] ..... 20229.628787: system_heap_do_allocate.constprop.0 <-system_uncached_heap_allocate
 mppjpegenc0:src-8715    [003] ..... 20229.642583: system_heap_dma_buf_release <-dma_buf_release
      queue0:src-8709    [001] ..... 20229.662072: system_heap_do_allocate.constprop.0 <-system_uncached_heap_allocate
 mppjpegenc0:src-8715    [003] ..... 20229.675642: system_heap_dma_buf_release <-dma_buf_release
      queue0:src-8709    [001] ..... 20229.695344: system_heap_do_allocate.constprop.0 <-system_uncached_heap_allocate
 mppjpegenc0:src-8715    [003] ..... 20229.709088: system_heap_dma_buf_release <-dma_buf_release
      queue0:src-8709    [001] ..... 20229.728585: system_heap_do_allocate.constprop.0 <-system_uncached_heap_allocate
 mppjpegenc0:src-8715    [003] ..... 20229.742246: system_heap_dma_buf_release <-dma_buf_release
      queue0:src-8709    [001] ..... 20229.761910: system_heap_do_allocate.constprop.0 <-system_uncached_heap_allocate
 mppjpegenc0:src-8715    [003] ..... 20229.775566: system_heap_dma_buf_release <-dma_buf_release
      queue0:src-8709    [001] ..... 20229.795151: system_heap_do_allocate.constprop.0 <-system_uncached_heap_allocate
 mppjpegenc0:src-8715    [003] ..... 20229.808885: system_heap_dma_buf_release <-dma_buf_release
      queue0:src-8709    [001] ..... 20229.828467: system_heap_do_allocate.constprop.0 <-system_uncached_heap_allocate
 mppjpegenc0:src-8715    [003] ..... 20229.842153: system_heap_dma_buf_release <-dma_buf_release
      queue0:src-8709    [001] ..... 20229.861752: system_heap_do_allocate.constprop.0 <-system_uncached_heap_allocate
 mppjpegenc0:src-8715    [003] ..... 20229.875503: system_heap_dma_buf_release <-dma_buf_release
      queue0:src-8709    [001] ..... 20229.894986: system_heap_do_allocate.constprop.0 <-system_uncached_heap_allocate
 mppjpegenc0:src-8715    [003] ..... 20229.908752: system_heap_dma_buf_release <-dma_buf_release
      queue0:src-8709    [001] ..... 20229.928307: system_heap_do_allocate.constprop.0 <-system_uncached_heap_allocate
 mppjpegenc0:src-8715    [003] ..... 20229.941997: system_heap_dma_buf_release <-dma_buf_release
      queue0:src-8709    [001] ..... 20229.961593: system_heap_do_allocate.constprop.0 <-system_uncached_heap_allocate
 mppjpegenc0:src-8715    [003] ..... 20229.975601: system_heap_dma_buf_release <-dma_buf_release
      queue0:src-8709    [001] ..... 20229.994867: system_heap_do_allocate.constprop.0 <-system_uncached_heap_allocate
 mppjpegenc0:src-8715    [003] ..... 20230.008751: system_heap_dma_buf_release <-dma_buf_release
      queue0:src-8709    [001] ..... 20230.028156: system_heap_do_allocate.constprop.0 <-system_uncached_heap_allocate
 mppjpegenc0:src-8715    [003] ..... 20230.042346: system_heap_dma_buf_release <-dma_buf_release
      queue0:src-8709    [001] ..... 20230.061417: system_heap_do_allocate.constprop.0 <-system_uncached_heap_allocate
 mppjpegenc0:src-8715    [000] ..... 20230.075505: system_heap_dma_buf_release <-dma_buf_release
      queue0:src-8709    [001] ..... 20230.094682: system_heap_do_allocate.constprop.0 <-system_uncached_heap_allocate
 mppjpegenc0:src-8715    [000] ..... 20230.108373: system_heap_dma_buf_release <-dma_buf_release
      queue0:src-8709    [001] ..... 20230.127992: system_heap_do_allocate.constprop.0 <-system_uncached_heap_allocate
 mppjpegenc0:src-8715    [000] ..... 20230.141772: system_heap_dma_buf_release <-dma_buf_release
      queue0:src-8709    [001] ..... 20230.161269: system_heap_do_allocate.constprop.0 <-system_uncached_heap_allocate
 mppjpegenc0:src-8715    [000] ..... 20230.175001: system_heap_dma_buf_release <-dma_buf_release
      queue0:src-8709    [001] ..... 20230.194533: system_heap_do_allocate.constprop.0 <-system_uncached_heap_allocate
 mppjpegenc0:src-8715    [000] ..... 20230.208207: system_heap_dma_buf_release <-dma_buf_release
      queue0:src-8709    [001] ..... 20230.227841: system_heap_do_allocate.constprop.0 <-system_uncached_heap_allocate
 mppjpegenc0:src-8715    [000] ..... 20230.241546: system_heap_dma_buf_release <-dma_buf_release
      queue0:src-8709    [001] ..... 20230.261106: system_heap_do_allocate.constprop.0 <-system_uncached_heap_allocate
 mppjpegenc0:src-8715    [000] ..... 20230.274718: system_heap_dma_buf_release <-dma_buf_release
      queue0:src-8709    [001] ..... 20230.294381: system_heap_do_allocate.constprop.0 <-system_uncached_heap_allocate
 mppjpegenc0:src-8715    [000] ..... 20230.308134: system_heap_dma_buf_release <-dma_buf_release
      queue0:src-8709    [001] ..... 20230.327634: system_heap_do_allocate.constprop.0 <-system_uncached_heap_allocate
 mppjpegenc0:src-8715    [000] ..... 20230.341318: system_heap_dma_buf_release <-dma_buf_release
      queue0:src-8709    [001] ..... 20230.360951: system_heap_do_allocate.constprop.0 <-system_uncached_heap_allocate
 mppjpegenc0:src-8715    [000] ..... 20230.374477: system_heap_dma_buf_release <-dma_buf_release
      queue0:src-8709    [001] ..... 20230.394222: system_heap_do_allocate.constprop.0 <-system_uncached_heap_allocate
 mppjpegenc0:src-8715    [000] ..... 20230.407958: system_heap_dma_buf_release <-dma_buf_release
      queue0:src-8709    [001] ..... 20230.427460: system_heap_do_allocate.constprop.0 <-system_uncached_heap_allocate
 mppjpegenc0:src-8715    [000] ..... 20230.441177: system_heap_dma_buf_release <-dma_buf_release
      queue0:src-8709    [001] ..... 20230.460793: system_heap_do_allocate.constprop.0 <-system_uncached_heap_allocate
 mppjpegenc0:src-8715    [000] ..... 20230.474416: system_heap_dma_buf_release <-dma_buf_release
      queue0:src-8709    [001] ..... 20230.494065: system_heap_do_allocate.constprop.0 <-system_uncached_heap_allocate
 mppjpegenc0:src-8715    [000] ..... 20230.507652: system_heap_dma_buf_release <-dma_buf_release
      queue0:src-8709    [001] ..... 20230.527254: system_heap_do_allocate.constprop.0 <-system_uncached_heap_allocate
 mppjpegenc0:src-8715    [000] ..... 20230.541030: system_heap_dma_buf_release <-dma_buf_release
      queue0:src-8709    [001] ..... 20230.560626: system_heap_do_allocate.constprop.0 <-system_uncached_heap_allocate
 mppjpegenc0:src-8715    [000] ..... 20230.574383: system_heap_dma_buf_release <-dma_buf_release
      queue0:src-8709    [001] ..... 20230.593912: system_heap_do_allocate.constprop.0 <-system_uncached_heap_allocate
 mppjpegenc0:src-8715    [000] ..... 20230.607529: system_heap_dma_buf_release <-dma_buf_release
      queue0:src-8709    [001] ..... 20230.627160: system_heap_do_allocate.constprop.0 <-system_uncached_heap_allocate
 mppjpegenc0:src-8715    [000] ..... 20230.640788: system_heap_dma_buf_release <-dma_buf_release
      queue0:src-8709    [001] ..... 20230.660468: system_heap_do_allocate.constprop.0 <-system_uncached_heap_allocate
 mppjpegenc0:src-8715    [000] ..... 20230.674039: system_heap_dma_buf_release <-dma_buf_release
      queue0:src-8709    [001] ..... 20230.693749: system_heap_do_allocate.constprop.0 <-system_uncached_heap_allocate
 mppjpegenc0:src-8715    [000] ..... 20230.707501: system_heap_dma_buf_release <-dma_buf_release
      queue0:src-8709    [001] ..... 20230.726968: system_heap_do_allocate.constprop.0 <-system_uncached_heap_allocate
 mppjpegenc0:src-8715    [000] ..... 20230.741031: system_heap_dma_buf_release <-dma_buf_release
      queue0:src-8709    [001] ..... 20230.760274: system_heap_do_allocate.constprop.0 <-system_uncached_heap_allocate
 mppjpegenc0:src-8715    [000] ..... 20230.773908: system_heap_dma_buf_release <-dma_buf_release
      queue0:src-8709    [001] ..... 20230.793594: system_heap_do_allocate.constprop.0 <-system_uncached_heap_allocate
 mppjpegenc0:src-8715    [000] ..... 20230.807219: system_heap_dma_buf_release <-dma_buf_release
      queue0:src-8709    [001] ..... 20230.826833: system_heap_do_allocate.constprop.0 <-system_uncached_heap_allocate
 mppjpegenc0:src-8715    [000] ..... 20230.840702: system_heap_dma_buf_release <-dma_buf_release
      queue0:src-8709    [001] ..... 20230.860159: system_heap_do_allocate.constprop.0 <-system_uncached_heap_allocate
 mppjpegenc0:src-8715    [000] ..... 20230.873933: system_heap_dma_buf_release <-dma_buf_release
      queue0:src-8709    [001] ..... 20230.893430: system_heap_do_allocate.constprop.0 <-system_uncached_heap_allocate
 mppjpegenc0:src-8715    [000] ..... 20230.907114: system_heap_dma_buf_release <-dma_buf_release
      queue0:src-8709    [001] ..... 20230.926677: system_heap_do_allocate.constprop.0 <-system_uncached_heap_allocate
 mppjpegenc0:src-8715    [000] ..... 20230.940511: system_heap_dma_buf_release <-dma_buf_release
      queue0:src-8709    [001] ..... 20230.959996: system_heap_do_allocate.constprop.0 <-system_uncached_heap_allocate
 mppjpegenc0:src-8715    [000] ..... 20230.973818: system_heap_dma_buf_release <-dma_buf_release
      queue0:src-8709    [001] ..... 20230.993269: system_heap_do_allocate.constprop.0 <-system_uncached_heap_allocate
 mppjpegenc0:src-8715    [000] ..... 20231.007143: system_heap_dma_buf_release <-dma_buf_release
      queue0:src-8709    [001] ..... 20231.026546: system_heap_do_allocate.constprop.0 <-system_uncached_heap_allocate
 mppjpegenc0:src-8715    [000] ..... 20231.041354: system_heap_dma_buf_release <-dma_buf_release
      queue0:src-8709    [001] ..... 20231.059822: system_heap_do_allocate.constprop.0 <-system_uncached_heap_allocate
 mppjpegenc0:src-8715    [000] ..... 20231.073647: system_heap_dma_buf_release <-dma_buf_release
      queue0:src-8709    [001] ..... 20231.093195: system_heap_do_allocate.constprop.0 <-system_uncached_heap_allocate
 mppjpegenc0:src-8715    [000] ..... 20231.107255: system_heap_dma_buf_release <-dma_buf_release
      queue0:src-8709    [001] ..... 20231.126384: system_heap_do_allocate.constprop.0 <-system_uncached_heap_allocate
 mppjpegenc0:src-8715    [000] ..... 20231.139977: system_heap_dma_buf_release <-dma_buf_release
      queue0:src-8709    [001] ..... 20231.159642: system_heap_do_allocate.constprop.0 <-system_uncached_heap_allocate
 mppjpegenc0:src-8715    [000] ..... 20231.173409: system_heap_dma_buf_release <-dma_buf_release
      queue0:src-8709    [001] ..... 20231.192949: system_heap_do_allocate.constprop.0 <-system_uncached_heap_allocate
 mppjpegenc0:src-8715    [000] ..... 20231.206806: system_heap_dma_buf_release <-dma_buf_release
      queue0:src-8709    [001] ..... 20231.226232: system_heap_do_allocate.constprop.0 <-system_uncached_heap_allocate
 mppjpegenc0:src-8715    [000] ..... 20231.240027: system_heap_dma_buf_release <-dma_buf_release
      queue0:src-8709    [001] ..... 20231.259465: system_heap_do_allocate.constprop.0 <-system_uncached_heap_allocate
 mppjpegenc0:src-8715    [000] ..... 20231.273225: system_heap_dma_buf_release <-dma_buf_release
      queue0:src-8709    [001] ..... 20231.292790: system_heap_do_allocate.constprop.0 <-system_uncached_heap_allocate
 mppjpegenc0:src-8715    [000] ..... 20231.306559: system_heap_dma_buf_release <-dma_buf_release
      queue0:src-8709    [001] ..... 20231.326065: system_heap_do_allocate.constprop.0 <-system_uncached_heap_allocate
 mppjpegenc0:src-8715    [000] ..... 20231.339836: system_heap_dma_buf_release <-dma_buf_release
      queue0:src-8709    [001] ..... 20231.359259: system_heap_do_allocate.constprop.0 <-system_uncached_heap_allocate
 mppjpegenc0:src-8715    [000] ..... 20231.373070: system_heap_dma_buf_release <-dma_buf_release
      queue0:src-8709    [001] ..... 20231.392630: system_heap_do_allocate.constprop.0 <-system_uncached_heap_allocate
 mppjpegenc0:src-8715    [000] ..... 20231.406429: system_heap_dma_buf_release <-dma_buf_release
      queue0:src-8709    [001] ..... 20231.425909: system_heap_do_allocate.constprop.0 <-system_uncached_heap_allocate
 mppjpegenc0:src-8715    [000] ..... 20231.439420: system_heap_dma_buf_release <-dma_buf_release
      queue0:src-8709    [001] ..... 20231.459115: system_heap_do_allocate.constprop.0 <-system_uncached_heap_allocate
 mppjpegenc0:src-8715    [000] ..... 20231.472812: system_heap_dma_buf_release <-dma_buf_release
      queue0:src-8709    [001] ..... 20231.492468: system_heap_do_allocate.constprop.0 <-system_uncached_heap_allocate
 mppjpegenc0:src-8715    [000] ..... 20231.506250: system_heap_dma_buf_release <-dma_buf_release
      queue0:src-8709    [001] ..... 20231.525746: system_heap_do_allocate.constprop.0 <-system_uncached_heap_allocate
 mppjpegenc0:src-8715    [000] ..... 20231.539342: system_heap_dma_buf_release <-dma_buf_release
      queue0:src-8709    [001] ..... 20231.558951: system_heap_do_allocate.constprop.0 <-system_uncached_heap_allocate
 mppjpegenc0:src-8715    [000] ..... 20231.572645: system_heap_dma_buf_release <-dma_buf_release
      queue0:src-8709    [001] ..... 20231.592299: system_heap_do_allocate.constprop.0 <-system_uncached_heap_allocate
 mppjpegenc0:src-8715    [000] ..... 20231.606103: system_heap_dma_buf_release <-dma_buf_release
      queue0:src-8709    [001] ..... 20231.625586: system_heap_do_allocate.constprop.0 <-system_uncached_heap_allocate
 mppjpegenc0:src-8715    [000] ..... 20231.639536: system_heap_dma_buf_release <-dma_buf_release
      queue0:src-8709    [001] ..... 20231.658847: system_heap_do_allocate.constprop.0 <-system_uncached_heap_allocate
 mppjpegenc0:src-8715    [000] ..... 20231.672651: system_heap_dma_buf_release <-dma_buf_release
      queue0:src-8709    [001] ..... 20231.692152: system_heap_do_allocate.constprop.0 <-system_uncached_heap_allocate
 mppjpegenc0:src-8715    [000] ..... 20231.705862: system_heap_dma_buf_release <-dma_buf_release
      queue0:src-8709    [001] ..... 20231.725427: system_heap_do_allocate.constprop.0 <-system_uncached_heap_allocate
 mppjpegenc0:src-8715    [000] ..... 20231.739114: system_heap_dma_buf_release <-dma_buf_release
      queue0:src-8709    [001] ..... 20231.758705: system_heap_do_allocate.constprop.0 <-system_uncached_heap_allocate
 mppjpegenc0:src-8715    [000] ..... 20231.772579: system_heap_dma_buf_release <-dma_buf_release
      queue0:src-8709    [001] ..... 20231.792003: system_heap_do_allocate.constprop.0 <-system_uncached_heap_allocate
 mppjpegenc0:src-8715    [000] ..... 20231.805752: system_heap_dma_buf_release <-dma_buf_release
      queue0:src-8709    [001] ..... 20231.825268: system_heap_do_allocate.constprop.0 <-system_uncached_heap_allocate
 mppjpegenc0:src-8715    [000] ..... 20231.838960: system_heap_dma_buf_release <-dma_buf_release
      queue0:src-8709    [001] ..... 20231.858555: system_heap_do_allocate.constprop.0 <-system_uncached_heap_allocate
 mppjpegenc0:src-8715    [000] ..... 20231.872315: system_heap_dma_buf_release <-dma_buf_release
      queue0:src-8709    [001] ..... 20231.891820: system_heap_do_allocate.constprop.0 <-system_uncached_heap_allocate
 mppjpegenc0:src-8715    [000] ..... 20231.905837: system_heap_dma_buf_release <-dma_buf_release
      queue0:src-8709    [001] ..... 20231.925104: system_heap_do_allocate.constprop.0 <-system_uncached_heap_allocate
 mppjpegenc0:src-8715    [000] ..... 20231.938779: system_heap_dma_buf_release <-dma_buf_release
      queue0:src-8709    [001] ..... 20231.958367: system_heap_do_allocate.constprop.0 <-system_uncached_heap_allocate
 mppjpegenc0:src-8715    [000] ..... 20231.972067: system_heap_dma_buf_release <-dma_buf_release
      queue0:src-8709    [001] ..... 20231.991665: system_heap_do_allocate.constprop.0 <-system_uncached_heap_allocate
 mppjpegenc0:src-8715    [000] ..... 20232.005467: system_heap_dma_buf_release <-dma_buf_release
      queue0:src-8709    [001] ..... 20232.024947: system_heap_do_allocate.constprop.0 <-system_uncached_heap_allocate
 mppjpegenc0:src-8715    [000] ..... 20232.038639: system_heap_dma_buf_release <-dma_buf_release
      queue0:src-8709    [001] ..... 20232.058203: system_heap_do_allocate.constprop.0 <-system_uncached_heap_allocate
 mppjpegenc0:src-8715    [000] ..... 20232.071922: system_heap_dma_buf_release <-dma_buf_release
      queue0:src-8709    [001] ..... 20232.091421: system_heap_do_allocate.constprop.0 <-system_uncached_heap_allocate
 mppjpegenc0:src-8715    [000] ..... 20232.105287: system_heap_dma_buf_release <-dma_buf_release
      queue0:src-8709    [001] ..... 20232.124741: system_heap_do_allocate.constprop.0 <-system_uncached_heap_allocate
 mppjpegenc0:src-8715    [002] ..... 20232.138504: system_heap_dma_buf_release <-dma_buf_release
      queue0:src-8709    [001] ..... 20232.158027: system_heap_do_allocate.constprop.0 <-system_uncached_heap_allocate
 mppjpegenc0:src-8715    [002] ..... 20232.171712: system_heap_dma_buf_release <-dma_buf_release
      queue0:src-8709    [001] ..... 20232.191343: system_heap_do_allocate.constprop.0 <-system_uncached_heap_allocate
 mppjpegenc0:src-8715    [002] ..... 20232.205091: system_heap_dma_buf_release <-dma_buf_release
      queue0:src-8709    [001] ..... 20232.224635: system_heap_do_allocate.constprop.0 <-system_uncached_heap_allocate
 mppjpegenc0:src-8715    [002] ..... 20232.238391: system_heap_dma_buf_release <-dma_buf_release
      queue0:src-8709    [001] ..... 20232.257916: system_heap_do_allocate.constprop.0 <-system_uncached_heap_allocate
 mppjpegenc0:src-8715    [002] ..... 20232.271563: system_heap_dma_buf_release <-dma_buf_release
      queue0:src-8709    [001] ..... 20232.291162: system_heap_do_allocate.constprop.0 <-system_uncached_heap_allocate
 mppjpegenc0:src-8715    [002] ..... 20232.305019: system_heap_dma_buf_release <-dma_buf_release
      queue0:src-8709    [001] ..... 20232.324474: system_heap_do_allocate.constprop.0 <-system_uncached_heap_allocate
 mppjpegenc0:src-8715    [002] ..... 20232.338186: system_heap_dma_buf_release <-dma_buf_release
      queue0:src-8709    [001] ..... 20232.357753: system_heap_do_allocate.constprop.0 <-system_uncached_heap_allocate
 mppjpegenc0:src-8715    [002] ..... 20232.371375: system_heap_dma_buf_release <-dma_buf_release
      queue0:src-8709    [001] ..... 20232.390998: system_heap_do_allocate.constprop.0 <-system_uncached_heap_allocate
 mppjpegenc0:src-8715    [002] ..... 20232.404780: system_heap_dma_buf_release <-dma_buf_release
      queue0:src-8709    [001] ..... 20232.424321: system_heap_do_allocate.constprop.0 <-system_uncached_heap_allocate
 mppjpegenc0:src-8715    [002] ..... 20232.438110: system_heap_dma_buf_release <-dma_buf_release
      queue0:src-8709    [001] ..... 20232.457591: system_heap_do_allocate.constprop.0 <-system_uncached_heap_allocate
 mppjpegenc0:src-8715    [002] ..... 20232.471234: system_heap_dma_buf_release <-dma_buf_release
      queue0:src-8709    [001] ..... 20232.490876: system_heap_do_allocate.constprop.0 <-system_uncached_heap_allocate
 mppjpegenc0:src-8715    [002] ..... 20232.504676: system_heap_dma_buf_release <-dma_buf_release
      queue0:src-8709    [001] ..... 20232.524159: system_heap_do_allocate.constprop.0 <-system_uncached_heap_allocate
 mppjpegenc0:src-8715    [002] ..... 20232.537926: system_heap_dma_buf_release <-dma_buf_release
      queue0:src-8709    [001] ..... 20232.557430: system_heap_do_allocate.constprop.0 <-system_uncached_heap_allocate
 mppjpegenc0:src-8715    [002] ..... 20232.571107: system_heap_dma_buf_release <-dma_buf_release
      queue0:src-8709    [001] ..... 20232.590691: system_heap_do_allocate.constprop.0 <-system_uncached_heap_allocate
 mppjpegenc0:src-8715    [002] ..... 20232.604453: system_heap_dma_buf_release <-dma_buf_release
      queue0:src-8709    [001] ..... 20232.624010: system_heap_do_allocate.constprop.0 <-system_uncached_heap_allocate
 mppjpegenc0:src-8715    [002] ..... 20232.637699: system_heap_dma_buf_release <-dma_buf_release
      queue0:src-8709    [001] ..... 20232.657273: system_heap_do_allocate.constprop.0 <-system_uncached_heap_allocate
 mppjpegenc0:src-8715    [002] ..... 20232.671038: system_heap_dma_buf_release <-dma_buf_release
      queue0:src-8709    [001] ..... 20232.690556: system_heap_do_allocate.constprop.0 <-system_uncached_heap_allocate
 mppjpegenc0:src-8715    [002] ..... 20232.704244: system_heap_dma_buf_release <-dma_buf_release
      queue0:src-8709    [001] ..... 20232.723802: system_heap_do_allocate.constprop.0 <-system_uncached_heap_allocate
 mppjpegenc0:src-8715    [002] ..... 20232.737592: system_heap_dma_buf_release <-dma_buf_release
      queue0:src-8709    [001] ..... 20232.757112: system_heap_do_allocate.constprop.0 <-system_uncached_heap_allocate
 mppjpegenc0:src-8715    [002] ..... 20232.770860: system_heap_dma_buf_release <-dma_buf_release
      queue0:src-8709    [001] ..... 20232.790391: system_heap_do_allocate.constprop.0 <-system_uncached_heap_allocate
 mppjpegenc0:src-8715    [002] ..... 20232.805379: system_heap_dma_buf_release <-dma_buf_release
      queue0:src-8709    [001] ..... 20232.823697: system_heap_do_allocate.constprop.0 <-system_uncached_heap_allocate
 mppjpegenc0:src-8715    [002] ..... 20232.837563: system_heap_dma_buf_release <-dma_buf_release
      queue0:src-8709    [001] ..... 20232.856955: system_heap_do_allocate.constprop.0 <-system_uncached_heap_allocate
 mppjpegenc0:src-8715    [002] ..... 20232.870625: system_heap_dma_buf_release <-dma_buf_release
      queue0:src-8709    [001] ..... 20232.890217: system_heap_do_allocate.constprop.0 <-system_uncached_heap_allocate
 mppjpegenc0:src-8715    [002] ..... 20232.904500: system_heap_dma_buf_release <-dma_buf_release
      queue0:src-8709    [001] ..... 20232.923515: system_heap_do_allocate.constprop.0 <-system_uncached_heap_allocate
 mppjpegenc0:src-8715    [002] ..... 20232.937293: system_heap_dma_buf_release <-dma_buf_release
      queue0:src-8709    [001] ..... 20232.956757: system_heap_do_allocate.constprop.0 <-system_uncached_heap_allocate
 mppjpegenc0:src-8715    [002] ..... 20232.970581: system_heap_dma_buf_release <-dma_buf_release
      queue0:src-8709    [001] ..... 20232.990079: system_heap_do_allocate.constprop.0 <-system_uncached_heap_allocate
 mppjpegenc0:src-8715    [002] ..... 20233.003772: system_heap_dma_buf_release <-dma_buf_release
      queue0:src-8709    [001] ..... 20233.023323: system_heap_do_allocate.constprop.0 <-system_uncached_heap_allocate
 mppjpegenc0:src-8715    [002] ..... 20233.037075: system_heap_dma_buf_release <-dma_buf_release
      queue0:src-8709    [001] ..... 20233.056638: system_heap_do_allocate.constprop.0 <-system_uncached_heap_allocate
 mppjpegenc0:src-8715    [002] ..... 20233.070480: system_heap_dma_buf_release <-dma_buf_release
      queue0:src-8709    [001] ..... 20233.089910: system_heap_do_allocate.constprop.0 <-system_uncached_heap_allocate
 mppjpegenc0:src-8715    [002] ..... 20233.104394: system_heap_dma_buf_release <-dma_buf_release
      queue0:src-8709    [001] ..... 20233.123154: system_heap_do_allocate.constprop.0 <-system_uncached_heap_allocate
 mppjpegenc0:src-8715    [000] ..... 20233.137492: system_heap_dma_buf_release <-dma_buf_release
      queue0:src-8709    [002] ..... 20233.156474: system_heap_do_allocate.constprop.0 <-system_uncached_heap_allocate
 mppjpegenc0:src-8715    [000] ..... 20233.170043: system_heap_dma_buf_release <-dma_buf_release
      queue0:src-8709    [002] ..... 20233.189754: system_heap_do_allocate.constprop.0 <-system_uncached_heap_allocate
 mppjpegenc0:src-8715    [000] ..... 20233.203512: system_heap_dma_buf_release <-dma_buf_release
      queue0:src-8709    [002] ..... 20233.222966: system_heap_do_allocate.constprop.0 <-system_uncached_heap_allocate
 mppjpegenc0:src-8715    [000] ..... 20233.236723: system_heap_dma_buf_release <-dma_buf_release
      queue0:src-8709    [002] ..... 20233.256299: system_heap_do_allocate.constprop.0 <-system_uncached_heap_allocate
 mppjpegenc0:src-8715    [000] ..... 20233.270018: system_heap_dma_buf_release <-dma_buf_release
      queue0:src-8709    [002] ..... 20233.289592: system_heap_do_allocate.constprop.0 <-system_uncached_heap_allocate
 mppjpegenc0:src-8715    [000] ..... 20233.303536: system_heap_dma_buf_release <-dma_buf_release
      queue0:src-8709    [002] ..... 20233.322806: system_heap_do_allocate.constprop.0 <-system_uncached_heap_allocate
 mppjpegenc0:src-8715    [000] ..... 20233.336545: system_heap_dma_buf_release <-dma_buf_release
      queue0:src-8709    [002] ..... 20233.356156: system_heap_do_allocate.constprop.0 <-system_uncached_heap_allocate
 mppjpegenc0:src-8715    [000] ..... 20233.370984: system_heap_dma_buf_release <-dma_buf_release
      queue0:src-8709    [002] ..... 20233.389432: system_heap_do_allocate.constprop.0 <-system_uncached_heap_allocate
 mppjpegenc0:src-8715    [000] ..... 20233.403121: system_heap_dma_buf_release <-dma_buf_release
      queue0:src-8709    [002] ..... 20233.422705: system_heap_do_allocate.constprop.0 <-system_uncached_heap_allocate
 mppjpegenc0:src-8715    [000] ..... 20233.437218: system_heap_dma_buf_release <-dma_buf_release
      queue0:src-8709    [002] ..... 20233.455994: system_heap_do_allocate.constprop.0 <-system_uncached_heap_allocate
 mppjpegenc0:src-8715    [000] ..... 20233.469821: system_heap_dma_buf_release <-dma_buf_release
      queue0:src-8709    [002] ..... 20233.489275: system_heap_do_allocate.constprop.0 <-system_uncached_heap_allocate
 mppjpegenc0:src-8715    [000] ..... 20233.503052: system_heap_dma_buf_release <-dma_buf_release
      queue0:src-8709    [002] ..... 20233.522558: system_heap_do_allocate.constprop.0 <-system_uncached_heap_allocate
 mppjpegenc0:src-8715    [000] ..... 20233.536203: system_heap_dma_buf_release <-dma_buf_release
      queue0:src-8709    [002] ..... 20233.555810: system_heap_do_allocate.constprop.0 <-system_uncached_heap_allocate
 mppjpegenc0:src-8715    [000] ..... 20233.569825: system_heap_dma_buf_release <-dma_buf_release
      queue0:src-8709    [002] ..... 20233.589113: system_heap_do_allocate.constprop.0 <-system_uncached_heap_allocate
 mppjpegenc0:src-8715    [000] ..... 20233.602885: system_heap_dma_buf_release <-dma_buf_release
      queue0:src-8709    [002] ..... 20233.622392: system_heap_do_allocate.constprop.0 <-system_uncached_heap_allocate
 mppjpegenc0:src-8715    [000] ..... 20233.636059: system_heap_dma_buf_release <-dma_buf_release
      queue0:src-8709    [002] ..... 20233.655645: system_heap_do_allocate.constprop.0 <-system_uncached_heap_allocate
 mppjpegenc0:src-8715    [000] ..... 20233.669399: system_heap_dma_buf_release <-dma_buf_release
      queue0:src-8709    [002] ..... 20233.688953: system_heap_do_allocate.constprop.0 <-system_uncached_heap_allocate
 mppjpegenc0:src-8715    [000] ..... 20233.702733: system_heap_dma_buf_release <-dma_buf_release
      queue0:src-8709    [002] ..... 20233.722230: system_heap_do_allocate.constprop.0 <-system_uncached_heap_allocate
 mppjpegenc0:src-8715    [000] ..... 20233.735962: system_heap_dma_buf_release <-dma_buf_release
      queue0:src-8709    [002] ..... 20233.755505: system_heap_do_allocate.constprop.0 <-system_uncached_heap_allocate
 mppjpegenc0:src-8715    [000] ..... 20233.769335: system_heap_dma_buf_release <-dma_buf_release
      queue0:src-8709    [002] ..... 20233.788791: system_heap_do_allocate.constprop.0 <-system_uncached_heap_allocate
 mppjpegenc0:src-8715    [000] ..... 20233.802588: system_heap_dma_buf_release <-dma_buf_release
      queue0:src-8709    [002] ..... 20233.822068: system_heap_do_allocate.constprop.0 <-system_uncached_heap_allocate
 mppjpegenc0:src-8715    [000] ..... 20233.836728: system_heap_dma_buf_release <-dma_buf_release
      queue0:src-8709    [002] ..... 20233.855288: system_heap_do_allocate.constprop.0 <-system_uncached_heap_allocate
 mppjpegenc0:src-8715    [000] ..... 20233.870152: system_heap_dma_buf_release <-dma_buf_release
      queue0:src-8709    [002] ..... 20233.888630: system_heap_do_allocate.constprop.0 <-system_uncached_heap_allocate
 mppjpegenc0:src-8715    [000] ..... 20233.902458: system_heap_dma_buf_release <-dma_buf_release
      queue0:src-8709    [002] ..... 20233.921911: system_heap_do_allocate.constprop.0 <-system_uncached_heap_allocate
 mppjpegenc0:src-8715    [000] ..... 20233.935523: system_heap_dma_buf_release <-dma_buf_release
      queue0:src-8709    [002] ..... 20233.955124: system_heap_do_allocate.constprop.0 <-system_uncached_heap_allocate
 mppjpegenc0:src-8715    [000] ..... 20233.968817: system_heap_dma_buf_release <-dma_buf_release
      queue0:src-8709    [002] ..... 20233.988473: system_heap_do_allocate.constprop.0 <-system_uncached_heap_allocate
 mppjpegenc0:src-8715    [002] ..... 20234.002319: system_heap_dma_buf_release <-dma_buf_release
      queue0:src-8709    [003] ..... 20234.021698: system_heap_do_allocate.constprop.0 <-system_uncached_heap_allocate
 mppjpegenc0:src-8715    [002] ..... 20234.035298: system_heap_dma_buf_release <-dma_buf_release
      queue0:src-8709    [003] ..... 20234.054911: system_heap_do_allocate.constprop.0 <-system_uncached_heap_allocate
 mppjpegenc0:src-8715    [002] ..... 20234.068704: system_heap_dma_buf_release <-dma_buf_release
      queue0:src-8709    [003] ..... 20234.088276: system_heap_do_allocate.constprop.0 <-system_uncached_heap_allocate
 mppjpegenc0:src-8715    [002] ..... 20234.101929: system_heap_dma_buf_release <-dma_buf_release
      queue0:src-8709    [003] ..... 20234.121532: system_heap_do_allocate.constprop.0 <-system_uncached_heap_allocate
 mppjpegenc0:src-8715    [002] ..... 20234.135485: system_heap_dma_buf_release <-dma_buf_release
      queue0:src-8709    [003] ..... 20234.154760: system_heap_do_allocate.constprop.0 <-system_uncached_heap_allocate
 mppjpegenc0:src-8715    [002] ..... 20234.168937: system_heap_dma_buf_release <-dma_buf_release
      queue0:src-8709    [003] ..... 20234.188078: system_heap_do_allocate.constprop.0 <-system_uncached_heap_allocate
 mppjpegenc0:src-8715    [002] ..... 20234.202136: system_heap_dma_buf_release <-dma_buf_release
      queue0:src-8709    [003] ..... 20234.221391: system_heap_do_allocate.constprop.0 <-system_uncached_heap_allocate
 mppjpegenc0:src-8715    [002] ..... 20234.235250: system_heap_dma_buf_release <-dma_buf_release
      queue0:src-8709    [003] ..... 20234.254647: system_heap_do_allocate.constprop.0 <-system_uncached_heap_allocate
 mppjpegenc0:src-8715    [002] ..... 20234.268458: system_heap_dma_buf_release <-dma_buf_release
      queue0:src-8709    [003] ..... 20234.287937: system_heap_do_allocate.constprop.0 <-system_uncached_heap_allocate
 mppjpegenc0:src-8715    [002] ..... 20234.301897: system_heap_dma_buf_release <-dma_buf_release
      queue0:src-8709    [003] ..... 20234.321209: system_heap_do_allocate.constprop.0 <-system_uncached_heap_allocate
 mppjpegenc0:src-8715    [002] ..... 20234.334877: system_heap_dma_buf_release <-dma_buf_release
      queue0:src-8709    [003] ..... 20234.354468: system_heap_do_allocate.constprop.0 <-system_uncached_heap_allocate
 mppjpegenc0:src-8715    [002] ..... 20234.369319: system_heap_dma_buf_release <-dma_buf_release
      queue0:src-8709    [003] ..... 20234.387768: system_heap_do_allocate.constprop.0 <-system_uncached_heap_allocate
 mppjpegenc0:src-8715    [002] ..... 20234.401749: system_heap_dma_buf_release <-dma_buf_release
      queue0:src-8709    [003] ..... 20234.421054: system_heap_do_allocate.constprop.0 <-system_uncached_heap_allocate
 mppjpegenc0:src-8715    [002] ..... 20234.435100: system_heap_dma_buf_release <-dma_buf_release
      queue0:src-8709    [003] ..... 20234.454311: system_heap_do_allocate.constprop.0 <-system_uncached_heap_allocate
 mppjpegenc0:src-8715    [002] ..... 20234.468022: system_heap_dma_buf_release <-dma_buf_release
      queue0:src-8709    [003] ..... 20234.487566: system_heap_do_allocate.constprop.0 <-system_uncached_heap_allocate
 mppjpegenc0:src-8715    [002] ..... 20234.501359: system_heap_dma_buf_release <-dma_buf_release
      queue0:src-8709    [003] ..... 20234.520894: system_heap_do_allocate.constprop.0 <-system_uncached_heap_allocate
 mppjpegenc0:src-8715    [002] ..... 20234.534605: system_heap_dma_buf_release <-dma_buf_release
      queue0:src-8709    [003] ..... 20234.554183: system_heap_do_allocate.constprop.0 <-system_uncached_heap_allocate
 mppjpegenc0:src-8715    [002] ..... 20234.567998: system_heap_dma_buf_release <-dma_buf_release
      queue0:src-8709    [003] ..... 20234.587393: system_heap_do_allocate.constprop.0 <-system_uncached_heap_allocate
 mppjpegenc0:src-8715    [002] ..... 20234.601238: system_heap_dma_buf_release <-dma_buf_release
      queue0:src-8709    [003] ..... 20234.620732: system_heap_do_allocate.constprop.0 <-system_uncached_heap_allocate
 mppjpegenc0:src-8715    [002] ..... 20234.634377: system_heap_dma_buf_release <-dma_buf_release
      queue0:src-8709    [003] ..... 20234.654015: system_heap_do_allocate.constprop.0 <-system_uncached_heap_allocate
 mppjpegenc0:src-8715    [002] ..... 20234.667763: system_heap_dma_buf_release <-dma_buf_release
      queue0:src-8709    [003] ..... 20234.687254: system_heap_do_allocate.constprop.0 <-system_uncached_heap_allocate
 mppjpegenc0:src-8715    [002] ..... 20234.701189: system_heap_dma_buf_release <-dma_buf_release
      queue0:src-8709    [003] ..... 20234.720576: system_heap_do_allocate.constprop.0 <-system_uncached_heap_allocate
 mppjpegenc0:src-8715    [002] ..... 20234.734283: system_heap_dma_buf_release <-dma_buf_release
      queue0:src-8709    [003] ..... 20234.753814: system_heap_do_allocate.constprop.0 <-system_uncached_heap_allocate
 mppjpegenc0:src-8715    [002] ..... 20234.767202: system_heap_dma_buf_release <-dma_buf_release
      queue0:src-8709    [003] ..... 20234.787066: system_heap_do_allocate.constprop.0 <-system_uncached_heap_allocate
 mppjpegenc0:src-8715    [002] ..... 20234.800949: system_heap_dma_buf_release <-dma_buf_release
      queue0:src-8709    [003] ..... 20234.820392: system_heap_do_allocate.constprop.0 <-system_uncached_heap_allocate
 mppjpegenc0:src-8715    [002] ..... 20234.834206: system_heap_dma_buf_release <-dma_buf_release
      queue0:src-8709    [003] ..... 20234.853719: system_heap_do_allocate.constprop.0 <-system_uncached_heap_allocate
 mppjpegenc0:src-8715    [002] ..... 20234.867543: system_heap_dma_buf_release <-dma_buf_release
      queue0:src-8709    [003] ..... 20234.886933: system_heap_do_allocate.constprop.0 <-system_uncached_heap_allocate
 mppjpegenc0:src-8715    [002] ..... 20234.900738: system_heap_dma_buf_release <-dma_buf_release
      queue0:src-8709    [003] ..... 20234.920246: system_heap_do_allocate.constprop.0 <-system_uncached_heap_allocate
 mppjpegenc0:src-8715    [002] ..... 20234.934262: system_heap_dma_buf_release <-dma_buf_release
      queue0:src-8709    [003] ..... 20234.953537: system_heap_do_allocate.constprop.0 <-system_uncached_heap_allocate
 mppjpegenc0:src-8715    [002] ..... 20234.967081: system_heap_dma_buf_release <-dma_buf_release
      queue0:src-8709    [003] ..... 20234.986774: system_heap_do_allocate.constprop.0 <-system_uncached_heap_allocate
 mppjpegenc0:src-8715    [002] ..... 20235.001533: system_heap_dma_buf_release <-dma_buf_release
      queue0:src-8709    [003] ..... 20235.020103: system_heap_do_allocate.constprop.0 <-system_uncached_heap_allocate
 mppjpegenc0:src-8715    [002] ..... 20235.033765: system_heap_dma_buf_release <-dma_buf_release
      queue0:src-8709    [003] ..... 20235.053394: system_heap_do_allocate.constprop.0 <-system_uncached_heap_allocate
 mppjpegenc0:src-8715    [002] ..... 20235.067043: system_heap_dma_buf_release <-dma_buf_release
      queue0:src-8709    [003] ..... 20235.086609: system_heap_do_allocate.constprop.0 <-system_uncached_heap_allocate
 mppjpegenc0:src-8715    [002] ..... 20235.100352: system_heap_dma_buf_release <-dma_buf_release
      queue0:src-8709    [002] ..... 20235.119973: system_heap_do_allocate.constprop.0 <-system_uncached_heap_allocate
 mppjpegenc0:src-8715    [002] ..... 20235.133690: system_heap_dma_buf_release <-dma_buf_release
      queue0:src-8709    [002] ..... 20235.153270: system_heap_do_allocate.constprop.0 <-system_uncached_heap_allocate
 mppjpegenc0:src-8715    [003] ..... 20235.168096: system_heap_dma_buf_release <-dma_buf_release
      queue0:src-8709    [002] ..... 20235.186513: system_heap_do_allocate.constprop.0 <-system_uncached_heap_allocate
 mppjpegenc0:src-8715    [002] ..... 20235.201224: system_heap_dma_buf_release <-dma_buf_release
      queue0:src-8709    [002] ..... 20235.219755: system_heap_do_allocate.constprop.0 <-system_uncached_heap_allocate
 mppjpegenc0:src-8715    [002] ..... 20235.233691: system_heap_dma_buf_release <-dma_buf_release
      queue0:src-8709    [002] ..... 20235.253064: system_heap_do_allocate.constprop.0 <-system_uncached_heap_allocate
 mppjpegenc0:src-8715    [002] ..... 20235.267122: system_heap_dma_buf_release <-dma_buf_release
      queue0:src-8709    [002] ..... 20235.286347: system_heap_do_allocate.constprop.0 <-system_uncached_heap_allocate
 mppjpegenc0:src-8715    [002] ..... 20235.299939: system_heap_dma_buf_release <-dma_buf_release
      queue0:src-8709    [002] ..... 20235.319625: system_heap_do_allocate.constprop.0 <-system_uncached_heap_allocate
 mppjpegenc0:src-8715    [002] ..... 20235.333428: system_heap_dma_buf_release <-dma_buf_release
      queue0:src-8709    [002] ..... 20235.352906: system_heap_do_allocate.constprop.0 <-system_uncached_heap_allocate
 mppjpegenc0:src-8715    [002] ..... 20235.366489: system_heap_dma_buf_release <-dma_buf_release
      queue0:src-8709    [002] ..... 20235.386183: system_heap_do_allocate.constprop.0 <-system_uncached_heap_allocate
 mppjpegenc0:src-8715    [002] ..... 20235.399905: system_heap_dma_buf_release <-dma_buf_release
      queue0:src-8709    [002] ..... 20235.419439: system_heap_do_allocate.constprop.0 <-system_uncached_heap_allocate
 mppjpegenc0:src-8715    [002] ..... 20235.433093: system_heap_dma_buf_release <-dma_buf_release
      queue0:src-8709    [002] ..... 20235.452748: system_heap_do_allocate.constprop.0 <-system_uncached_heap_allocate
 mppjpegenc0:src-8715    [002] ..... 20235.466310: system_heap_dma_buf_release <-dma_buf_release
      queue0:src-8709    [002] ..... 20235.486027: system_heap_do_allocate.constprop.0 <-system_uncached_heap_allocate
 mppjpegenc0:src-8715    [002] ..... 20235.499687: system_heap_dma_buf_release <-dma_buf_release
      queue0:src-8709    [002] ..... 20235.519263: system_heap_do_allocate.constprop.0 <-system_uncached_heap_allocate
 mppjpegenc0:src-8715    [002] ..... 20235.533816: system_heap_dma_buf_release <-dma_buf_release
      queue0:src-8709    [002] ..... 20235.552585: system_heap_do_allocate.constprop.0 <-system_uncached_heap_allocate
 mppjpegenc0:src-8715    [002] ..... 20235.566249: system_heap_dma_buf_release <-dma_buf_release
      queue0:src-8709    [002] ..... 20235.585867: system_heap_do_allocate.constprop.0 <-system_uncached_heap_allocate
 mppjpegenc0:src-8715    [002] ..... 20235.599481: system_heap_dma_buf_release <-dma_buf_release
      queue0:src-8709    [002] ..... 20235.619111: system_heap_do_allocate.constprop.0 <-system_uncached_heap_allocate
 mppjpegenc0:src-8715    [002] ..... 20235.632763: system_heap_dma_buf_release <-dma_buf_release
      queue0:src-8709    [002] ..... 20235.652426: system_heap_do_allocate.constprop.0 <-system_uncached_heap_allocate
 mppjpegenc0:src-8715    [002] ..... 20235.666065: system_heap_dma_buf_release <-dma_buf_release
      queue0:src-8709    [002] ..... 20235.685708: system_heap_do_allocate.constprop.0 <-system_uncached_heap_allocate
 mppjpegenc0:src-8715    [002] ..... 20235.699238: system_heap_dma_buf_release <-dma_buf_release
      queue0:src-8709    [002] ..... 20235.718970: system_heap_do_allocate.constprop.0 <-system_uncached_heap_allocate
 mppjpegenc0:src-8715    [002] ..... 20235.732639: system_heap_dma_buf_release <-dma_buf_release
      queue0:src-8709    [002] ..... 20235.752296: system_heap_do_allocate.constprop.0 <-system_uncached_heap_allocate
 mppjpegenc0:src-8715    [002] ..... 20235.766713: system_heap_dma_buf_release <-dma_buf_release
      queue0:src-8709    [002] ..... 20235.785550: system_heap_do_allocate.constprop.0 <-system_uncached_heap_allocate
 mppjpegenc0:src-8715    [002] ..... 20235.799154: system_heap_dma_buf_release <-dma_buf_release
      queue0:src-8709    [003] ..... 20235.818797: system_heap_do_allocate.constprop.0 <-system_uncached_heap_allocate
 mppjpegenc0:src-8715    [002] ..... 20235.832602: system_heap_dma_buf_release <-dma_buf_release
      queue0:src-8709    [003] ..... 20235.852087: system_heap_do_allocate.constprop.0 <-system_uncached_heap_allocate
 mppjpegenc0:src-8715    [002] ..... 20235.866685: system_heap_dma_buf_release <-dma_buf_release
      queue0:src-8709    [003] ..... 20235.885394: system_heap_do_allocate.constprop.0 <-system_uncached_heap_allocate
 mppjpegenc0:src-8715    [002] ..... 20235.899131: system_heap_dma_buf_release <-dma_buf_release
      queue0:src-8709    [003] ..... 20235.918615: system_heap_do_allocate.constprop.0 <-system_uncached_heap_allocate
 mppjpegenc0:src-8715    [002] ..... 20235.932381: system_heap_dma_buf_release <-dma_buf_release
      queue0:src-8709    [003] ..... 20235.951938: system_heap_do_allocate.constprop.0 <-system_uncached_heap_allocate
 mppjpegenc0:src-8715    [002] ..... 20235.965595: system_heap_dma_buf_release <-dma_buf_release
      queue0:src-8709    [003] ..... 20235.985212: system_heap_do_allocate.constprop.0 <-system_uncached_heap_allocate
 mppjpegenc0:src-8715    [002] ..... 20235.998919: system_heap_dma_buf_release <-dma_buf_release
      queue0:src-8709    [003] ..... 20236.018466: system_heap_do_allocate.constprop.0 <-system_uncached_heap_allocate
 mppjpegenc0:src-8715    [002] ..... 20236.032445: system_heap_dma_buf_release <-dma_buf_release
      queue0:src-8709    [003] ..... 20236.051760: system_heap_do_allocate.constprop.0 <-system_uncached_heap_allocate
 mppjpegenc0:src-8715    [002] ..... 20236.066300: system_heap_dma_buf_release <-dma_buf_release
      queue0:src-8709    [003] ..... 20236.085049: system_heap_do_allocate.constprop.0 <-system_uncached_heap_allocate
 mppjpegenc0:src-8715    [002] ..... 20236.098780: system_heap_dma_buf_release <-dma_buf_release
      queue0:src-8709    [003] ..... 20236.118341: system_heap_do_allocate.constprop.0 <-system_uncached_heap_allocate
 mppjpegenc0:src-8715    [002] ..... 20236.132635: system_heap_dma_buf_release <-dma_buf_release
      queue0:src-8709    [003] ..... 20236.151582: system_heap_do_allocate.constprop.0 <-system_uncached_heap_allocate
 mppjpegenc0:src-8715    [002] ..... 20236.165309: system_heap_dma_buf_release <-dma_buf_release
      queue0:src-8709    [003] ..... 20236.184940: system_heap_do_allocate.constprop.0 <-system_uncached_heap_allocate
 mppjpegenc0:src-8715    [002] ..... 20236.199365: system_heap_dma_buf_release <-dma_buf_release
      queue0:src-8709    [003] ..... 20236.218150: system_heap_do_allocate.constprop.0 <-system_uncached_heap_allocate
 mppjpegenc0:src-8715    [002] ..... 20236.231940: system_heap_dma_buf_release <-dma_buf_release
      queue0:src-8709    [003] ..... 20236.251425: system_heap_do_allocate.constprop.0 <-system_uncached_heap_allocate
 mppjpegenc0:src-8715    [002] ..... 20236.265920: system_heap_dma_buf_release <-dma_buf_release
      queue0:src-8709    [003] ..... 20236.284808: system_heap_do_allocate.constprop.0 <-system_uncached_heap_allocate
 mppjpegenc0:src-8715    [002] ..... 20236.298468: system_heap_dma_buf_release <-dma_buf_release
      queue0:src-8709    [003] ..... 20236.318029: system_heap_do_allocate.constprop.0 <-system_uncached_heap_allocate
 mppjpegenc0:src-8715    [002] ..... 20236.332286: system_heap_dma_buf_release <-dma_buf_release
      queue0:src-8709    [003] ..... 20236.351265: system_heap_do_allocate.constprop.0 <-system_uncached_heap_allocate
 mppjpegenc0:src-8715    [002] ..... 20236.365605: system_heap_dma_buf_release <-dma_buf_release
      queue0:src-8709    [003] ..... 20236.384589: system_heap_do_allocate.constprop.0 <-system_uncached_heap_allocate
 mppjpegenc0:src-8715    [002] ..... 20236.398342: system_heap_dma_buf_release <-dma_buf_release
      queue0:src-8709    [003] ..... 20236.417870: system_heap_do_allocate.constprop.0 <-system_uncached_heap_allocate
 mppjpegenc0:src-8715    [002] ..... 20236.431867: system_heap_dma_buf_release <-dma_buf_release
      queue0:src-8709    [003] ..... 20236.451107: system_heap_do_allocate.constprop.0 <-system_uncached_heap_allocate
 mppjpegenc0:src-8715    [002] ..... 20236.464804: system_heap_dma_buf_release <-dma_buf_release
      queue0:src-8709    [003] ..... 20236.484428: system_heap_do_allocate.constprop.0 <-system_uncached_heap_allocate
 mppjpegenc0:src-8715    [002] ..... 20236.498120: system_heap_dma_buf_release <-dma_buf_release
      queue0:src-8709    [003] ..... 20236.517710: system_heap_do_allocate.constprop.0 <-system_uncached_heap_allocate
 mppjpegenc0:src-8715    [002] ..... 20236.531529: system_heap_dma_buf_release <-dma_buf_release
      queue0:src-8709    [003] ..... 20236.550945: system_heap_do_allocate.constprop.0 <-system_uncached_heap_allocate
 mppjpegenc0:src-8715    [002] ..... 20236.564646: system_heap_dma_buf_release <-dma_buf_release
      queue0:src-8709    [003] ..... 20236.584269: system_heap_do_allocate.constprop.0 <-system_uncached_heap_allocate
 mppjpegenc0:src-8715    [002] ..... 20236.598171: system_heap_dma_buf_release <-dma_buf_release
      queue0:src-8709    [003] ..... 20236.617547: system_heap_do_allocate.constprop.0 <-system_uncached_heap_allocate
 mppjpegenc0:src-8715    [002] ..... 20236.631573: system_heap_dma_buf_release <-dma_buf_release
      queue0:src-8709    [003] ..... 20236.650793: system_heap_do_allocate.constprop.0 <-system_uncached_heap_allocate
 mppjpegenc0:src-8715    [002] ..... 20236.664463: system_heap_dma_buf_release <-dma_buf_release
      queue0:src-8709    [003] ..... 20236.684120: system_heap_do_allocate.constprop.0 <-system_uncached_heap_allocate
 mppjpegenc0:src-8715    [002] ..... 20236.698265: system_heap_dma_buf_release <-dma_buf_release
      queue0:src-8709    [003] ..... 20236.717382: system_heap_do_allocate.constprop.0 <-system_uncached_heap_allocate
 mppjpegenc0:src-8715    [002] ..... 20236.731525: system_heap_dma_buf_release <-dma_buf_release
      queue0:src-8709    [003] ..... 20236.750629: system_heap_do_allocate.constprop.0 <-system_uncached_heap_allocate
 mppjpegenc0:src-8715    [002] ..... 20236.766420: system_heap_dma_buf_release <-dma_buf_release
      queue0:src-8709    [003] ..... 20236.783959: system_heap_do_allocate.constprop.0 <-system_uncached_heap_allocate
 mppjpegenc0:src-8715    [002] ..... 20236.797662: system_heap_dma_buf_release <-dma_buf_release
      queue0:src-8709    [003] ..... 20236.817235: system_heap_do_allocate.constprop.0 <-system_uncached_heap_allocate
 mppjpegenc0:src-8715    [002] ..... 20236.831076: system_heap_dma_buf_release <-dma_buf_release
      queue0:src-8709    [003] ..... 20236.850504: system_heap_do_allocate.constprop.0 <-system_uncached_heap_allocate
 mppjpegenc0:src-8715    [002] ..... 20236.865267: system_heap_dma_buf_release <-dma_buf_release
      queue0:src-8709    [003] ..... 20236.883780: system_heap_do_allocate.constprop.0 <-system_uncached_heap_allocate
 mppjpegenc0:src-8715    [002] ..... 20236.897459: system_heap_dma_buf_release <-dma_buf_release
      queue0:src-8709    [003] ..... 20236.917070: system_heap_do_allocate.constprop.0 <-system_uncached_heap_allocate
 mppjpegenc0:src-8715    [002] ..... 20236.931014: system_heap_dma_buf_release <-dma_buf_release
      queue0:src-8709    [003] ..... 20236.950350: system_heap_do_allocate.constprop.0 <-system_uncached_heap_allocate
 mppjpegenc0:src-8715    [002] ..... 20236.964029: system_heap_dma_buf_release <-dma_buf_release
      queue0:src-8709    [003] ..... 20236.983614: system_heap_do_allocate.constprop.0 <-system_uncached_heap_allocate
 mppjpegenc0:src-8715    [002] ..... 20236.997274: system_heap_dma_buf_release <-dma_buf_release
      queue0:src-8709    [003] ..... 20237.016913: system_heap_do_allocate.constprop.0 <-system_uncached_heap_allocate
 mppjpegenc0:src-8715    [002] ..... 20237.030674: system_heap_dma_buf_release <-dma_buf_release
      queue0:src-8709    [003] ..... 20237.050182: system_heap_do_allocate.constprop.0 <-system_uncached_heap_allocate
 mppjpegenc0:src-8715    [002] ..... 20237.063882: system_heap_dma_buf_release <-dma_buf_release
      queue0:src-8709    [003] .N... 20237.083453: system_heap_do_allocate.constprop.0 <-system_uncached_heap_allocate
 mppjpegenc0:src-8715    [002] ..... 20237.097930: system_heap_dma_buf_release <-dma_buf_release
      queue0:src-8709    [003] ..... 20237.116752: system_heap_do_allocate.constprop.0 <-system_uncached_heap_allocate
 mppjpegenc0:src-8715    [002] ..... 20237.130533: system_heap_dma_buf_release <-dma_buf_release
      queue0:src-8709    [003] ..... 20237.150028: system_heap_do_allocate.constprop.0 <-system_uncached_heap_allocate
 mppjpegenc0:src-8715    [002] ..... 20237.163692: system_heap_dma_buf_release <-dma_buf_release
      queue0:src-8709    [003] ..... 20237.183269: system_heap_do_allocate.constprop.0 <-system_uncached_heap_allocate
 mppjpegenc0:src-8715    [002] ..... 20237.196999: system_heap_dma_buf_release <-dma_buf_release
      queue0:src-8709    [003] ..... 20237.216553: system_heap_do_allocate.constprop.0 <-system_uncached_heap_allocate
 mppjpegenc0:src-8715    [002] ..... 20237.230331: system_heap_dma_buf_release <-dma_buf_release
      queue0:src-8709    [003] ..... 20237.249866: system_heap_do_allocate.constprop.0 <-system_uncached_heap_allocate
 mppjpegenc0:src-8715    [002] ..... 20237.263529: system_heap_dma_buf_release <-dma_buf_release
      queue0:src-8709    [003] ..... 20237.283107: system_heap_do_allocate.constprop.0 <-system_uncached_heap_allocate
 mppjpegenc0:src-8715    [002] ..... 20237.297038: system_heap_dma_buf_release <-dma_buf_release
      queue0:src-8709    [003] ..... 20237.316427: system_heap_do_allocate.constprop.0 <-system_uncached_heap_allocate
 mppjpegenc0:src-8715    [002] ..... 20237.330695: system_heap_dma_buf_release <-dma_buf_release
      queue0:src-8709    [003] ..... 20237.349713: system_heap_do_allocate.constprop.0 <-system_uncached_heap_allocate
 mppjpegenc0:src-8715    [002] ..... 20237.363333: system_heap_dma_buf_release <-dma_buf_release
      queue0:src-8709    [003] ..... 20237.382946: system_heap_do_allocate.constprop.0 <-system_uncached_heap_allocate
 mppjpegenc0:src-8715    [002] ..... 20237.396606: system_heap_dma_buf_release <-dma_buf_release
      queue0:src-8709    [003] ..... 20237.416270: system_heap_do_allocate.constprop.0 <-system_uncached_heap_allocate
 mppjpegenc0:src-8715    [002] ..... 20237.430126: system_heap_dma_buf_release <-dma_buf_release
      queue0:src-8709    [003] ..... 20237.449549: system_heap_do_allocate.constprop.0 <-system_uncached_heap_allocate
 mppjpegenc0:src-8715    [002] ..... 20237.463191: system_heap_dma_buf_release <-dma_buf_release
      queue0:src-8709    [003] ..... 20237.482784: system_heap_do_allocate.constprop.0 <-system_uncached_heap_allocate
 mppjpegenc0:src-8715    [002] ..... 20237.496482: system_heap_dma_buf_release <-dma_buf_release
      queue0:src-8709    [003] ..... 20237.516145: system_heap_do_allocate.constprop.0 <-system_uncached_heap_allocate
 mppjpegenc0:src-8715    [002] ..... 20237.529664: system_heap_dma_buf_release <-dma_buf_release
      queue0:src-8709    [003] ..... 20237.549391: system_heap_do_allocate.constprop.0 <-system_uncached_heap_allocate
 mppjpegenc0:src-8715    [002] ..... 20237.563055: system_heap_dma_buf_release <-dma_buf_release
      queue0:src-8709    [003] ..... 20237.582625: system_heap_do_allocate.constprop.0 <-system_uncached_heap_allocate
 mppjpegenc0:src-8715    [002] ..... 20237.596332: system_heap_dma_buf_release <-dma_buf_release
      queue0:src-8709    [003] ..... 20237.615951: system_heap_do_allocate.constprop.0 <-system_uncached_heap_allocate
 mppjpegenc0:src-8715    [002] ..... 20237.629902: system_heap_dma_buf_release <-dma_buf_release
      queue0:src-8709    [003] ..... 20237.649232: system_heap_do_allocate.constprop.0 <-system_uncached_heap_allocate
 mppjpegenc0:src-8715    [002] ..... 20237.662875: system_heap_dma_buf_release <-dma_buf_release
      queue0:src-8709    [003] ..... 20237.682466: system_heap_do_allocate.constprop.0 <-system_uncached_heap_allocate
 mppjpegenc0:src-8715    [002] ..... 20237.696490: system_heap_dma_buf_release <-dma_buf_release
      queue0:src-8709    [003] ..... 20237.715759: system_heap_do_allocate.constprop.0 <-system_uncached_heap_allocate
 mppjpegenc0:src-8715    [002] ..... 20237.729477: system_heap_dma_buf_release <-dma_buf_release
      queue0:src-8709    [003] ..... 20237.749067: system_heap_do_allocate.constprop.0 <-system_uncached_heap_allocate
 mppjpegenc0:src-8715    [002] ..... 20237.762781: system_heap_dma_buf_release <-dma_buf_release
      queue0:src-8709    [003] ..... 20237.782305: system_heap_do_allocate.constprop.0 <-system_uncached_heap_allocate
 mppjpegenc0:src-8715    [002] ..... 20237.795996: system_heap_dma_buf_release <-dma_buf_release
      queue0:src-8709    [003] ..... 20237.815629: system_heap_do_allocate.constprop.0 <-system_uncached_heap_allocate
 mppjpegenc0:src-8715    [002] ..... 20237.829287: system_heap_dma_buf_release <-dma_buf_release
      queue0:src-8709    [003] ..... 20237.848910: system_heap_do_allocate.constprop.0 <-system_uncached_heap_allocate
 mppjpegenc0:src-8715    [002] ..... 20237.862604: system_heap_dma_buf_release <-dma_buf_release
      queue0:src-8709    [003] ..... 20237.882183: system_heap_do_allocate.constprop.0 <-system_uncached_heap_allocate
 mppjpegenc0:src-8715    [002] ..... 20237.895962: system_heap_dma_buf_release <-dma_buf_release
      queue0:src-8709    [003] ..... 20237.915440: system_heap_do_allocate.constprop.0 <-system_uncached_heap_allocate
 mppjpegenc0:src-8715    [002] ..... 20237.929370: system_heap_dma_buf_release <-dma_buf_release
      queue0:src-8709    [003] ..... 20237.948748: system_heap_do_allocate.constprop.0 <-system_uncached_heap_allocate
 mppjpegenc0:src-8715    [002] ..... 20237.962443: system_heap_dma_buf_release <-dma_buf_release
      queue0:src-8709    [003] ..... 20237.982031: system_heap_do_allocate.constprop.0 <-system_uncached_heap_allocate
 mppjpegenc0:src-8715    [002] ..... 20237.995722: system_heap_dma_buf_release <-dma_buf_release
      queue0:src-8709    [003] ..... 20238.015266: system_heap_do_allocate.constprop.0 <-system_uncached_heap_allocate
 mppjpegenc0:src-8715    [002] ..... 20238.029538: system_heap_dma_buf_release <-dma_buf_release
      queue0:src-8709    [003] ..... 20238.048591: system_heap_do_allocate.constprop.0 <-system_uncached_heap_allocate
 mppjpegenc0:src-8715    [002] ..... 20238.062281: system_heap_dma_buf_release <-dma_buf_release
      queue0:src-8709    [003] ..... 20238.081871: system_heap_do_allocate.constprop.0 <-system_uncached_heap_allocate
 mppjpegenc0:src-8715    [002] ..... 20238.095338: system_heap_dma_buf_release <-dma_buf_release
      queue0:src-8709    [003] ..... 20238.115111: system_heap_do_allocate.constprop.0 <-system_uncached_heap_allocate
 mppjpegenc0:src-8715    [002] ..... 20238.128862: system_heap_dma_buf_release <-dma_buf_release
      queue0:src-8709    [003] ..... 20238.148429: system_heap_do_allocate.constprop.0 <-system_uncached_heap_allocate
 mppjpegenc0:src-8715    [002] ..... 20238.162295: system_heap_dma_buf_release <-dma_buf_release
      queue0:src-8709    [003] ..... 20238.181710: system_heap_do_allocate.constprop.0 <-system_uncached_heap_allocate
 mppjpegenc0:src-8715    [002] ..... 20238.195284: system_heap_dma_buf_release <-dma_buf_release
      queue0:src-8709    [003] ..... 20238.214956: system_heap_do_allocate.constprop.0 <-system_uncached_heap_allocate
 mppjpegenc0:src-8715    [002] ..... 20238.229897: system_heap_dma_buf_release <-dma_buf_release
      queue0:src-8709    [003] ..... 20238.248276: system_heap_do_allocate.constprop.0 <-system_uncached_heap_allocate
 mppjpegenc0:src-8715    [003] ..... 20238.261973: system_heap_dma_buf_release <-dma_buf_release
      queue0:src-8709    [003] ..... 20238.281552: system_heap_do_allocate.constprop.0 <-system_uncached_heap_allocate
 mppjpegenc0:src-8715    [003] ..... 20238.295283: system_heap_dma_buf_release <-dma_buf_release
      queue0:src-8709    [003] ..... 20238.314773: system_heap_do_allocate.constprop.0 <-system_uncached_heap_allocate
 mppjpegenc0:src-8715    [003] ..... 20238.328448: system_heap_dma_buf_release <-dma_buf_release
      queue0:src-8709    [003] ..... 20238.348115: system_heap_do_allocate.constprop.0 <-system_uncached_heap_allocate
 mppjpegenc0:src-8715    [003] ..... 20238.362102: system_heap_dma_buf_release <-dma_buf_release
      queue0:src-8709    [003] ..... 20238.381386: system_heap_do_allocate.constprop.0 <-system_uncached_heap_allocate
 mppjpegenc0:src-8715    [003] ..... 20238.395028: system_heap_dma_buf_release <-dma_buf_release
      queue0:src-8709    [003] ..... 20238.414616: system_heap_do_allocate.constprop.0 <-system_uncached_heap_allocate
 mppjpegenc0:src-8715    [003] ..... 20238.428453: system_heap_dma_buf_release <-dma_buf_release
      queue0:src-8709    [003] ..... 20238.447961: system_heap_do_allocate.constprop.0 <-system_uncached_heap_allocate
 mppjpegenc0:src-8715    [003] ..... 20238.461659: system_heap_dma_buf_release <-dma_buf_release
      queue0:src-8709    [003] ..... 20238.481227: system_heap_do_allocate.constprop.0 <-system_uncached_heap_allocate
 mppjpegenc0:src-8715    [003] ..... 20238.495801: system_heap_dma_buf_release <-dma_buf_release
      queue0:src-8709    [003] ..... 20238.514496: system_heap_do_allocate.constprop.0 <-system_uncached_heap_allocate
 mppjpegenc0:src-8715    [003] ..... 20238.528144: system_heap_dma_buf_release <-dma_buf_release
      queue0:src-8709    [003] ..... 20238.547766: system_heap_do_allocate.constprop.0 <-system_uncached_heap_allocate
 mppjpegenc0:src-8715    [003] ..... 20238.561525: system_heap_dma_buf_release <-dma_buf_release
      queue0:src-8709    [003] ..... 20238.581073: system_heap_do_allocate.constprop.0 <-system_uncached_heap_allocate
 mppjpegenc0:src-8715    [003] ..... 20238.594657: system_heap_dma_buf_release <-dma_buf_release
      queue0:src-8709    [003] ..... 20238.614337: system_heap_do_allocate.constprop.0 <-system_uncached_heap_allocate
 mppjpegenc0:src-8715    [003] ..... 20238.627953: system_heap_dma_buf_release <-dma_buf_release
      queue0:src-8709    [003] ..... 20238.647628: system_heap_do_allocate.constprop.0 <-system_uncached_heap_allocate
 mppjpegenc0:src-8715    [003] ..... 20238.661451: system_heap_dma_buf_release <-dma_buf_release
      queue0:src-8709    [003] ..... 20238.680911: system_heap_do_allocate.constprop.0 <-system_uncached_heap_allocate
 mppjpegenc0:src-8715    [003] ..... 20238.694693: system_heap_dma_buf_release <-dma_buf_release
      queue0:src-8709    [003] ..... 20238.714177: system_heap_do_allocate.constprop.0 <-system_uncached_heap_allocate
 mppjpegenc0:src-8715    [003] ..... 20238.727897: system_heap_dma_buf_release <-dma_buf_release
      queue0:src-8709    [003] ..... 20238.747422: system_heap_do_allocate.constprop.0 <-system_uncached_heap_allocate
 mppjpegenc0:src-8715    [003] ..... 20238.761234: system_heap_dma_buf_release <-dma_buf_release
      queue0:src-8709    [003] ..... 20238.780749: system_heap_do_allocate.constprop.0 <-system_uncached_heap_allocate
 mppjpegenc0:src-8715    [003] ..... 20238.794562: system_heap_dma_buf_release <-dma_buf_release
      queue0:src-8709    [003] ..... 20238.814028: system_heap_do_allocate.constprop.0 <-system_uncached_heap_allocate
 mppjpegenc0:src-8715    [003] ..... 20238.827844: system_heap_dma_buf_release <-dma_buf_release
      queue0:src-8709    [003] ..... 20238.847265: system_heap_do_allocate.constprop.0 <-system_uncached_heap_allocate
 mppjpegenc0:src-8715    [003] ..... 20238.861119: system_heap_dma_buf_release <-dma_buf_release
      queue0:src-8709    [003] ..... 20238.880605: system_heap_do_allocate.constprop.0 <-system_uncached_heap_allocate
 mppjpegenc0:src-8715    [003] ..... 20238.894618: system_heap_dma_buf_release <-dma_buf_release
      queue0:src-8709    [003] ..... 20238.913872: system_heap_do_allocate.constprop.0 <-system_uncached_heap_allocate
 mppjpegenc0:src-8715    [003] ..... 20238.927808: system_heap_dma_buf_release <-dma_buf_release
      queue0:src-8709    [003] ..... 20238.947105: system_heap_do_allocate.constprop.0 <-system_uncached_heap_allocate
 mppjpegenc0:src-8715    [003] ..... 20238.960918: system_heap_dma_buf_release <-dma_buf_release
      queue0:src-8709    [003] ..... 20238.980417: system_heap_do_allocate.constprop.0 <-system_uncached_heap_allocate
 mppjpegenc0:src-8715    [003] ..... 20238.994049: system_heap_dma_buf_release <-dma_buf_release
      queue0:src-8709    [003] ..... 20239.013710: system_heap_do_allocate.constprop.0 <-system_uncached_heap_allocate
 mppjpegenc0:src-8715    [003] ..... 20239.027989: system_heap_dma_buf_release <-dma_buf_release
      queue0:src-8709    [003] ..... 20239.046953: system_heap_do_allocate.constprop.0 <-system_uncached_heap_allocate
 mppjpegenc0:src-8715    [003] ..... 20239.060701: system_heap_dma_buf_release <-dma_buf_release
      queue0:src-8709    [003] ..... 20239.080257: system_heap_do_allocate.constprop.0 <-system_uncached_heap_allocate
 mppjpegenc0:src-8715    [003] ..... 20239.094063: system_heap_dma_buf_release <-dma_buf_release
      queue0:src-8709    [003] ..... 20239.113548: system_heap_do_allocate.constprop.0 <-system_uncached_heap_allocate
 mppjpegenc0:src-8715    [003] ..... 20239.127196: system_heap_dma_buf_release <-dma_buf_release
      queue0:src-8709    [003] ..... 20239.146785: system_heap_do_allocate.constprop.0 <-system_uncached_heap_allocate
 mppjpegenc0:src-8715    [003] ..... 20239.160528: system_heap_dma_buf_release <-dma_buf_release
      queue0:src-8709    [003] ..... 20239.180110: system_heap_do_allocate.constprop.0 <-system_uncached_heap_allocate
 mppjpegenc0:src-8715    [003] ..... 20239.193795: system_heap_dma_buf_release <-dma_buf_release
      queue0:src-8709    [003] ..... 20239.213389: system_heap_do_allocate.constprop.0 <-system_uncached_heap_allocate
 mppjpegenc0:src-8715    [003] ..... 20239.227134: system_heap_dma_buf_release <-dma_buf_release
      queue0:src-8709    [003] ..... 20239.246738: system_heap_do_allocate.constprop.0 <-system_uncached_heap_allocate
 mppjpegenc0:src-8715    [002] ..... 20239.260665: system_heap_dma_buf_release <-dma_buf_release
      queue0:src-8709    [003] ..... 20239.279951: system_heap_do_allocate.constprop.0 <-system_uncached_heap_allocate
 mppjpegenc0:src-8715    [002] ..... 20239.294132: system_heap_dma_buf_release <-dma_buf_release
      queue0:src-8709    [003] ..... 20239.313235: system_heap_do_allocate.constprop.0 <-system_uncached_heap_allocate
 mppjpegenc0:src-8715    [002] ..... 20239.327173: system_heap_dma_buf_release <-dma_buf_release
      queue0:src-8709    [003] ..... 20239.346447: system_heap_do_allocate.constprop.0 <-system_uncached_heap_allocate
 mppjpegenc0:src-8715    [002] ..... 20239.360311: system_heap_dma_buf_release <-dma_buf_release
      queue0:src-8709    [003] ..... 20239.379782: system_heap_do_allocate.constprop.0 <-system_uncached_heap_allocate
 mppjpegenc0:src-8715    [002] ..... 20239.393581: system_heap_dma_buf_release <-dma_buf_release
      queue0:src-8709    [003] ..... 20239.413055: system_heap_do_allocate.constprop.0 <-system_uncached_heap_allocate
 mppjpegenc0:src-8715    [002] ..... 20239.426626: system_heap_dma_buf_release <-dma_buf_release
      queue0:src-8709    [003] ..... 20239.446308: system_heap_do_allocate.constprop.0 <-system_uncached_heap_allocate
 mppjpegenc0:src-8715    [002] ..... 20239.460037: system_heap_dma_buf_release <-dma_buf_release
      queue0:src-8709    [003] ..... 20239.479594: system_heap_do_allocate.constprop.0 <-system_uncached_heap_allocate
 mppjpegenc0:src-8715    [002] ..... 20239.493488: system_heap_dma_buf_release <-dma_buf_release
      queue0:src-8709    [003] ..... 20239.512898: system_heap_do_allocate.constprop.0 <-system_uncached_heap_allocate
 mppjpegenc0:src-8715    [002] ..... 20239.526519: system_heap_dma_buf_release <-dma_buf_release
      queue0:src-8709    [003] ..... 20239.546172: system_heap_do_allocate.constprop.0 <-system_uncached_heap_allocate
 mppjpegenc0:src-8715    [002] ..... 20239.559927: system_heap_dma_buf_release <-dma_buf_release
      queue0:src-8709    [003] ..... 20239.579410: system_heap_do_allocate.constprop.0 <-system_uncached_heap_allocate
 mppjpegenc0:src-8715    [002] ..... 20239.593322: system_heap_dma_buf_release <-dma_buf_release
      queue0:src-8709    [003] ..... 20239.612754: system_heap_do_allocate.constprop.0 <-system_uncached_heap_allocate
 mppjpegenc0:src-8715    [002] ..... 20239.626502: system_heap_dma_buf_release <-dma_buf_release
      queue0:src-8709    [003] ..... 20239.646012: system_heap_do_allocate.constprop.0 <-system_uncached_heap_allocate
 mppjpegenc0:src-8715    [002] ..... 20239.659577: system_heap_dma_buf_release <-dma_buf_release
      queue0:src-8709    [003] ..... 20239.679261: system_heap_do_allocate.constprop.0 <-system_uncached_heap_allocate
 mppjpegenc0:src-8715    [002] ..... 20239.693029: system_heap_dma_buf_release <-dma_buf_release
      queue0:src-8709    [003] ..... 20239.712559: system_heap_do_allocate.constprop.0 <-system_uncached_heap_allocate
 mppjpegenc0:src-8715    [002] ..... 20239.726229: system_heap_dma_buf_release <-dma_buf_release
      queue0:src-8709    [003] ..... 20239.745850: system_heap_do_allocate.constprop.0 <-system_uncached_heap_allocate
 mppjpegenc0:src-8715    [002] ..... 20239.759390: system_heap_dma_buf_release <-dma_buf_release
      queue0:src-8709    [003] ..... 20239.779256: system_heap_do_allocate.constprop.0 <-system_uncached_heap_allocate
 mppjpegenc0:src-8715    [002] ..... 20239.793041: system_heap_dma_buf_release <-dma_buf_release
      queue0:src-8709    [003] ..... 20239.812416: system_heap_do_allocate.constprop.0 <-system_uncached_heap_allocate
 mppjpegenc0:src-8715    [002] ..... 20239.826840: system_heap_dma_buf_release <-dma_buf_release
      queue0:src-8709    [003] ..... 20239.845676: system_heap_do_allocate.constprop.0 <-system_uncached_heap_allocate
 mppjpegenc0:src-8715    [002] ..... 20239.859382: system_heap_dma_buf_release <-dma_buf_release
      queue0:src-8709    [003] ..... 20239.878927: system_heap_do_allocate.constprop.0 <-system_uncached_heap_allocate
 mppjpegenc0:src-8715    [002] ..... 20239.892742: system_heap_dma_buf_release <-dma_buf_release
      queue0:src-8709    [003] ..... 20239.912253: system_heap_do_allocate.constprop.0 <-system_uncached_heap_allocate
 mppjpegenc0:src-8715    [002] ..... 20239.926493: system_heap_dma_buf_release <-dma_buf_release
      queue0:src-8709    [003] ..... 20239.945533: system_heap_do_allocate.constprop.0 <-system_uncached_heap_allocate
 mppjpegenc0:src-8715    [002] ..... 20239.959126: system_heap_dma_buf_release <-dma_buf_release
      queue0:src-8709    [003] ..... 20239.978775: system_heap_do_allocate.constprop.0 <-system_uncached_heap_allocate
 mppjpegenc0:src-8715    [002] ..... 20239.992565: system_heap_dma_buf_release <-dma_buf_release
      queue0:src-8709    [003] ..... 20240.012121: system_heap_do_allocate.constprop.0 <-system_uncached_heap_allocate
 mppjpegenc0:src-8715    [003] ..... 20240.026777: system_heap_dma_buf_release <-dma_buf_release
      queue0:src-8709    [003] ..... 20240.045346: system_heap_do_allocate.constprop.0 <-system_uncached_heap_allocate
 mppjpegenc0:src-8715    [002] ..... 20240.059003: system_heap_dma_buf_release <-dma_buf_release
      queue0:src-8709    [003] ..... 20240.078627: system_heap_do_allocate.constprop.0 <-system_uncached_heap_allocate
 mppjpegenc0:src-8715    [002] ..... 20240.092341: system_heap_dma_buf_release <-dma_buf_release
      queue0:src-8709    [003] ..... 20240.111921: system_heap_do_allocate.constprop.0 <-system_uncached_heap_allocate
 mppjpegenc0:src-8715    [002] ..... 20240.125690: system_heap_dma_buf_release <-dma_buf_release
      queue0:src-8709    [003] ..... 20240.145213: system_heap_do_allocate.constprop.0 <-system_uncached_heap_allocate
 mppjpegenc0:src-8715    [002] ..... 20240.158920: system_heap_dma_buf_release <-dma_buf_release
      queue0:src-8709    [003] ..... 20240.178497: system_heap_do_allocate.constprop.0 <-system_uncached_heap_allocate
 mppjpegenc0:src-8715    [002] ..... 20240.192230: system_heap_dma_buf_release <-dma_buf_release
      queue0:src-8709    [003] ..... 20240.211757: system_heap_do_allocate.constprop.0 <-system_uncached_heap_allocate
 mppjpegenc0:src-8715    [002] ..... 20240.225476: system_heap_dma_buf_release <-dma_buf_release
      queue0:src-8709    [003] ..... 20240.245050: system_heap_do_allocate.constprop.0 <-system_uncached_heap_allocate
 mppjpegenc0:src-8715    [002] ..... 20240.258723: system_heap_dma_buf_release <-dma_buf_release
      queue0:src-8709    [003] ..... 20240.279124: system_heap_do_allocate.constprop.0 <-system_uncached_heap_allocate
 mppjpegenc0:src-8715    [002] ..... 20240.293973: system_heap_dma_buf_release <-dma_buf_release
      queue0:src-8709    [003] ..... 20240.311582: system_heap_do_allocate.constprop.0 <-system_uncached_heap_allocate
 mppjpegenc0:src-8715    [002] ..... 20240.325684: system_heap_dma_buf_release <-dma_buf_release
      queue0:src-8709    [003] ..... 20240.344884: system_heap_do_allocate.constprop.0 <-system_uncached_heap_allocate
 mppjpegenc0:src-8715    [002] ..... 20240.358501: system_heap_dma_buf_release <-dma_buf_release
      queue0:src-8709    [003] ..... 20240.378154: system_heap_do_allocate.constprop.0 <-system_uncached_heap_allocate
 mppjpegenc0:src-8715    [002] ..... 20240.391970: system_heap_dma_buf_release <-dma_buf_release
      queue0:src-8709    [003] ..... 20240.411414: system_heap_do_allocate.constprop.0 <-system_uncached_heap_allocate
 mppjpegenc0:src-8715    [002] ..... 20240.425224: system_heap_dma_buf_release <-dma_buf_release
      queue0:src-8709    [003] ..... 20240.444734: system_heap_do_allocate.constprop.0 <-system_uncached_heap_allocate
 mppjpegenc0:src-8715    [002] ..... 20240.458506: system_heap_dma_buf_release <-dma_buf_release
      queue0:src-8709    [003] ..... 20240.478006: system_heap_do_allocate.constprop.0 <-system_uncached_heap_allocate
 mppjpegenc0:src-8715    [002] ..... 20240.491536: system_heap_dma_buf_release <-dma_buf_release
      queue0:src-8709    [003] ..... 20240.511231: system_heap_do_allocate.constprop.0 <-system_uncached_heap_allocate
 mppjpegenc0:src-8715    [002] ..... 20240.525087: system_heap_dma_buf_release <-dma_buf_release
      queue0:src-8709    [003] ..... 20240.544553: system_heap_do_allocate.constprop.0 <-system_uncached_heap_allocate
 mppjpegenc0:src-8715    [002] ..... 20240.558952: system_heap_dma_buf_release <-dma_buf_release
      queue0:src-8709    [003] ..... 20240.577860: system_heap_do_allocate.constprop.0 <-system_uncached_heap_allocate
 mppjpegenc0:src-8715    [002] ..... 20240.591411: system_heap_dma_buf_release <-dma_buf_release
      queue0:src-8709    [003] ..... 20240.611090: system_heap_do_allocate.constprop.0 <-system_uncached_heap_allocate
 mppjpegenc0:src-8715    [002] ..... 20240.624858: system_heap_dma_buf_release <-dma_buf_release
      queue0:src-8709    [003] ..... 20240.644412: system_heap_do_allocate.constprop.0 <-system_uncached_heap_allocate
 mppjpegenc0:src-8715    [002] ..... 20240.658884: system_heap_dma_buf_release <-dma_buf_release
      queue0:src-8709    [003] ..... 20240.677703: system_heap_do_allocate.constprop.0 <-system_uncached_heap_allocate
 mppjpegenc0:src-8715    [002] ..... 20240.691571: system_heap_dma_buf_release <-dma_buf_release
      queue0:src-8709    [003] ..... 20240.710934: system_heap_do_allocate.constprop.0 <-system_uncached_heap_allocate
 mppjpegenc0:src-8715    [002] ..... 20240.724685: system_heap_dma_buf_release <-dma_buf_release
      queue0:src-8709    [003] ..... 20240.744244: system_heap_do_allocate.constprop.0 <-system_uncached_heap_allocate
 mppjpegenc0:src-8715    [002] ..... 20240.758553: system_heap_dma_buf_release <-dma_buf_release
      queue0:src-8709    [003] ..... 20240.777530: system_heap_do_allocate.constprop.0 <-system_uncached_heap_allocate
