make: Entering directory '/home/sx/projects/rtctrl-platform/third_party/linux-rk3588'
make[1]: Entering directory '/home/sx/projects/rtctrl-platform/.deps/kernel/aiot-3568pq-firstboot-final-config'
  GEN     Makefile
  UPD     include/config/kernel.release
  UPD     include/generated/utsrelease.h
  CC      kernel/bounds.s
  CALL    /home/sx/projects/rtctrl-platform/third_party/linux-rk3588/scripts/atomic/check-atomics.sh
  UPD     include/generated/bounds.h
  CC      arch/arm64/kernel/asm-offsets.s
  UPD     include/generated/asm-offsets.h
  CALL    /home/sx/projects/rtctrl-platform/third_party/linux-rk3588/scripts/checksyscalls.sh
  CC      arch/arm64/kernel/vdso/vgettimeofday.o
  AS      arch/arm64/kernel/vdso/note.o
  AS      arch/arm64/kernel/vdso/sigreturn.o
  LD      arch/arm64/kernel/vdso/vdso.so.dbg
  VDSOSYM include/generated/vdso-offsets.h
  CC      init/main.o
  CHK     include/generated/compile.h
  CC      init/do_mounts.o
  CC      init/do_mounts_rd.o
  CC      init/do_mounts_initrd.o
  CC      init/initramfs.o
  CC      init/calibrate.o
  UPD     include/generated/compile.h
  CC      init/init_task.o
  AS      arch/arm64/kernel/head.o
  CC      kernel/sched/core.o
  LDS     arch/arm64/kernel/vmlinux.lds
  CC      arch/arm64/kernel/debug-monitors.o
  CC      kernel/sched/loadavg.o
  CC      kernel/sched/clock.o
  CC      kernel/sched/cputime.o
  CC      certs/system_keyring.o
  CC      kernel/sched/idle.o
  CC      init/version.o
  CC      certs/common.o
  AS      arch/arm64/kernel/entry.o
  CC      arch/arm64/kernel/irq.o
  AR      certs/built-in.a
  CC      arch/arm64/kernel/fpsimd.o
  CC      kernel/irq/irqdesc.o
  AR      init/built-in.a
  CC      kernel/irq/handle.o
  CC      kernel/rcu/update.o
  CC      kernel/rcu/sync.o
  CC      kernel/rcu/srcutree.o
  CC      kernel/sched/fair.o
  CC      kernel/sched/rt.o
  CC      kernel/irq/manage.o
  CC      kernel/sched/deadline.o
  CC      arch/arm64/kernel/entry-common.o
  AS      arch/arm64/kernel/entry-fpsimd.o
  CC      arch/arm64/kernel/process.o
  CC      kernel/rcu/tree.o
  CC      kernel/irq/spurious.o
  CC      mm/filemap.o
  CC      kernel/irq/resend.o
  CC      arch/arm64/kernel/ptrace.o
  AR      fs/notify/dnotify/built-in.a
  CC      fs/notify/inotify/inotify_fsnotify.o
  CC      kernel/irq/chip.o
  CC      kernel/irq/dummychip.o
  CC      fs/notify/inotify/inotify_user.o
  CC      kernel/irq/devres.o
  CC      arch/arm64/kernel/setup.o
  CC      mm/mempool.o
  CC      kernel/irq/generic-chip.o
  CC      kernel/irq/autoprobe.o
  AR      fs/notify/inotify/built-in.a
  AR      fs/notify/fanotify/built-in.a
  CC      fs/notify/fsnotify.o
  CC      kernel/irq/irqdomain.o
  CC      kernel/sched/wait.o
  CC      kernel/sched/wait_bit.o
  CC      arch/arm64/kernel/signal.o
  CC      mm/oom_kill.o
  CC      fs/notify/notification.o
  CC      kernel/irq/proc.o
  CC      fs/notify/group.o
  CC      fs/nfs_common/nfsacl.o
  CC      fs/iomap/trace.o
  CC      kernel/sched/swait.o
  CC      kernel/irq/cpuhotplug.o
  CC      kernel/rcu/rcu_segcblist.o
  CC      arch/arm64/kernel/sys.o
  CC      fs/notify/mark.o
  CC      fs/nfs_common/grace.o
  CC      kernel/irq/pm.o
  CC      mm/fadvise.o
  AR      kernel/rcu/built-in.a
  CC      kernel/irq/msi.o
  CC      fs/iomap/apply.o
  CC      kernel/sched/completion.o
  CC      arch/arm64/kernel/stacktrace.o
  CC      fs/nfs_common/nfs_ssc.o
  CC      fs/notify/fdinfo.o
  CC      arch/arm64/kernel/time.o
  CC      mm/maccess.o
  CC      kernel/irq/ipi.o
  CC      fs/iomap/buffered-io.o
  CC      fs/iomap/direct-io.o
  CC      arch/arm64/kernel/traps.o
  AR      fs/notify/built-in.a
  CC      arch/arm64/kernel/io.o
  CC      kernel/sched/cpupri.o
  CC      mm/page-writeback.o
  CC      kernel/irq/affinity.o
  AR      fs/nfs_common/built-in.a
  CC      mm/readahead.o
  CC      mm/swap.o
  CC      mm/truncate.o
  AR      kernel/irq/built-in.a
  CC      mm/vmscan.o
  CC      arch/arm64/kernel/vdso.o
  CC      kernel/sched/cpudeadline.o
  CC      kernel/sched/topology.o
  CC      fs/iomap/fiemap.o
  AS      arch/arm64/kernel/hyp-stub.o
  CC      arch/arm64/kernel/psci.o
  CC      arch/arm64/kernel/cpu_ops.o
  CC      fs/iomap/seek.o
  CC      fs/iomap/swapfile.o
  AR      kernel/livepatch/built-in.a
  CC      arch/arm64/kernel/insn.o
  CC      ipc/compat.o
  CC      ipc/util.o
  AR      fs/iomap/built-in.a
  AR      fs/quota/built-in.a
  CC      fs/kernfs/mount.o
  CC      kernel/sched/stop_task.o
  CC      fs/proc/task_mmu.o
  CC      fs/proc/inode.o
  CC      fs/proc/root.o
  CC      arch/arm64/kernel/return_address.o
  CC      fs/kernfs/inode.o
  CC      ipc/msgutil.o
  CC      ipc/msg.o
  CC      ipc/sem.o
  CC      kernel/sched/pelt.o
  CC      arch/arm64/kernel/cpuinfo.o
  CC      mm/shmem.o
  CC      fs/proc/base.o
  CC      fs/proc/generic.o
  CC      fs/kernfs/dir.o
  CC      arch/arm64/kernel/cpu_errata.o
  CC      arch/arm64/kernel/cpufeature.o
  CC      arch/arm64/kernel/alternative.o
  CC      kernel/sched/stats.o
  CC      fs/sysfs/file.o
  CC      fs/kernfs/file.o
  CC      ipc/shm.o
  CC      arch/arm64/kernel/cacheinfo.o
  CC      fs/sysfs/dir.o
  CC      kernel/sched/debug.o
  CC      kernel/sched/cpuacct.o
  CC      fs/kernfs/symlink.o
  CC      arch/arm64/kernel/smp.o
  CC      fs/proc/array.o
  CC      mm/util.o
  CC      fs/sysfs/symlink.o
  AR      fs/kernfs/built-in.a
  CC      fs/proc/fd.o
  CC      fs/sysfs/mount.o
  CC      ipc/syscall.o
  CC      ipc/ipc_sysctl.o
  CC      fs/sysfs/group.o
  CC      mm/mmzone.o
  CC      fs/proc/proc_tty.o
  CC      arch/arm64/kernel/smp_spin_table.o
  CC      arch/arm64/kernel/topology.o
  AS      arch/arm64/kernel/smccc-call.o
  CC      arch/arm64/kernel/syscall.o
  CC      ipc/namespace.o
  CC      arch/arm64/kernel/proton-pack.o
  AR      fs/sysfs/built-in.a
  CC      arch/arm64/kernel/idreg-override.o
  CC      kernel/sched/membarrier.o
  CC      fs/proc/cmdline.o
  CC      kernel/sched/isolation.o
  CC      mm/vmstat.o
  AR      ipc/built-in.a
  CC      mm/backing-dev.o
  CC      mm/mm_init.o
  CC      fs/proc/consoles.o
  CC      fs/proc/cpuinfo.o
  CC      fs/configfs/inode.o
  CC      arch/arm64/kernel/sys32.o
  CC      fs/proc/devices.o
  CC      fs/proc/interrupts.o
  CC      fs/proc/loadavg.o
  AR      kernel/sched/built-in.a
  CC      kernel/dma/mapping.o
  CC      kernel/dma/direct.o
  CC      kernel/dma/ops_helpers.o
  CC      mm/percpu.o
  CC      mm/slab_common.o
  CC      fs/proc/meminfo.o
  CC      arch/arm64/kernel/signal32.o
  CC      fs/configfs/file.o
  CC      mm/compaction.o
  CC      fs/proc/stat.o
  CC      fs/configfs/dir.o
  CC      kernel/dma/dummy.o
  CC      kernel/dma/contiguous.o
  CC      fs/proc/uptime.o
  CC      arch/arm64/kernel/sys_compat.o
  CC      mm/vmacache.o
  CC      kernel/dma/coherent.o
  CC      fs/proc/util.o
  CC      fs/proc/version.o
  CC      mm/interval_tree.o
  CC      fs/configfs/symlink.o
  CC      mm/list_lru.o
  CC      arch/arm64/kernel/ftrace.o
  CC      mm/workingset.o
  CC      fs/proc/softirqs.o
  CC      fs/proc/namespaces.o
  CC      kernel/dma/swiotlb.o
  CC      fs/configfs/mount.o
  AS      arch/arm64/kernel/entry-ftrace.o
  CC      arch/arm64/kernel/module.o
  CC      fs/devpts/inode.o
  CC      fs/proc/self.o
  CC      fs/proc/thread_self.o
  CC      mm/debug.o
  CC      security/keys/gc.o
  CC      fs/configfs/item.o
  CC      kernel/dma/pool.o
  CC      kernel/dma/remap.o
  CC      arch/arm64/kernel/module-plts.o
  CC      fs/proc/proc_sysctl.o
  AR      fs/devpts/built-in.a
  CC      fs/proc/proc_net.o
  CC      security/keys/key.o
  AR      fs/configfs/built-in.a
  CC      security/keys/keyring.o
  CC      mm/gup.o
  CC      mm/highmem.o
  AR      kernel/dma/built-in.a
  AR      kernel/entry/built-in.a
  CC      arch/arm64/kernel/perf_regs.o
  CC      kernel/time/time.o
  CC      kernel/time/timer.o
  CC      kernel/time/hrtimer.o
  CC      kernel/time/timekeeping.o
  CC      fs/proc/kmsg.o
  CC      arch/arm64/kernel/perf_callchain.o
  CC      security/keys/keyctl.o
  CC      fs/proc/page.o
  CC      security/keys/permission.o
  CC      mm/memory.o
  CC      arch/arm64/kernel/perf_event.o
  CC      arch/arm64/kernel/hw_breakpoint.o
  AS      arch/arm64/kernel/sleep.o
  AR      fs/proc/built-in.a
  CC      fs/ext4/balloc.o
  CC      fs/ext4/bitmap.o
  CC      security/keys/process_keys.o
  CC      kernel/time/ntp.o
  CC      crypto/asymmetric_keys/asymmetric_type.o
  CC      crypto/asymmetric_keys/restrict.o
  CC      arch/arm64/kernel/suspend.o
  CC      crypto/asymmetric_keys/signature.o
  CC      kernel/time/clocksource.o
  CC      security/keys/request_key.o
  CC      security/keys/request_key_auth.o
  CC      security/keys/user_defined.o
  CC      crypto/asymmetric_keys/public_key.o
  CC      arch/arm64/kernel/cpuidle.o
  CC      fs/ext4/block_validity.o
  CC      kernel/time/jiffies.o
  CC      kernel/time/timer_list.o
  CC      arch/arm64/kernel/efi.o
  CC      security/keys/compat.o
  CC      security/keys/proc.o
  ASN.1   crypto/asymmetric_keys/x509.asn1.[ch]
  ASN.1   crypto/asymmetric_keys/x509_akid.asn1.[ch]
  CC      crypto/asymmetric_keys/x509_public_key.o
  ASN.1   crypto/asymmetric_keys/pkcs7.asn1.[ch]
  CC      crypto/asymmetric_keys/pkcs7_trust.o
  CC      fs/ext4/dir.o
  AS      arch/arm64/kernel/efi-entry.o
  CC      kernel/time/timeconv.o
  CC      crypto/asymmetric_keys/pkcs7_verify.o
  CC      security/keys/sysctl.o
  CC      mm/mincore.o
  AS      arch/arm64/kernel/efi-rt-wrapper.o
  CC      arch/arm64/kernel/pci.o
  CC      block/partitions/core.o
  CC      block/partitions/cmdline.o
  CC      kernel/time/timecounter.o
  CC      crypto/asymmetric_keys/x509.asn1.o
  CC      security/keys/keyctl_pkey.o
  CC      kernel/time/alarmtimer.o
  CC      crypto/asymmetric_keys/x509_akid.asn1.o
  CC      crypto/asymmetric_keys/x509_cert_parser.o
  CC      arch/arm64/kernel/armv8_deprecated.o
  CC      mm/mlock.o
  CC      fs/ext4/ext4_jbd2.o
  CC      fs/ext4/extents.o
  AR      security/keys/built-in.a
  CC      security/commoncap.o
  CC      crypto/asymmetric_keys/pkcs7.asn1.o
  CC      crypto/asymmetric_keys/pkcs7_parser.o
  CC      block/partitions/msdos.o
  CC      kernel/time/posix-timers.o
  OBJCOPY arch/arm64/kernel/vdso/vdso.so
  AS      arch/arm64/kernel/vdso/vdso.o
  AR      arch/arm64/kernel/vdso/built-in.a
  AR      crypto/asymmetric_keys/built-in.a
  CC      arch/arm64/kernel/probes/uprobes.o
  CC      crypto/api.o
  CC      mm/mmap.o
  CC      block/partitions/efi.o
  CC      mm/mmu_gather.o
  CC      security/min_addr.o
  CC      arch/arm64/kernel/probes/decode-insn.o
  CC      crypto/cipher.o
  CC      security/inode.o
  CC      kernel/time/posix-cpu-timers.o
  CC      security/device_cgroup.o
  AR      block/partitions/built-in.a
  CC      block/bio.o
  CC      arch/arm64/kernel/probes/simulate-insn.o
  CC      crypto/compress.o
  CC      block/elevator.o
  CC      crypto/algapi.o
  AR      arch/arm64/kernel/probes/built-in.a
  OBJCOPY arch/arm64/kernel/efi-entry.stub.o
  AR      arch/arm64/kernel/built-in.a
  AR      security/built-in.a
  CC      crypto/scatterwalk.o
  CC      arch/arm64/mm/dma-mapping.o
  CC      kernel/time/posix-clock.o
  CC      mm/mprotect.o
  CC      arch/arm64/mm/extable.o
  CC      fs/jbd2/transaction.o
  CC      block/blk-core.o
  CC      crypto/proc.o
  CC      arch/arm64/mm/fault.o
  CC      kernel/time/itimer.o
  CC      kernel/time/clockevents.o
  CC      crypto/aead.o
  CC      mm/mremap.o
  CC      fs/ext4/extents_status.o
  CC      fs/ext4/file.o
  CC      kernel/time/tick-common.o
  CC      arch/arm64/mm/init.o
  CC      crypto/geniv.o
  CC      fs/jbd2/commit.o
  CC      mm/msync.o
  AS      arch/arm64/mm/cache.o
  CC      arch/arm64/mm/copypage.o
  CC      block/blk-sysfs.o
  CC      kernel/time/tick-broadcast.o
  CC      crypto/skcipher.o
  CC      block/blk-flush.o
  CC      fs/ext4/fsmap.o
  CC      mm/page_vma_mapped.o
  CC      arch/arm64/mm/flush.o
  CC      fs/jbd2/recovery.o
  CC      kernel/time/tick-broadcast-hrtimer.o
  CC      arch/arm64/mm/ioremap.o
  CC      block/blk-settings.o
  CC      arch/arm64/crypto/sha1-ce-glue.o
  CC      mm/pagewalk.o
  CC      crypto/ahash.o
  CC      kernel/time/sched_clock.o
  CC      arch/arm64/mm/mmap.o
  CC      fs/jbd2/checkpoint.o
  CC      fs/ext4/fsync.o
  AS      arch/arm64/crypto/sha1-ce-core.o
  CC      arch/arm64/crypto/sha2-ce-glue.o
  CC      block/blk-ioc.o
  CC      kernel/time/tick-oneshot.o
  CC      mm/pgtable-generic.o
  CC      arch/arm64/mm/pgd.o
  CC      crypto/shash.o
  CC      kernel/time/tick-sched.o
  AS      arch/arm64/crypto/sha2-ce-core.o
  CC      arch/arm64/crypto/ghash-ce-glue.o
  CC      fs/jbd2/revoke.o
  CC      arch/arm64/mm/mmu.o
  CC      mm/rmap.o
  CC      block/blk-map.o
  CC      fs/ext4/hash.o
  CC      crypto/akcipher.o
  CC      fs/jbd2/journal.o
  AS      arch/arm64/crypto/ghash-ce-core.o
  CC      kernel/time/vsyscall.o
  AS      arch/arm64/crypto/aes-ce-core.o
  CC      fs/ext4/ialloc.o
  CC      arch/arm64/crypto/aes-ce-glue.o
  CC      block/blk-exec.o
  CC      arch/arm64/mm/context.o
  CC      crypto/kpp.o
  CC      kernel/time/timekeeping_debug.o
  CC      mm/vmalloc.o
  CC      arch/arm64/crypto/aes-ce-ccm-glue.o
  CC      block/blk-merge.o
  ASN.1   crypto/rsapubkey.asn1.[ch]
  ASN.1   crypto/rsaprivkey.asn1.[ch]
  CC      crypto/rsa.o
  AS      arch/arm64/mm/proc.o
  CC      arch/arm64/mm/pageattr.o
  CC      kernel/time/namespace.o
  AS      arch/arm64/crypto/aes-ce-ccm-core.o
  CC      arch/arm64/crypto/aes-glue-ce.o
  CC      crypto/rsa_helper.o
  CC      crypto/rsa-pkcs1pad.o
  AR      arch/arm64/mm/built-in.a
  CC      crypto/acompress.o
  AR      kernel/time/built-in.a
  CC      kernel/cgroup/cgroup.o
  CC      block/blk-timeout.o
  AS      arch/arm64/crypto/aes-ce.o
  CC      arch/arm64/crypto/sha256-glue.o
  CC      crypto/scompress.o
  CC      mm/ioremap.o
  CC      block/blk-lib.o
  CC      fs/ext4/indirect.o
  AR      fs/jbd2/built-in.a
  CC      fs/squashfs/block.o
  CC      fs/squashfs/cache.o
  AR      arch/arm64/crypto/built-in.a
  AR      arch/arm64/built-in.a
  CC      mm/process_vm_access.o
  CC      fs/ramfs/inode.o
  CC      crypto/algboss.o
  CC      block/blk-mq.o
  CC      mm/page_alloc.o
  CC      fs/squashfs/dir.o
  CC      fs/ramfs/file-mmu.o
  CC      fs/squashfs/export.o
  CC      crypto/testmgr.o
  CC      crypto/cmac.o
  CC      fs/ext4/inline.o
  AR      fs/ramfs/built-in.a
  CC      fs/ext4/inode.o
  CC      fs/squashfs/file.o
  CC      fs/squashfs/fragment.o
  CC      crypto/hmac.o
  CC      fs/squashfs/id.o
  CC      fs/squashfs/inode.o
  CC      crypto/crypto_null.o
  CC      crypto/md5.o
  CC      crypto/sha1_generic.o
  CC      fs/squashfs/namei.o
  CC      fs/squashfs/super.o
  CC      mm/init-mm.o
  CC      kernel/cgroup/rstat.o
  CC      block/blk-mq-tag.o
  CC      crypto/sha256_generic.o
  CC      fs/ext4/ioctl.o
  CC      fs/fat/cache.o
  CC      fs/squashfs/symlink.o
  CC      kernel/cgroup/namespace.o
  CC      crypto/sha512_generic.o
  CC      fs/fat/dir.o
  CC      block/blk-stat.o
  CC      fs/squashfs/decompressor.o
  CC      kernel/cgroup/cgroup-v1.o
  CC      mm/memblock.o
  CC      crypto/sm3_generic.o
  CC      fs/squashfs/file_cache.o
  CC      block/blk-mq-sysfs.o
  CC      block/blk-mq-cpumap.o
  CC      crypto/gf128mul.o
  CC      fs/ext4/mballoc.o
  CC      fs/squashfs/decompressor_single.o
  CC      fs/fat/fatent.o
  CC      fs/isofs/namei.o
  CC      kernel/cgroup/freezer.o
  CC      mm/madvise.o
  CC      block/blk-mq-sched.o
  CC      crypto/ecb.o
  CC      fs/squashfs/lzo_wrapper.o
  CC      fs/isofs/inode.o
  CC      crypto/cbc.o
  CC      kernel/cgroup/legacy_freezer.o
  CC      fs/squashfs/xz_wrapper.o
  CC      block/ioctl.o
  CC      crypto/cfb.o
  CC      mm/page_io.o
  CC      kernel/cgroup/cpuset.o
  CC      fs/fat/file.o
  CC      fs/squashfs/zlib_wrapper.o
  CC      crypto/xts.o
  CC      fs/isofs/dir.o
  CC      block/genhd.o
  AR      fs/squashfs/built-in.a
  CC      block/ioprio.o
  CC      mm/swap_state.o
  CC      fs/isofs/util.o
  CC      crypto/ctr.o
  CC      fs/fat/inode.o
  CC      fs/isofs/rock.o
  CC      crypto/gcm.o
  CC      crypto/ccm.o
  CC      mm/swapfile.o
  AR      kernel/cgroup/built-in.a
  CC      kernel/trace/trace_clock.o
  CC      block/badblocks.o
  CC      fs/isofs/export.o
  CC      fs/fat/misc.o
  CC      fs/fat/nfs.o
  CC      crypto/des_generic.o
  CC      kernel/trace/ftrace.o
  CC      fs/ext4/migrate.o
  CC      fs/isofs/joliet.o
  CC      block/blk-rq-qos.o
  CC      crypto/twofish_generic.o
  CC      crypto/twofish_common.o
  CC      fs/fat/namei_vfat.o
  CC      fs/isofs/compress.o
  CC      block/bounce.o
  CC      fs/ext4/mmp.o
  CC      fs/ext4/move_extent.o
  CC      crypto/aes_generic.o
  CC      mm/swap_slots.o
  AR      fs/isofs/built-in.a
  CC      mm/dmapool.o
  AR      fs/fat/built-in.a
  CC      mm/sparse.o
  CC      crypto/sm4_generic.o
  CC      block/scsi_ioctl.o
  CC      fs/ext4/namei.o
  CC      block/bsg.o
  CC      block/mq-deadline-main.o
  CC      crypto/deflate.o
  CC      crypto/crc32c_generic.o
  CC      mm/sparse-vmemmap.o
  CC      kernel/trace/ring_buffer.o
  CC      crypto/crct10dif_common.o
  CC      crypto/crct10dif_generic.o
  CC      crypto/lzo.o
  CC      crypto/lzo-rle.o
  CC      mm/slub.o
  CC      mm/migrate.o
  CC      mm/page_isolation.o
  CC      block/kyber-iosched.o
  CC      block/cmdline-parser.o
  CC      crypto/rng.o
  CC      mm/zsmalloc.o
  CC      block/blk-mq-pci.o
  CC      crypto/ansi_cprng.o
  CC      block/blk-mq-virtio.o
  CC      crypto/drbg.o
  CC      crypto/jitterentropy.o
  CC      fs/ext4/page-io.o
  CC      fs/ext4/readpage.o
  CC      fs/ext4/resize.o
  CC      kernel/trace/trace.o
  CC      block/blk-mq-debugfs.o
  CC      mm/early_ioremap.o
  CC      crypto/jitterentropy-kcapi.o
  CC      crypto/ghash-generic.o
  CC      kernel/events/core.o
  CC      kernel/bpf/core.o
  CC      kernel/locking/semaphore.o
  CC      block/blk-pm.o
  CC      crypto/af_alg.o
  CC      mm/cma.o
  CC      fs/ext4/super.o
  CC      kernel/locking/rwsem.o
  AR      block/built-in.a
  CC      kernel/locking/percpu-rwsem.o
  CC      kernel/events/ring_buffer.o
  CC      kernel/locking/spinlock.o
  CC      mm/frame_vector.o
  CC      crypto/algif_hash.o
  CC      kernel/locking/qspinlock.o
  CC      kernel/locking/rtmutex.o
  CC      mm/memfd.o
  AR      kernel/bpf/built-in.a
  CC      kernel/events/callchain.o
  CC      io_uring/io_uring.o
  CC      crypto/algif_skcipher.o
  AR      mm/built-in.a
  CC      crypto/zstd.o
  CC      kernel/events/hw_breakpoint.o
  CC      kernel/locking/mutex-rt.o
  CC      kernel/trace/trace_output.o
  CC      kernel/trace/trace_seq.o
  CC      crypto/ofb.o
  CC      kernel/locking/rwsem-rt.o
  CC      io_uring/io-wq.o
  CC      kernel/trace/trace_stat.o
  CC      crypto/ecc.o
  CC      crypto/ecdh.o
  CC      kernel/locking/rwlock-rt.o
  CC      kernel/trace/trace_printk.o
  CC      crypto/ecdh_helper.o
  AR      kernel/locking/built-in.a
  CC      crypto/hash_info.o
  CC      fs/ext4/symlink.o
  CC      kernel/events/uprobes.o
  CC      fs/nfs/client.o
  CC      kernel/trace/trace_sched_switch.o
  CC      crypto/rsapubkey.asn1.o
  CC      crypto/rsaprivkey.asn1.o
  AR      crypto/built-in.a
  CC      fs/exportfs/expfs.o
  CC      fs/lockd/clntlock.o
  CC      fs/lockd/clntproc.o
  AR      fs/exportfs/built-in.a
  CC      kernel/power/qos.o
  CC      kernel/trace/trace_functions.o
  AR      kernel/events/built-in.a
  CC      kernel/printk/printk.o
  CC      kernel/printk/printk_ringbuffer.o
  CC      fs/nfs/dir.o
  CC      fs/lockd/clntxdr.o
  CC      kernel/trace/trace_nop.o
  CC      kernel/power/main.o
  CC      kernel/power/console.o
  CC      kernel/trace/trace_functions_graph.o
  CC      fs/lockd/host.o
  CC      kernel/power/process.o
  CC      fs/ext4/sysfs.o
  CC      fs/lockd/svc.o
  AR      kernel/printk/built-in.a
  CC      fs/ext4/xattr.o
  CC      kernel/trace/blktrace.o
  CC      kernel/power/suspend.o
  CC      drivers/irqchip/irqchip.o
  CC      drivers/irqchip/irq-gic.o
  AR      io_uring/built-in.a
  CC      fs/nfs/file.o
  CC      kernel/power/poweroff.o
  CC      kernel/power/wakeup_reason.o
  CC      fs/lockd/svclock.o
  CC      fs/lockd/svcshare.o
  CC      kernel/trace/fgraph.o
  AR      kernel/power/built-in.a
  CC      drivers/irqchip/irq-gic-common.o
  CC      drivers/irqchip/irq-gic-v2m.o
  CC      fs/lockd/svcproc.o
  CC      fs/nfs/getroot.o
  CC      fs/lockd/svcsubs.o
  CC      fs/ext4/xattr_hurd.o
  CC      fs/ext4/xattr_trusted.o
  CC      sound/core/seq/seq.o
  CC      kernel/trace/trace_events.o
  CC      drivers/irqchip/irq-gic-v3.o
  CC      sound/core/seq/seq_lock.o
  CC      fs/ext4/xattr_user.o
  AR      sound/i2c/other/built-in.a
  AR      sound/i2c/built-in.a
  CC      fs/ext4/fast_commit.o
  CC      sound/core/sound.o
  CC      fs/nfs/inode.o
  CC      sound/core/seq/seq_clientmgr.o
  CC      fs/lockd/mon.o
  CC      sound/core/seq/seq_memory.o
  CC      sound/core/seq/seq_queue.o
  CC      drivers/irqchip/irq-gic-v3-mbi.o
  CC      drivers/irqchip/irq-gic-v3-its.o
  CC      fs/lockd/xdr.o
  CC      fs/lockd/clnt4xdr.o
  CC      fs/ext4/acl.o
  CC      sound/core/seq/seq_fifo.o
  CC      kernel/trace/trace_export.o
  CC      sound/core/seq/seq_prioq.o
  CC      kernel/trace/trace_event_perf.o
  CC      fs/nls/nls_base.o
  CC      fs/nfs/super.o
  CC      fs/ext4/xattr_security.o
  AR      drivers/bus/built-in.a
  CC      fs/lockd/xdr4.o
  CC      kernel/fork.o
  CC      sound/core/seq/seq_timer.o
  CC      fs/nls/nls_cp437.o
  CC      kernel/trace/trace_events_filter.o
  AR      fs/ext4/built-in.a
  CC      kernel/trace/trace_events_trigger.o
  CC      fs/nls/nls_cp936.o
  CC      sound/core/seq/seq_system.o
  CC      fs/lockd/svc4proc.o
  CC      fs/nfs/io.o
  CC      fs/nls/nls_ascii.o
  CC      sound/core/seq/seq_ports.o
  CC      sound/core/seq/seq_info.o
  CC      drivers/irqchip/irq-gic-v3-its-platform-msi.o
  CC      fs/nls/nls_iso8859-1.o
  CC      kernel/trace/error_report-traces.o
  CC      kernel/trace/power-traces.o
  CC      drivers/irqchip/irq-gic-v4.o
  CC      fs/nfs/direct.o
  CC      fs/nls/nls_utf8.o
  CC      fs/nfs/pagelist.o
  CC      sound/core/seq/seq_dummy.o
  CC      fs/lockd/procfs.o
  CC      sound/core/seq/seq_midi.o
  CC      drivers/irqchip/irq-gic-v3-its-pci-msi.o
  AR      fs/nls/built-in.a
  CC      drivers/irqchip/irq-partition-percpu.o
  CC      kernel/exec_domain.o
  AR      fs/lockd/built-in.a
  CC      sound/core/seq/seq_midi_event.o
  AR      drivers/phy/allwinner/built-in.a
  AR      drivers/phy/amlogic/built-in.a
  AR      drivers/phy/broadcom/built-in.a
  AR      drivers/phy/cadence/built-in.a
  AR      drivers/phy/freescale/built-in.a
  AR      drivers/phy/hisilicon/built-in.a
  AR      drivers/phy/intel/built-in.a
  AR      drivers/phy/lantiq/built-in.a
  AR      drivers/phy/marvell/built-in.a
  CC      kernel/trace/rpm-traces.o
  AR      drivers/phy/mediatek/built-in.a
  AR      drivers/phy/motorola/built-in.a
  AR      drivers/irqchip/built-in.a
  AR      drivers/phy/mscc/built-in.a
  AR      drivers/phy/qualcomm/built-in.a
  AR      drivers/pinctrl/actions/built-in.a
  AR      drivers/pinctrl/bcm/built-in.a
  AR      drivers/phy/ralink/built-in.a
  AR      drivers/phy/renesas/built-in.a
  AR      drivers/pinctrl/freescale/built-in.a
  AR      drivers/pinctrl/mvebu/built-in.a
  AR      drivers/pinctrl/nomadik/built-in.a
  CC      drivers/phy/rockchip/phy-rockchip-csi2-dphy-hw.o
  AR      drivers/pinctrl/sprd/built-in.a
  CC      drivers/gpio/gpiolib.o
  AR      drivers/pinctrl/ti/built-in.a
  AR      drivers/pinctrl/mediatek/built-in.a
  AR      drivers/pinctrl/cirrus/built-in.a
  CC      drivers/pinctrl/core.o
  AR      drivers/phy/samsung/built-in.a
  CC      drivers/gpio/gpiolib-devres.o
  AR      sound/core/seq/built-in.a
  CC      sound/core/init.o
  CC      sound/core/memory.o
  CC      fs/nfs/read.o
  CC      kernel/trace/trace_dynevent.o
  CC      fs/nfs/symlink.o
  CC      kernel/panic.o
  CC      sound/core/control.o
  CC      drivers/phy/rockchip/phy-rockchip-csi2-dphy.o
  CC      drivers/pinctrl/pinctrl-utils.o
  CC      kernel/trace/trace_probe.o
  CC      drivers/pinctrl/pinmux.o
  CC      drivers/pinctrl/pinconf.o
  AR      drivers/phy/socionext/built-in.a
  CC      sound/core/misc.o
  CC      fs/nfs/unlink.o
  CC      fs/nfs/write.o
  CC      drivers/phy/rockchip/phy-rockchip-dp.o
  CC      drivers/pinctrl/devicetree.o
  CC      kernel/trace/trace_uprobe.o
  CC      drivers/gpio/gpiolib-legacy.o
  CC      sound/core/device.o
  AR      drivers/phy/st/built-in.a
  CC      fs/nfs/namespace.o
  CC      drivers/phy/rockchip/phy-rockchip-emmc.o
  CC      drivers/pinctrl/pinconf-generic.o
  CC      sound/core/info.o
  CC      drivers/gpio/gpiolib-of.o
  CC      drivers/gpio/gpiolib-cdev.o
  CC      drivers/pinctrl/pinctrl-rockchip.o
  CC      drivers/phy/rockchip/phy-rockchip-inno-dsidphy.o
  CC      drivers/phy/rockchip/phy-rockchip-inno-hdmi-phy.o
  CC      sound/core/ctljack.o
  AR      kernel/trace/built-in.a
  CC      sound/core/jack.o
  CC      kernel/cpu.o
  CC      kernel/exit.o
  CC      fs/nfs/mount_clnt.o
  AR      sound/drivers/opl3/built-in.a
  AR      sound/drivers/opl4/built-in.a
  AR      sound/drivers/mpu401/built-in.a
  CC      sound/core/hwdep.o
  AR      sound/drivers/vx/built-in.a
  AR      sound/drivers/pcsp/built-in.a
  AR      sound/drivers/built-in.a
  CC      sound/core/timer.o
  CC      drivers/pinctrl/pinctrl-rk805.o
  CC      drivers/gpio/gpiolib-sysfs.o
  CC      drivers/phy/rockchip/phy-rockchip-inno-usb2.o
  CC      sound/core/hrtimer.o
  CC      fs/nfs/nfstrace.o
  CC      drivers/gpio/gpio-mmio.o
  CC      drivers/pinctrl/pinctrl-rk806.o
  CC      drivers/gpio/gpio-rockchip.o
  CC      drivers/phy/rockchip/phy-rockchip-inno-usb3.o
  CC      kernel/softirq.o
  CC      sound/core/pcm.o
  AR      drivers/pinctrl/built-in.a
  CC      sound/core/pcm_native.o
  CC      sound/core/pcm_lib.o
  AR      drivers/gpio/built-in.a
  CC      drivers/pwm/core.o
  CC      sound/core/pcm_misc.o
  CC      sound/core/pcm_memory.o
  CC      drivers/phy/rockchip/phy-rockchip-mipi-rx.o
  CC      kernel/resource.o
  CC      kernel/sysctl.o
  CC      drivers/pwm/sysfs.o
  CC      drivers/pwm/pwm-rockchip.o
  CC      drivers/phy/rockchip/phy-rockchip-naneng-combphy.o
  CC      fs/nfs/export.o
  CC      fs/nfs/sysfs.o
  CC      drivers/pci/pcie/portdrv_core.o
  AR      drivers/pwm/built-in.a
  CC      drivers/video/console/dummycon.o
  CC      drivers/video/backlight/backlight.o
  AR      drivers/video/console/built-in.a
  CC      kernel/capability.o
  CC      drivers/pci/pcie/portdrv_pci.o
  AR      drivers/idle/built-in.a
  CC      drivers/pci/controller/dwc/pcie-designware.o
  CC      drivers/video/backlight/pwm_bl.o
  CC      sound/core/memalloc.o
  AR      sound/isa/ad1816a/built-in.a
  CC      fs/nfs/fs_context.o
  AR      sound/isa/ad1848/built-in.a
  AR      sound/isa/cs423x/built-in.a
  AR      sound/isa/es1688/built-in.a
  AR      sound/isa/galaxy/built-in.a
  AR      sound/isa/gus/built-in.a
  AR      sound/isa/msnd/built-in.a
  AR      sound/isa/opti9xx/built-in.a
  AR      sound/isa/sb/built-in.a
  AR      sound/isa/wavefront/built-in.a
  AR      sound/isa/wss/built-in.a
  AR      sound/isa/built-in.a
  CC      drivers/phy/rockchip/phy-rockchip-naneng-edp.o
  AR      drivers/pci/switch/built-in.a
  CC      drivers/pci/pcie/err.o
  CC      drivers/pci/pcie/aspm.o
  CC      kernel/ptrace.o
  CC      sound/core/pcm_timer.o
  CC      drivers/pci/controller/dwc/pcie-designware-host.o
  AR      drivers/video/backlight/built-in.a
  CC      drivers/video/rockchip/rga3/rga_drv.o
  CC      drivers/video/rockchip/rga3/rga_common.o
  CC      sound/core/pcm_drm_eld.o
  CC      drivers/phy/rockchip/phy-rockchip-pcie.o
  CC      drivers/pci/pcie/aspm_ext.o
  CC      fs/nfs/sysctl.o
  CC      drivers/pci/controller/dwc/pcie-dw-rockchip.o
  CC      sound/core/pcm_iec958.o
  CC      kernel/user.o
  CC      drivers/video/fbdev/core/fb_cmdline.o
  CC      drivers/phy/rockchip/phy-rockchip-samsung-dcphy.o
  CC      drivers/pci/pcie/pme.o
  CC      kernel/signal.o
  CC      sound/core/pcm_dmaengine.o
  CC      drivers/video/rockchip/rga3/rga3_reg_info.o
  CC      drivers/video/fbdev/core/fb_notify.o
  CC      fs/nfs/nfs2super.o
  AR      drivers/pci/pcie/built-in.a
  AR      drivers/char/ipmi/built-in.a
  AR      sound/pci/ac97/built-in.a
  AR      sound/pci/ali5451/built-in.a
  AR      sound/pci/asihpi/built-in.a
  AR      sound/pci/au88x0/built-in.a
  AR      sound/pci/aw2/built-in.a
  AR      sound/pci/ctxfi/built-in.a
  AR      sound/pci/ca0106/built-in.a
  AR      sound/pci/cs46xx/built-in.a
  AR      sound/pci/cs5535audio/built-in.a
  CC      drivers/video/fbdev/core/fbmem.o
  AR      sound/pci/lola/built-in.a
  AR      sound/pci/lx6464es/built-in.a
  CC      sound/core/seq_device.o
  AR      sound/pci/echoaudio/built-in.a
  AR      sound/pci/emu10k1/built-in.a
  AR      sound/pci/hda/built-in.a
  AR      sound/pci/ice1712/built-in.a
  AR      sound/pci/korg1212/built-in.a
  AR      sound/pci/mixart/built-in.a
  AR      sound/pci/nm256/built-in.a
  CC      drivers/pci/controller/dwc/pcie-al.o
  AR      sound/pci/oxygen/built-in.a
  AR      sound/pci/pcxhr/built-in.a
  AR      sound/pci/riptide/built-in.a
  AR      sound/pci/rme9652/built-in.a
  AR      sound/pci/trident/built-in.a
  AR      sound/pci/ymfpci/built-in.a
  AR      sound/pci/vx222/built-in.a
  AR      sound/pci/built-in.a
  CC      drivers/video/fbdev/core/fbmon.o
  CC      drivers/phy/rockchip/phy-rockchip-samsung-hdptx.o
  CC      fs/nfs/proc.o
  CC      drivers/video/rockchip/rga3/rga_iommu.o
  CC      sound/core/rawmidi.o
  CC      drivers/pci/controller/dwc/pcie-dw-rockchip-acpi.o
  AR      drivers/video/fbdev/omap2/omapfb/dss/built-in.a
  AR      drivers/video/fbdev/omap2/omapfb/displays/built-in.a
  AR      drivers/video/fbdev/omap2/omapfb/built-in.a
  AR      drivers/video/fbdev/omap2/built-in.a
  CC      drivers/amba/bus.o
  CC      drivers/pci/controller/dwc/pcie-hisi.o
  CC      drivers/video/fbdev/core/fbcmap.o
  CC      drivers/phy/rockchip/phy-rockchip-samsung-hdptx-hdmi.o
  CC      drivers/video/rockchip/rga3/rga_dma_buf.o
  CC      fs/nfs/nfs2xdr.o
  AR      drivers/pci/controller/dwc/built-in.a
  AR      drivers/pci/controller/mobiveil/built-in.a
  CC      drivers/pci/controller/pcie-rockchip-host.o
  AR      drivers/amba/built-in.a
  CC      fs/nfs/nfs3super.o
  CC      drivers/video/fbdev/core/fbsysfs.o
  AR      sound/core/built-in.a
  AR      sound/ppc/built-in.a
  AR      sound/arm/built-in.a
  AR      sound/sh/built-in.a
  CC      kernel/sys.o
  AR      sound/synth/emux/built-in.a
  AR      sound/synth/built-in.a
  AR      sound/usb/misc/built-in.a
  AR      sound/usb/usx2y/built-in.a
  AR      sound/usb/caiaq/built-in.a
  AR      sound/usb/6fire/built-in.a
  AR      sound/usb/hiface/built-in.a
  AR      sound/usb/bcd2000/built-in.a
  CC      sound/usb/card.o
  CC      drivers/video/rockchip/rga3/rga_job.o
  CC      drivers/phy/rockchip/phy-rockchip-snps-pcie3.o
  CC      drivers/video/fbdev/core/modedb.o
  CC      drivers/video/fbdev/core/fbcvt.o
  CC      drivers/pci/controller/pcie-rockchip.o
  CC      fs/nfs/nfs3client.o
  CC      sound/usb/clock.o
  CC      drivers/phy/rockchip/phy-rockchip-typec.o
  CC      drivers/phy/rockchip/phy-rockchip-usb.o
  CC      drivers/video/fbdev/core/fb_defio.o
  CC      drivers/video/rockchip/rga3/rga_hw_config.o
  CC      drivers/pci/controller/pci-thunder-ecam.o
  CC      kernel/umh.o
  CC      fs/nfs/nfs3proc.o
  CC      sound/usb/endpoint.o
  CC      drivers/pci/controller/pci-thunder-pem.o
  CC      drivers/video/fbdev/core/cfbfillrect.o
  CC      drivers/video/rockchip/rga3/rga2_reg_info.o
  CC      drivers/video/rockchip/rga3/rga_policy.o
  CC      drivers/phy/rockchip/phy-rockchip-usbdp.o
  CC      drivers/pci/controller/pci-xgene.o
  CC      kernel/workqueue.o
  CC      sound/usb/format.o
  CC      drivers/video/fbdev/core/cfbcopyarea.o
  AR      drivers/pci/controller/built-in.a
  CC      drivers/pci/access.o
  CC      fs/nfs/nfs3xdr.o
  CC      drivers/pci/bus.o
  AR      drivers/phy/rockchip/built-in.a
  AR      drivers/phy/tegra/built-in.a
  AR      drivers/phy/ti/built-in.a
  AR      drivers/phy/xilinx/built-in.a
  CC      drivers/phy/phy-core.o
  CC      drivers/video/rockchip/rga3/rga_mm.o
  CC      sound/usb/helper.o
  CC      drivers/video/fbdev/core/cfbimgblt.o
  CC      drivers/video/fbdev/core/sysfillrect.o
  CC      drivers/pci/probe.o
  CC      sound/usb/mixer.o
  CC      drivers/pci/host-bridge.o
  CC      drivers/phy/phy-core-mipi-dphy.o
  CC      drivers/video/fbdev/core/syscopyarea.o
  CC      drivers/video/fbdev/core/sysimgblt.o
  CC      fs/nfs/nfs3acl.o
  AR      drivers/phy/built-in.a
  CC      drivers/video/rockchip/rga3/rga_fence.o
  AR      drivers/clk/actions/built-in.a
  AR      drivers/clk/analogbits/built-in.a
  AR      drivers/clk/bcm/built-in.a
  AR      drivers/clk/imgtec/built-in.a
  AR      drivers/clk/imx/built-in.a
  AR      drivers/clk/ingenic/built-in.a
  AR      drivers/clk/mediatek/built-in.a
  SHIPPED fs/unicode/utf8data.h
  AR      drivers/clk/mvebu/built-in.a
  CC      fs/unicode/utf8-core.o
  AR      drivers/clk/renesas/built-in.a
  CC      drivers/clk/rockchip/clk.o
  CC      kernel/pid.o
  CC      drivers/video/fbdev/core/fb_sys_fops.o
  CC      drivers/pci/remove.o
  CC      fs/unicode/utf8-norm.o
  CC      sound/usb/mixer_quirks.o
  CC      drivers/video/rockchip/rga3/rga_debugger.o
  CC      fs/nfs/nfs4proc.o
  CC      drivers/pci/pci.o
  AR      drivers/video/fbdev/core/built-in.a
  AR      drivers/video/fbdev/built-in.a
  CC      drivers/pci/pci-driver.o
  CC      drivers/clk/rockchip/clk-pll.o
  AR      fs/unicode/built-in.a
  AR      drivers/clk/sprd/built-in.a
  CC      kernel/task_work.o
  CC      fs/ntfs/aops.o
  AR      drivers/video/rockchip/rga3/built-in.a
  CC      drivers/video/rockchip/iep/hw_iep_reg.o
  CC      drivers/video/rockchip/mpp/mpp_service.o
  CC      kernel/extable.o
  CC      drivers/clk/rockchip/clk-cpu.o
  CC      sound/usb/mixer_scarlett.o
  CC      fs/ntfs/attrib.o
  CC      drivers/video/rockchip/iep/iep_drv.o
  CC      drivers/clk/rockchip/clk-half-divider.o
  CC      drivers/video/rockchip/mpp/mpp_common.o
  CC      sound/usb/mixer_scarlett_gen2.o
  CC      kernel/params.o
  CC      drivers/clk/rockchip/clk-mmc-phase.o
  CC      fs/ntfs/collate.o
  CC      drivers/pci/search.o
  CC      drivers/clk/rockchip/clk-muxgrf.o
  CC      sound/usb/mixer_us16x08.o
  CC      kernel/kthread.o
  CC      drivers/video/rockchip/iep/iep_iommu_ops.o
  CC      fs/ntfs/compress.o
  CC      drivers/clk/rockchip/clk-ddr.o
  CC      drivers/pci/pci-sysfs.o
  CC      drivers/video/rockchip/iep/iep_iommu_drm.o
  CC      sound/usb/mixer_s1810c.o
  CC      drivers/clk/rockchip/clk-inverter.o
  CC      drivers/video/rockchip/mpp/mpp_iommu.o
  CC      kernel/sys_ni.o
  CC      drivers/clk/rockchip/clk-pvtm.o
  CC      fs/ntfs/debug.o
  AR      drivers/video/rockchip/iep/built-in.a
  CC      fs/ntfs/dir.o
  CC      sound/usb/pcm.o
  CC      kernel/nsproxy.o
  CC      drivers/pci/rom.o
  CC      drivers/video/rockchip/mpp/mpp_rkvdec.o
  CC      fs/nfs/nfs4xdr.o
  CC      fs/nfs/nfs4state.o
  CC      drivers/clk/rockchip/softrst.o
  CC      drivers/clk/rockchip/clk-link.o
  CC      drivers/pci/setup-res.o
  CC      fs/ntfs/file.o
  CC      kernel/notifier.o
  CC      sound/usb/power.o
  CC      drivers/clk/rockchip/clk-out.o
  CC      drivers/pci/irq.o
  CC      drivers/video/rockchip/mpp/mpp_rkvdec2.o
  CC      fs/ntfs/index.o
  CC      kernel/ksysfs.o
  CC      sound/usb/proc.o
  CC      drivers/clk/rockchip/clk-px30.o
  CC      drivers/pci/vpd.o
  CC      kernel/cred.o
  CC      fs/ntfs/inode.o
  CC      drivers/clk/rockchip/clk-rk1808.o
  CC      sound/usb/quirks.o
  CC      fs/jffs2/compr.o
  CC      drivers/pci/setup-bus.o
  CC      drivers/video/rockchip/mpp/mpp_rkvdec2_link.o
  CC      drivers/clk/rockchip/clk-rk3328.o
  CC      kernel/reboot.o
  CC      fs/jffs2/dir.o
  CC      fs/nfs/nfs4renewd.o
  CC      sound/usb/stream.o
  CC      drivers/clk/rockchip/clk-rk3399.o
  CC      fs/ntfs/mft.o
  CC      kernel/async.o
  CC      fs/jffs2/file.o
  CC      drivers/clk/rockchip/clk-rk3528.o
  CC      fs/nfs/nfs4super.o
  CC      fs/ntfs/mst.o
  CC      kernel/range.o
  CC      drivers/pci/vc.o
  CC      sound/usb/validate.o
  CC      kernel/smpboot.o
  CC      drivers/clk/rockchip/clk-rk3562.o
  CC      fs/jffs2/ioctl.o
  CC      fs/ntfs/namei.o
  CC      drivers/video/rockchip/mpp/mpp_rkvenc.o
  CC      sound/usb/media.o
  CC      drivers/pci/mmap.o
  CC      fs/jffs2/nodelist.o
  CC      drivers/clk/rockchip/clk-rk3568.o
  CC      kernel/ucount.o
  CC      fs/nfs/nfs4file.o
  CC      fs/ntfs/runlist.o
  CC      kernel/regset.o
  CC      drivers/pci/setup-irq.o
  CC      sound/usb/midi.o
  CC      drivers/clk/rockchip/clk-rk3588.o
  CC      fs/jffs2/malloc.o
  CC      kernel/kmod.o
  CC      drivers/video/rockchip/mpp/mpp_rkvenc2.o
  CC      drivers/pci/proc.o
  AR      drivers/clk/rockchip/built-in.a
  AR      drivers/clk/ti/built-in.a
  CC      fs/ntfs/super.o
  AR      drivers/clk/versatile/built-in.a
  CC      drivers/clk/clk-devres.o
  CC      fs/nfs/delegation.o
  CC      fs/jffs2/read.o
  CC      drivers/clk/clk-bulk.o
  CC      kernel/groups.o
  CC      drivers/pci/slot.o
  CC      fs/jffs2/nodemgmt.o
  AR      sound/usb/built-in.a
  AR      sound/firewire/built-in.a
  AR      sound/sparc/built-in.a
  AR      sound/spi/built-in.a
  CC      drivers/clk/clkdev.o
  AR      sound/parisc/built-in.a
  AR      sound/pcmcia/vx/built-in.a
  AR      sound/pcmcia/pdaudiocf/built-in.a
  AR      sound/pcmcia/built-in.a
  AR      sound/mips/built-in.a
  CC      sound/soc/codecs/dummy-codec.o
  CC      kernel/kcmp.o
  CC      fs/ntfs/sysctl.o
  CC      fs/ntfs/unistr.o
  CC      drivers/video/rockchip/mpp/mpp_vdpu1.o
  CC      drivers/pci/of.o
  CC      fs/jffs2/readinode.o
  CC      drivers/clk/clk.o
  CC      sound/soc/codecs/es7202.o
  CC      fs/nfs/nfs4idmap.o
  CC      kernel/freezer.o
  CC      fs/ntfs/upcase.o
  CC      drivers/pci/quirks.o
  CC      drivers/video/rockchip/mpp/mpp_vepu1.o
  CC      fs/jffs2/write.o
  CC      sound/soc/codecs/es7243e.o
  AR      fs/ntfs/built-in.a
  CC      drivers/video/hdmi.o
  CC      kernel/profile.o
  CC      drivers/video/rockchip/mpp/mpp_vdpu2.o
  CC      fs/jffs2/scan.o
  CC      drivers/video/rockchip/mpp/mpp_vepu2.o
  CC      fs/nfs/callback.o
  CC      kernel/stacktrace.o
  CC      sound/soc/codecs/es8311.o
  CC      sound/soc/codecs/es8316.o
  CC      kernel/futex.o
  CC      fs/jffs2/gc.o
  CC      drivers/video/rockchip/mpp/mpp_iep2.o
  CC      drivers/video/rockchip/mpp/mpp_jpgdec.o
  CC      fs/nfs/callback_xdr.o
  CC      drivers/clk/clk-divider.o
  CC      sound/soc/codecs/es8323.o
  CC      fs/jffs2/symlink.o
  CC      fs/jffs2/build.o
  CC      drivers/pci/msi.o
  CC      drivers/clk/clk-fixed-factor.o
  CC      drivers/video/rockchip/mpp/mpp_av1dec.o
  CC      sound/soc/codecs/es8326.o
  CC      sound/soc/codecs/max98090.o
  CC      fs/nfs/callback_proc.o
  CC      fs/jffs2/erase.o
  CC      drivers/clk/clk-fixed-rate.o
  CC      kernel/smp.o
  CC      drivers/pci/pci-label.o
  CC      drivers/video/rockchip/mpp/mpp_iommu_av1d.o
  CC      sound/soc/generic/simple-card-utils.o
  CC      drivers/clk/clk-gate.o
  CC      fs/jffs2/background.o
  CC      sound/soc/codecs/hdmi-codec.o
  CC      fs/nfs/nfs4namespace.o
  CC      kernel/uid16.o
  CC      drivers/pci/syscall.o
  CC      drivers/clk/clk-multiplier.o
  CC      fs/jffs2/fs.o
  CC      sound/soc/generic/simple-card.o
  CC      drivers/video/rockchip/mpp/hack/mpp_hack_px30.o
  CC      drivers/clk/clk-mux.o
  CC      sound/soc/codecs/rk3308_codec.o
  AR      drivers/pci/built-in.a
  CC      drivers/clk/clk-composite.o
  CC      kernel/module.o
  CC      fs/jffs2/writev.o
  CC      fs/nfs/nfs4getroot.o
  AR      drivers/video/rockchip/mpp/built-in.a
  AR      drivers/video/rockchip/built-in.a
  CC      drivers/video/display_timing.o
  CC      drivers/video/videomode.o
  AR      sound/soc/generic/built-in.a
  CC      drivers/video/of_display_timing.o
  CC      drivers/clk/clk-fractional-divider.o
  CC      drivers/clk/clk-gpio.o
  CC      drivers/clk/clk-conf.o
  CC      fs/jffs2/super.o
  CC      drivers/video/of_videomode.o
  CC      fs/jffs2/debug.o
  AR      sound/soc/adi/built-in.a
  CC      kernel/kallsyms.o
  CC      drivers/clk/clk-pwm.o
  AR      drivers/video/built-in.a
  CC      fs/nfs/nfs4client.o
  CC      fs/nfs/nfs4session.o
  CC      kernel/compat.o
  CC      drivers/clk/clk-rk808.o
  CC      fs/jffs2/wbuf.o
  CC      sound/soc/codecs/rk3328_codec.o
  CC      kernel/utsname.o
  CC      fs/nfs/dns_resolve.o
  AR      drivers/dma/mediatek/built-in.a
  AR      drivers/dma/qcom/built-in.a
  AR      drivers/dma/ti/built-in.a
  AR      sound/atmel/built-in.a
  CC      kernel/user_namespace.o
  AR      drivers/dma/xilinx/built-in.a
  CC      drivers/dma/dmaengine.o
  CC      drivers/clk/clk-scmi.o
  CC      fs/nfs/nfs4trace.o
  CC      sound/soc/codecs/rk3528_codec.o
  CC      fs/jffs2/compr_rtime.o
  CC      fs/jffs2/compr_zlib.o
  AR      drivers/clk/built-in.a
  CC      kernel/pid_namespace.o
  UPD     kernel/config_data
  AR      drivers/soc/bcm/built-in.a
  AR      drivers/soc/fsl/built-in.a
  AR      drivers/soc/imx/built-in.a
  AR      drivers/soc/mediatek/built-in.a
  AR      drivers/soc/amlogic/built-in.a
  AR      drivers/soc/qcom/built-in.a
  AR      drivers/soc/renesas/built-in.a
  AR      sound/soc/amd/built-in.a
  CC      drivers/virtio/virtio.o
  CC      drivers/soc/rockchip/fiq_debugger/fiq_debugger.o
  CC      sound/soc/codecs/rk_codec_digital.o
  CC      sound/soc/codecs/rk_dsm.o
  AR      fs/jffs2/built-in.a
  AR      sound/hda/built-in.a
  CC      drivers/virtio/virtio_ring.o
  CC      drivers/dma/of-dma.o
  CC      kernel/stop_machine.o
  CC      kernel/seccomp.o
  CC      drivers/regulator/core.o
  CC      sound/soc/codecs/rl6231.o
  CC      drivers/dma/pl330.o
  CC      sound/soc/codecs/rt5616.o
  CC      drivers/soc/rockchip/fiq_debugger/rk_fiq_debugger.o
  AR      sound/soc/atmel/built-in.a
  AR      sound/soc/au1x/built-in.a
  AR      drivers/reset/hisilicon/built-in.a
  CC      drivers/reset/core.o
  AR      drivers/virtio/built-in.a
  AR      drivers/soc/sunxi/built-in.a
  AR      drivers/soc/ti/built-in.a
  CC      drivers/soc/rockchip/rockchip_amp.o
  CC      sound/soc/codecs/rt5640.o
  AR      drivers/soc/rockchip/fiq_debugger/built-in.a
  CC      sound/soc/codecs/rt5645.o
  CC      fs/nfs/nfs4sysctl.o
  CC      drivers/reset/reset-scmi.o
  CC      kernel/relay.o
  CC      drivers/soc/rockchip/rockchip-cpuinfo.o
  AR      drivers/dma/built-in.a
  CC      drivers/soc/rockchip/grf.o
  AR      drivers/reset/built-in.a
  CC      drivers/soc/rockchip/io-domain.o
  AR      fs/nfs/built-in.a
  CC      fs/ubifs/shrinker.o
  CC      drivers/tty/vt/vt_ioctl.o
  CC      net/core/sock.o
  CC      net/core/request_sock.o
  CC      kernel/utsname_sysctl.o
  CC      sound/soc/codecs/rt5651.o
  CC      drivers/soc/rockchip/pm_domains.o
  CC      kernel/tracepoint.o
  CC      fs/ubifs/journal.o
  CC      drivers/soc/rockchip/rk_vendor_storage.o
  CC      drivers/tty/vt/vc_screen.o
  CC      kernel/irq_work.o
  CC      drivers/regulator/dummy.o
  CC      sound/soc/codecs/spdif_receiver.o
  CC      drivers/tty/serial/8250/8250_core.o
  CC      drivers/soc/rockchip/sdmmc_vendor_storage.o
  CC      kernel/cpu_pm.o
  CC      sound/soc/codecs/spdif_transmitter.o
  CC      drivers/tty/vt/selection.o
  CC      fs/ubifs/file.o
  CC      drivers/regulator/fixed-helper.o
  CC      kernel/iomem.o
  CC      drivers/soc/rockchip/mtd_vendor_storage.o
  CC      drivers/tty/serial/8250/8250_port.o
  CC      sound/soc/codecs/ts3a227e.o
  CC      drivers/tty/vt/keyboard.o
  CC      drivers/regulator/helpers.o
  CC      kernel/rseq.o
  CC      net/core/skbuff.o
  CC      drivers/soc/rockchip/rockchip_ipa.o
  AR      sound/soc/codecs/built-in.a
  AR      sound/soc/bcm/built-in.a
  AR      sound/soc/cirrus/built-in.a
  AR      sound/soc/dwc/built-in.a
  AR      sound/soc/fsl/built-in.a
  AR      sound/soc/hisilicon/built-in.a
  AR      sound/soc/jz4740/built-in.a
  AR      sound/soc/img/built-in.a
  AR      sound/soc/intel/common/built-in.a
  CC      fs/ubifs/dir.o
  AR      sound/soc/intel/boards/built-in.a
  AR      sound/soc/intel/built-in.a
  AR      sound/soc/mediatek/built-in.a
  AR      sound/soc/meson/built-in.a
  AR      sound/soc/mxs/built-in.a
  AR      sound/soc/kirkwood/built-in.a
  AR      sound/soc/pxa/built-in.a
  AR      sound/soc/qcom/built-in.a
  CC      sound/soc/rockchip/rockchip_i2s.o
  CC      drivers/regulator/devres.o
  GZIP    kernel/config_data.gz
  CC      kernel/configs.o
  CC      drivers/soc/rockchip/rockchip_opp_select.o
  AR      kernel/built-in.a
  CC      drivers/tty/vt/consolemap.o
  HOSTCC  drivers/tty/vt/conmakehash
  CC      drivers/tty/serial/8250/8250_dma.o
  CC      drivers/regulator/of_regulator.o
  CC      sound/soc/rockchip/rockchip_i2s_tdm.o
  CC      fs/ubifs/super.o
  CC      fs/ubifs/sb.o
  CC      drivers/tty/serial/8250/8250_dwlib.o
  CC      drivers/tty/vt/vt.o
  CC      drivers/regulator/fixed.o
  CC      drivers/soc/rockchip/rockchip_performance.o
  CC      drivers/tty/serial/8250/8250_early.o
  CC      fs/ubifs/io.o
  CC      sound/soc/rockchip/rockchip_multi_dais.o
  CC      drivers/regulator/act8865-regulator.o
  CC      drivers/tty/serial/8250/8250_fsl.o
  CC      drivers/soc/rockchip/rockchip_pvtm.o
  AR      sound/soc/samsung/built-in.a
  CC      drivers/soc/rockchip/rockchip_pm_config.o
  CC      sound/soc/rockchip/rockchip_multi_dais_pcm.o
  CC      drivers/regulator/fan53555.o
  CC      drivers/tty/serial/8250/8250_dw.o
  CC      fs/ubifs/tnc.o
  CC      fs/ubifs/master.o
  CC      net/core/datagram.o
  CC      drivers/soc/rockchip/rockchip_system_monitor.o
  SHIPPED drivers/tty/vt/defkeymap.c
  CONMK   drivers/tty/vt/consolemap_deftbl.c
  CC      drivers/tty/vt/defkeymap.o
  CC      sound/soc/rockchip/rockchip_pdm.o
  CC      drivers/regulator/gpio-regulator.o
  CC      drivers/tty/vt/consolemap_deftbl.o
  CC      drivers/tty/serial/8250/8250_of.o
  AR      drivers/tty/vt/built-in.a
  CC      drivers/soc/rockchip/rockchip_debug.o
  CC      drivers/soc/rockchip/rk_dmabuf_procfs.o
  CC      drivers/regulator/lp8752.o
  CC      sound/soc/rockchip/rockchip_sai.o
  CC      drivers/char/hw_random/core.o
  AR      drivers/char/agp/built-in.a
  CC      net/core/stream.o
  AR      drivers/tty/serial/8250/built-in.a
  CC      drivers/char/tpm/tpm-chip.o
  CC      drivers/tty/serial/serial_core.o
  AR      drivers/soc/rockchip/built-in.a
  AR      drivers/soc/xilinx/built-in.a
  AR      drivers/soc/built-in.a
  CC      drivers/tty/serial/earlycon.o
  CC      fs/ubifs/scan.o
  CC      drivers/regulator/mp8865-regulator.o
  CC      drivers/char/hw_random/optee-rng.o
  CC      drivers/char/tpm/tpm-dev-common.o
  CC      drivers/char/hw_random/rockchip-rng.o
  CC      sound/soc/rockchip/rockchip_spdif.o
  CC      net/core/scm.o
  CC      fs/ubifs/replay.o
  CC      fs/ubifs/log.o
  CC      drivers/regulator/pwm-regulator.o
  CC      drivers/char/tpm/tpm-dev.o
  AR      drivers/char/hw_random/built-in.a
  CC      drivers/char/tpm/tpm-interface.o
  CC      sound/soc/rockchip/rockchip_spdifrx.o
  CC      drivers/tty/serial/serial_mctrl_gpio.o
  CC      drivers/regulator/rk806-regulator.o
  CC      net/core/gen_stats.o
  CC      net/core/gen_estimator.o
  CC      sound/soc/rockchip/rockchip_hdmi.o
  CC      fs/ubifs/commit.o
  CC      drivers/char/tpm/tpm1-cmd.o
  CC      sound/soc/rockchip/rockchip_max98090.o
  AR      drivers/tty/serial/built-in.a
  AR      drivers/tty/ipwireless/built-in.a
  CC      drivers/tty/tty_io.o
  CC      drivers/tty/n_tty.o
  CC      drivers/regulator/rk808-regulator.o
  CC      sound/soc/rockchip/rockchip_multicodecs.o
  CC      fs/ubifs/gc.o
  CC      drivers/char/mem.o
  CC      net/core/net_namespace.o
  CC      drivers/char/tpm/tpm2-cmd.o
  CC      drivers/regulator/rk860x-regulator.o
  CC      sound/soc/rockchip/rockchip_rt5645.o
  CC      drivers/char/tpm/tpmrm-dev.o
  CC      fs/ubifs/orphan.o
  CC      drivers/tty/tty_ioctl.o
  CC      drivers/char/random.o
  CC      drivers/char/tpm/tpm2-space.o
  AR      sound/soc/rockchip/built-in.a
  AR      sound/soc/sh/built-in.a
  AR      sound/soc/sirf/built-in.a
  AR      sound/soc/sof/built-in.a
  AR      sound/soc/spear/built-in.a
  AR      sound/soc/sprd/built-in.a
  AR      sound/x86/built-in.a
  AR      sound/soc/sti/built-in.a
  AR      sound/soc/stm/built-in.a
  CC      drivers/char/tpm/tpm-sysfs.o
  AR      sound/soc/sunxi/built-in.a
  CC      net/core/secure_seq.o
  AR      sound/soc/tegra/built-in.a
  AR      sound/soc/ti/built-in.a
  AR      sound/soc/txx9/built-in.a
  AR      sound/soc/uniphier/built-in.a
  AR      sound/soc/ux500/built-in.a
  AR      sound/soc/xilinx/built-in.a
  CC      drivers/regulator/tps6586x-regulator.o
  AR      sound/soc/xtensa/built-in.a
  AR      sound/soc/zte/built-in.a
  CC      sound/soc/soc-core.o
  CC      drivers/tty/tty_ldisc.o
  CC      fs/ubifs/budget.o
  CC      fs/ubifs/find.o
  CC      drivers/char/tpm/eventlog/common.o
  CC      drivers/regulator/tps65132-regulator.o
  CC      drivers/char/misc.o
  CC      net/core/flow_dissector.o
  CC      drivers/tty/tty_buffer.o
  CC      drivers/tty/tty_port.o
  CC      drivers/char/tpm/eventlog/tpm1.o
  CC      drivers/char/tpm/eventlog/tpm2.o
  CC      fs/ubifs/tnc_commit.o
  CC      drivers/regulator/xz3216.o
  CC      drivers/char/tpm/eventlog/efi.o
  CC      drivers/tty/tty_mutex.o
  CC      drivers/tty/tty_ldsem.o
  CC      drivers/tty/tty_baudrate.o
  AR      drivers/regulator/built-in.a
  CC      drivers/tty/tty_jobctrl.o
  CC      sound/soc/soc-dapm.o
  CC      drivers/char/tpm/eventlog/of.o
  CC      drivers/char/tpm/tpm_i2c_infineon.o
  CC      drivers/tty/n_null.o
  CC      fs/ubifs/compress.o
  CC      net/core/sysctl_net_core.o
  CC      sound/soc/soc-jack.o
  AR      virt/lib/built-in.a
  CC      drivers/tty/pty.o
  AR      virt/built-in.a
  CC      sound/soc/soc-utils.o
  CC      sound/soc/soc-dai.o
  CC      fs/ubifs/lpt.o
  AR      drivers/char/tpm/built-in.a
  AR      drivers/char/built-in.a
  CC      fs/ubifs/lprops.o
  CC      net/ethernet/eth.o
  CC      net/core/dev.o
  CC      drivers/tty/sysrq.o
  CC      net/core/dev_addr_lists.o
  CC      net/core/dst.o
  CC      net/core/netevent.o
  AR      drivers/tty/built-in.a
  AR      drivers/iommu/amd/built-in.a
  CC      fs/ubifs/recovery.o
  AR      drivers/iommu/intel/built-in.a
  AR      net/ethernet/built-in.a
  CC      drivers/iommu/iommu.o
  AR      drivers/iommu/arm/arm-smmu/built-in.a
  CC      drivers/iommu/arm/arm-smmu-v3/arm-smmu-v3.o
  CC      sound/soc/soc-component.o
  CC      sound/soc/soc-pcm.o
  CC      sound/soc/soc-devres.o
  CC      sound/soc/soc-ops.o
  AR      sound/xen/built-in.a
  CC      sound/soc/soc-link.o
  CC      sound/soc/soc-card.o
  CC      fs/ubifs/ioctl.o
  CC      fs/ubifs/lpt_commit.o
  CC      drivers/iommu/iommu-traces.o
  AR      net/802/built-in.a
  CC      fs/ubifs/tnc_misc.o
  CC      fs/ubifs/debug.o
  CC      net/sched/sch_generic.o
  AR      drivers/iommu/arm/arm-smmu-v3/built-in.a
  AR      drivers/iommu/arm/built-in.a
  CC      net/sched/sch_mq.o
  CC      sound/soc/soc-generic-dmaengine-pcm.o
  CC      drivers/iommu/iommu-sysfs.o
  CC      drivers/iommu/dma-iommu.o
  CC      drivers/iommu/io-pgtable.o
  AR      sound/soc/built-in.a
  CC      sound/sound_core.o
  CC      sound/last.o
  CC      net/core/neighbour.o
  CC      fs/ubifs/misc.o
  CC      fs/ubifs/xattr.o
  AR      sound/built-in.a
  CC      net/netlink/af_netlink.o
  CC      net/netlink/genetlink.o
  CC      drivers/iommu/io-pgtable-arm.o
  CC      drivers/iommu/iova.o
  AR      net/sched/built-in.a
  CC      drivers/iommu/of_iommu.o
  AR      fs/ubifs/built-in.a
  CC      fs/fuse/dev.o
  CC      fs/xfs/xfs_trace.o
  CC      fs/xfs/libxfs/xfs_ag.o
  CC      drivers/iommu/rockchip-iommu.o
  CC      fs/debugfs/inode.o
  CC      fs/debugfs/file.o
  CC      fs/xfs/libxfs/xfs_alloc.o
  CC      net/core/rtnetlink.o
  CC      net/netlink/policy.o
  CC      fs/fuse/dir.o
  AR      drivers/iommu/built-in.a
  AR      drivers/gpu/drm/arm/built-in.a
  CC      fs/fuse/file.o
  CC      drivers/gpu/drm/rockchip/dw_hdcp2.o
  AR      fs/debugfs/built-in.a
  CC      fs/fuse/inode.o
  AR      net/netlink/built-in.a
  CC      fs/tracefs/inode.o
  CC      drivers/gpu/drm/rockchip/rockchip_drm_drv.o
  AR      fs/tracefs/built-in.a
  AR      net/bpf/built-in.a
  CC      net/ethtool/ioctl.o
  CC      net/ethtool/common.o
  CC      fs/fuse/control.o
  CC      drivers/gpu/drm/rockchip/rockchip_drm_fb.o
  CC      fs/pstore/inode.o
  AR      drivers/gpu/vga/built-in.a
  CC      net/netfilter/core.o
  CC      fs/fuse/xattr.o
  CC      fs/fuse/acl.o
  CC      fs/pstore/platform.o
  CC      drivers/gpu/drm/rockchip/rockchip_drm_gem.o
  CC      net/core/utils.o
  CC      net/core/link_watch.o
  CC      net/ethtool/netlink.o
  CC      fs/fuse/readdir.o
  CC      fs/pstore/ram.o
  CC      net/netfilter/nf_log.o
  CC      drivers/gpu/drm/rockchip/rockchip_drm_logo.o
  CC      net/netfilter/nf_queue.o
  CC      net/core/filter.o
  CC      fs/pstore/ram_core.o
  CC      fs/fuse/passthrough.o
  CC      net/ethtool/bitset.o
  CC      net/ethtool/strset.o
  AR      fs/pstore/built-in.a
  CC      net/ethtool/linkinfo.o
  CC      drivers/gpu/drm/rockchip/rockchip_drm_vop.o
  CC      net/netfilter/nf_sockopt.o
  AR      fs/fuse/built-in.a
  CC      net/netfilter/utils.o
  CC      net/netfilter/x_tables.o
  CC      net/netfilter/xt_tcpudp.o
  CC      net/ethtool/linkmodes.o
  CC      net/ethtool/linkstate.o
  CC      net/ipv4/netfilter/ip_tables.o
  CC      net/ipv4/netfilter/iptable_mangle.o
  AR      drivers/gpu/drm/rcar-du/built-in.a
  CC      net/ethtool/debug.o
  CC      drivers/gpu/arm/midgard/mali_kbase_device.o
  AR      net/netfilter/built-in.a
  AR      drivers/gpu/drm/omapdrm/dss/built-in.a
  AR      drivers/gpu/drm/omapdrm/displays/built-in.a
  AR      drivers/gpu/drm/omapdrm/built-in.a
  CC      net/core/sock_diag.o
  CC      net/ethtool/wol.o
  CC      net/core/dev_ioctl.o
  CC      drivers/gpu/arm/midgard/mali_kbase_cache_policy.o
  CC      fs/xfs/libxfs/xfs_alloc_btree.o
  AR      net/ipv4/netfilter/built-in.a
  CC      net/ipv4/route.o
  CC      drivers/gpu/arm/midgard/mali_kbase_mem.o
  CC      drivers/gpu/arm/midgard/mali_kbase_mmu.o
  CC      net/ethtool/features.o
  CC      net/core/tso.o
  CC      net/core/sock_reuseport.o
  CC      net/ethtool/privflags.o
  CC      fs/xfs/libxfs/xfs_attr.o
  AS      arch/arm64/lib/clear_page.o
  AS      arch/arm64/lib/clear_user.o
  AS      arch/arm64/lib/copy_from_user.o
  CC      drivers/gpu/arm/midgard/mali_kbase_ctx_sched.o
  CC      drivers/gpu/arm/midgard/mali_kbase_jd.o
  AS      arch/arm64/lib/copy_in_user.o
  AS      arch/arm64/lib/copy_page.o
  AS      arch/arm64/lib/copy_to_user.o
  CC      arch/arm64/lib/csum.o
  CC      net/ipv4/inetpeer.o
  CC      net/core/fib_notifier.o
  CC      net/ethtool/rings.o
  CC      arch/arm64/lib/delay.o
  CC      net/ethtool/channels.o
  AS      arch/arm64/lib/memchr.o
  AS      arch/arm64/lib/memcmp.o
  CC      drivers/gpu/drm/rockchip/rockchip_vop_reg.o
  CC      net/core/xdp.o
  AS      arch/arm64/lib/memcpy.o
  CC      drivers/gpu/arm/midgard/mali_kbase_jd_debugfs.o
  AS      arch/arm64/lib/memmove.o
  AS      arch/arm64/lib/memset.o
  AS      arch/arm64/lib/strchr.o
  CC      net/ipv4/protocol.o
  AS      arch/arm64/lib/strcmp.o
  AS      arch/arm64/lib/strlen.o
  CC      net/ethtool/coalesce.o
  AS      arch/arm64/lib/strncmp.o
  CC      lib/math/div64.o
  AS      arch/arm64/lib/strnlen.o
  CC      fs/xfs/libxfs/xfs_attr_leaf.o
  CC      drivers/gpu/drm/rockchip/rockchip_drm_vop2.o
  AS      arch/arm64/lib/strrchr.o
  CC      lib/math/gcd.o
  AS      arch/arm64/lib/tishift.o
  AS      arch/arm64/lib/crc32.o
  CC      lib/math/lcm.o
  AR      arch/arm64/lib/lib.a
  CC      drivers/gpu/arm/midgard/mali_kbase_jm.o
  AR      arch/arm64/lib/built-in.a
  CC      lib/math/int_pow.o
  CC      net/xfrm/xfrm_policy.o
  CC      lib/math/int_sqrt.o
  CC      net/ipv4/ip_input.o
  CC      lib/math/reciprocal_div.o
  CC      net/core/flow_offload.o
  CC      lib/math/rational.o
  CC      net/ethtool/pause.o
  AR      lib/math/built-in.a
  CC      lib/crypto/chacha.o
  CC      drivers/gpu/arm/midgard/mali_kbase_gpuprops.o
  CC      lib/crypto/aes.o
  CC      lib/crypto/arc4.o
  CC      net/core/net-sysfs.o
  CC      net/ethtool/eee.o
  CC      net/ipv4/ip_fragment.o
  CC      drivers/gpu/arm/midgard/mali_kbase_js.o
  CC      lib/crypto/blake2s.o
  CC      lib/crypto/blake2s-generic.o
  CC      net/ethtool/tsinfo.o
  CC      net/ipv4/ip_forward.o
  CC      fs/xfs/libxfs/xfs_attr_remote.o
  CC      lib/crypto/des.o
  CC      net/core/page_pool.o
  CC      net/ethtool/cabletest.o
  CC      drivers/gpu/arm/midgard/mali_kbase_js_ctx_attr.o
  CC      net/xfrm/xfrm_state.o
  CC      net/ipv4/ip_options.o
  CC      net/core/net-procfs.o
  CC      lib/crypto/sha256.o
  CC      drivers/gpu/arm/midgard/mali_kbase_event.o
  CC      net/ethtool/tunnels.o
  CC      fs/xfs/libxfs/xfs_bit.o
  CC      net/core/net-traces.o
  AR      lib/crypto/built-in.a
  CC      lib/zlib_inflate/inffast.o
  CC      drivers/gpu/arm/midgard/mali_kbase_context.o
  CC      lib/zlib_inflate/inflate.o
  CC      net/ipv4/ip_output.o
  CC      fs/xfs/libxfs/xfs_bmap.o
  AR      net/ethtool/built-in.a
  CC      lib/zlib_inflate/infutil.o
  CC      drivers/gpu/arm/midgard/mali_kbase_pm.o
  CC      drivers/gpu/arm/mali400/mali/platform/rk/rk.o
  CC      lib/zlib_inflate/inftrees.o
  CC      lib/zlib_inflate/inflate_syms.o
  CC      drivers/gpu/arm/midgard/mali_kbase_config.o
  CC      net/xfrm/xfrm_hash.o
  AR      lib/zlib_inflate/built-in.a
  CC      lib/zlib_deflate/deflate.o
  CC      drivers/gpu/arm/mali400/mali/linux/mali_osk_atomics.o
  CC      net/xfrm/xfrm_input.o
  CC      drivers/gpu/arm/midgard/mali_kbase_vinstr.o
  CC      drivers/gpu/arm/mali400/mali/linux/mali_osk_irq.o
  CC      net/ipv4/ip_sockglue.o
  CC      lib/zlib_deflate/deftree.o
  CC      drivers/gpu/arm/mali400/mali/linux/mali_osk_wq.o
  CC      lib/zlib_deflate/deflate_syms.o
  CC      net/core/ptp_classifier.o
  AR      lib/zlib_deflate/built-in.a
  CC      lib/reed_solomon/reed_solomon.o
  CC      net/xfrm/xfrm_output.o
  CC      drivers/gpu/arm/midgard/mali_kbase_softjobs.o
  CC      drivers/gpu/arm/mali400/mali/linux/mali_osk_locks.o
  CC      net/core/gro_cells.o
  CC      drivers/gpu/arm/mali400/mali/linux/mali_osk_wait_queue.o
  CC      fs/xfs/libxfs/xfs_bmap_btree.o
  AR      lib/reed_solomon/built-in.a
  CC      net/ipv4/inet_hashtables.o
  CC      lib/lzo/lzo1x_compress.o
  AR      net/core/built-in.a
  CC      lib/lzo/lzo1x_decompress_safe.o
  CC      drivers/gpu/arm/mali400/mali/linux/mali_osk_low_level_mem.o
  CC      drivers/gpu/arm/mali400/mali/linux/mali_osk_math.o
  CC      drivers/gpu/arm/midgard/mali_kbase_10969_workaround.o
  CC      net/xfrm/xfrm_sysctl.o
  CC      drivers/gpu/drm/rockchip/rockchip_vop2_reg.o
  AR      lib/lzo/built-in.a
  CC      lib/lz4/lz4_decompress.o
  CC      lib/zstd/fse_compress.o
  CC      drivers/gpu/arm/mali400/mali/linux/mali_osk_memory.o
  CC      drivers/gpu/arm/midgard/mali_kbase_hw.o
  CC      drivers/gpu/drm/rockchip/rockchip_post_csc.o
  CC      net/ipv4/inet_timewait_sock.o
  CC      net/xfrm/xfrm_replay.o
  CC      lib/zstd/huf_compress.o
  CC      drivers/gpu/arm/mali400/mali/linux/mali_osk_misc.o
  CC      fs/xfs/libxfs/xfs_btree.o
  CC      drivers/gpu/drm/rockchip/rockchip_drm_fbdev.o
  CC      drivers/gpu/arm/midgard/mali_kbase_utility.o
  CC      lib/zstd/compress.o
  AR      lib/lz4/built-in.a
  CC      drivers/gpu/arm/midgard/mali_kbase_debug.o
  CC      drivers/gpu/arm/mali400/mali/linux/mali_osk_mali.o
  CC      net/ipv4/inet_connection_sock.o
  CC      net/xfrm/xfrm_device.o
  CC      drivers/gpu/arm/midgard/mali_kbase_trace_timeline.o
  CC      drivers/gpu/drm/rockchip/analogix_dp-rockchip.o
  CC      drivers/connector/cn_queue.o
  CC      drivers/gpu/arm/mali400/mali/linux/mali_osk_notification.o
  CC      drivers/gpu/arm/midgard/mali_kbase_gpu_memory_debugfs.o
  CC      net/xfrm/xfrm_algo.o
  CC      drivers/gpu/drm/rockchip/cdn-dp-core.o
  CC      drivers/gpu/arm/mali400/mali/linux/mali_osk_time.o
  CC      drivers/connector/connector.o
  CC      drivers/gpu/arm/midgard/mali_kbase_mem_linux.o
  CC      net/ipv4/tcp.o
  CC      drivers/gpu/arm/mali400/mali/linux/mali_osk_timers.o
  CC      net/xfrm/xfrm_user.o
  CC      drivers/gpu/drm/rockchip/cdn-dp-reg.o
  CC      drivers/gpu/arm/mali400/mali/linux/mali_osk_bitmap.o
  CC      drivers/connector/cn_proc.o
  CC      drivers/gpu/arm/midgard/mali_kbase_core_linux.o
  CC      fs/xfs/libxfs/xfs_btree_staging.o
  CC      drivers/gpu/arm/mali400/mali/linux/mali_memory.o
  AR      drivers/connector/built-in.a
  CC      drivers/base/power/sysfs.o
  CC      drivers/gpu/drm/rockchip/cdn-dp-link-training.o
  CC      drivers/gpu/arm/mali400/mali/linux/mali_memory_os_alloc.o
  CC      drivers/base/power/generic_ops.o
  AR      net/xfrm/built-in.a
  CC      net/unix/af_unix.o
  CC      drivers/gpu/drm/rockchip/rockchip_drm_tve.o
  CC      drivers/base/power/common.o
  CC      net/ipv4/tcp_input.o
  CC      drivers/gpu/arm/mali400/mali/linux/mali_memory_external.o
  CC      drivers/gpu/arm/midgard/mali_kbase_replay.o
  CC      drivers/base/power/qos.o
  CC      fs/xfs/libxfs/xfs_da_btree.o
  CC      drivers/gpu/drm/rockchip/dw_hdmi-rockchip.o
  CC      drivers/gpu/arm/mali400/mali/linux/mali_memory_block_alloc.o
  CC      drivers/base/power/runtime.o
  CC      drivers/gpu/arm/midgard/mali_kbase_mem_profile_debugfs.o
  CC      drivers/gpu/arm/mali400/mali/linux/mali_memory_swap_alloc.o
  CC      net/unix/garbage.o
  CC      drivers/gpu/arm/midgard/mali_kbase_mmu_mode_lpae.o
  CC      drivers/base/power/wakeirq.o
  CC      drivers/gpu/drm/rockchip/dw-mipi-dsi-rockchip.o
  CC      drivers/gpu/arm/mali400/mali/linux/mali_memory_manager.o
  CC      drivers/gpu/arm/midgard/mali_kbase_mmu_mode_aarch64.o
  CC      net/unix/sysctl_net_unix.o
  CC      drivers/base/power/main.o
  CC      fs/xfs/libxfs/xfs_defer.o
  CC      drivers/gpu/arm/midgard/mali_kbase_disjoint_events.o
  CC      drivers/gpu/arm/mali400/mali/linux/mali_memory_virtual.o
  CC      drivers/gpu/drm/rockchip/dw-mipi-dsi2-rockchip.o
  CC      net/unix/scm.o
  CC      drivers/gpu/arm/midgard/mali_kbase_gator_api.o
  CC      drivers/gpu/arm/mali400/mali/linux/mali_memory_util.o
  CC      lib/zstd/entropy_common.o
  CC      net/ipv4/tcp_output.o
  AR      net/unix/built-in.a
  CC      drivers/gpu/arm/mali400/mali/linux/mali_memory_cow.o
  CC      lib/zstd/fse_decompress.o
  CC      drivers/base/power/wakeup.o
  CC      drivers/gpu/drm/rockchip/dw-dp.o
  CC      drivers/gpu/arm/midgard/mali_kbase_debug_mem_view.o
  AR      drivers/base/firmware_loader/builtin/built-in.a
  CC      drivers/base/firmware_loader/main.o
  CC      lib/zstd/zstd_common.o
  CC      lib/zstd/huf_decompress.o
  CC      fs/xfs/libxfs/xfs_dir2.o
  CC      drivers/gpu/arm/mali400/mali/linux/mali_memory_defer_bind.o
  CC      drivers/gpu/arm/midgard/mali_kbase_debug_job_fault.o
  CC      drivers/base/power/wakeup_stats.o
  AR      drivers/base/firmware_loader/built-in.a
  CC      net/ipv4/tcp_timer.o
  CC      drivers/gpu/arm/mali400/mali/linux/mali_ukk_mem.o
  CC      drivers/base/power/domain.o
  CC      drivers/gpu/arm/midgard/mali_kbase_smc.o
  CC      lib/zstd/decompress.o
  CC      drivers/gpu/arm/mali400/mali/linux/mali_ukk_gp.o
  CC      drivers/gpu/arm/midgard/mali_kbase_mem_pool.o
  CC      drivers/gpu/drm/rockchip/inno_hdmi.o
  CC      fs/efivarfs/inode.o
  CC      fs/xfs/libxfs/xfs_dir2_block.o
  CC      net/ipv4/tcp_ipv4.o
  CC      drivers/gpu/arm/mali400/mali/linux/mali_ukk_pp.o
  CC      fs/efivarfs/file.o
  CC      drivers/base/power/domain_governor.o
  CC      drivers/gpu/arm/midgard/mali_kbase_mem_pool_debugfs.o
  CC      drivers/gpu/drm/rockchip/rockchip_lvds.o
  CC      drivers/gpu/arm/mali400/mali/linux/mali_ukk_core.o
  CC      fs/efivarfs/super.o
  CC      drivers/base/power/clock_ops.o
  AR      lib/zstd/built-in.a
  CC      lib/xz/xz_dec_syms.o
  CC      drivers/gpu/arm/midgard/mali_kbase_tlstream.o
  CC      lib/xz/xz_dec_stream.o
  AR      drivers/base/power/built-in.a
  CC      drivers/base/regmap/regmap.o
  AR      fs/efivarfs/built-in.a
  CC      drivers/gpu/arm/mali400/mali/linux/mali_ukk_soft_job.o
  CC      drivers/gpu/arm/mali400/mali/linux/mali_ukk_timeline.o
  CC      drivers/gpu/drm/rockchip/rockchip_rgb.o
  CC      lib/xz/xz_dec_lzma2.o
  CC      fs/xfs/libxfs/xfs_dir2_data.o
  CC      fs/xfs/libxfs/xfs_dir2_leaf.o
  CC      drivers/gpu/arm/mali400/mali/linux/mali_devfreq.o
  CC      net/ipv4/tcp_minisocks.o
  CC      lib/xz/xz_dec_bcj.o
  AR      lib/xz/built-in.a
  CC      lib/mpi/generic_mpih-lshift.o
  AR      drivers/gpu/drm/rockchip/built-in.a
  AR      drivers/gpu/drm/tilcdc/built-in.a
  AR      drivers/gpu/drm/imx/built-in.a
  AR      drivers/gpu/drm/i2c/built-in.a
  CC      drivers/gpu/drm/panel/panel-simple.o
  CC      drivers/gpu/arm/midgard/mali_kbase_strings.o
  CC      drivers/gpu/arm/mali400/mali/common/mali_pm_metrics.o
  CC      drivers/gpu/arm/midgard/mali_kbase_as_fault_debugfs.o
  CC      lib/mpi/generic_mpih-mul1.o
  CC      drivers/gpu/arm/bifrost/mali_kbase_cache_policy.o
  CC      net/ipv4/tcp_cong.o
  CC      lib/mpi/generic_mpih-mul2.o
  CC      drivers/base/regmap/regcache.o
  CC      drivers/gpu/arm/mali400/mali/common/mali_kernel_core.o
  CC      drivers/gpu/arm/midgard/mali_kbase_regs_history_debugfs.o
  CC      lib/mpi/generic_mpih-mul3.o
  AR      drivers/gpu/drm/panel/built-in.a
  CC      drivers/gpu/drm/bridge/analogix/analogix_dp_core.o
  CC      drivers/gpu/arm/bifrost/mali_kbase_ccswe.o
  CC      fs/xfs/libxfs/xfs_dir2_node.o
  CC      net/ipv4/tcp_metrics.o
  CC      drivers/base/regmap/regcache-rbtree.o
  CC      lib/mpi/generic_mpih-rshift.o
  CC      drivers/gpu/arm/bifrost/mali_kbase_mem.o
  CC      drivers/gpu/arm/mali400/mali/linux/mali_kernel_linux.o
  CC      drivers/gpu/arm/midgard/platform/rk/mali_kbase_config_rk.o
  CC      lib/mpi/generic_mpih-sub1.o
  CC      drivers/base/regmap/regcache-flat.o
  CC      drivers/gpu/arm/midgard/ipa/mali_kbase_ipa_simple.o
  CC      drivers/gpu/arm/mali400/mali/common/mali_session.o
  CC      lib/mpi/generic_mpih-add1.o
  CC      drivers/base/regmap/regmap-debugfs.o
  CC      drivers/gpu/drm/bridge/analogix/analogix_dp_reg.o
  CC      net/ipv4/tcp_fastopen.o
  CC      lib/mpi/ec.o
  CC      drivers/gpu/arm/midgard/ipa/mali_kbase_ipa.o
  CC      drivers/gpu/arm/mali400/mali/linux/mali_device_pause_resume.o
  CC      drivers/base/regmap/regmap-i2c.o
  CC      drivers/gpu/drm/bridge/analogix/analogix-i2c-dptx.o
  CC      drivers/base/regmap/regmap-spi.o
  CC      lib/mpi/mpicoder.o
  CC      drivers/gpu/arm/midgard/ipa/mali_kbase_ipa_debugfs.o
  CC      drivers/gpu/arm/mali400/mali/common/mali_kernel_vsync.o
  CC      fs/xfs/libxfs/xfs_dir2_sf.o
  CC      net/ipv4/tcp_rate.o
  AR      drivers/gpu/drm/bridge/analogix/built-in.a
  AR      drivers/gpu/drm/bridge/cadence/built-in.a
  CC      drivers/gpu/drm/bridge/synopsys/dw-hdmi.o
  CC      drivers/base/regmap/regmap-mmio.o
  CC      drivers/gpu/arm/bifrost/mali_kbase_mem_migrate.o
  CC      drivers/gpu/arm/mali400/mali/linux/mali_ukk_vsync.o
  CC      lib/mpi/mpi-add.o
  CC      drivers/gpu/arm/midgard/mali_kbase_sync_file.o
  CC      drivers/base/regmap/regmap-irq.o
  CC      net/ipv4/tcp_recovery.o
  CC      lib/mpi/mpi-bit.o
  CC      drivers/gpu/arm/mali400/mali/linux/mali_kernel_sysfs.o
  CC      drivers/gpu/arm/bifrost/mali_kbase_mem_pool_group.o
  CC      lib/mpi/mpi-cmp.o
  CC      drivers/gpu/arm/midgard/mali_kbase_sync_common.o
  AR      drivers/base/regmap/built-in.a
  AR      drivers/base/test/built-in.a
  CC      drivers/base/component.o
  CC      net/ipv4/tcp_ulp.o
  CC      drivers/gpu/arm/mali400/mali/common/mali_mmu.o
  CC      lib/mpi/mpi-sub-ui.o
  CC      fs/xfs/libxfs/xfs_dquot_buf.o
  CC      drivers/gpu/arm/midgard/mali_kbase_fence.o
  CC      drivers/base/core.o
  CC      drivers/gpu/arm/bifrost/mali_kbase_native_mgm.o
  CC      lib/mpi/mpi-div.o
  CC      drivers/gpu/drm/bridge/synopsys/dw-hdmi-hdcp.o
  CC      drivers/gpu/arm/mali400/mali/common/mali_mmu_page_directory.o
  CC      fs/xfs/libxfs/xfs_ialloc.o
  CC      net/ipv4/tcp_offload.o
  CC      drivers/gpu/arm/midgard/backend/gpu/mali_kbase_cache_policy_backend.o
  CC      lib/mpi/mpi-inv.o
  CC      drivers/gpu/arm/bifrost/mali_kbase_ctx_sched.o
  CC      drivers/gpu/arm/mali400/mali/common/mali_mem_validation.o
  CC      drivers/gpu/drm/bridge/synopsys/dw-hdmi-qp.o
  CC      lib/mpi/mpi-mod.o
  CC      drivers/gpu/arm/midgard/backend/gpu/mali_kbase_device_hw.o
  CC      drivers/gpu/arm/mali400/mali/common/mali_hw_core.o
  CC      net/ipv4/datagram.o
  CC      lib/mpi/mpi-mul.o
  CC      drivers/gpu/arm/midgard/backend/gpu/mali_kbase_gpu.o
  CC      drivers/gpu/arm/bifrost/mali_kbase_gpuprops.o
  CC      lib/mpi/mpih-cmp.o
  CC      drivers/gpu/arm/mali400/mali/common/mali_gp.o
  CC      drivers/base/bus.o
  CC      net/ipv4/raw.o
  CC      lib/mpi/mpih-div.o
  CC      drivers/gpu/arm/midgard/backend/gpu/mali_kbase_gpuprops_backend.o
  CC      drivers/gpu/arm/mali400/mali/common/mali_pp.o
  CC      fs/xfs/libxfs/xfs_ialloc_btree.o
  CC      drivers/gpu/drm/bridge/synopsys/dw-hdmi-qp-hdcp.o
  CC      drivers/base/dd.o
  CC      lib/mpi/mpih-mul.o
  CC      drivers/gpu/arm/bifrost/mali_kbase_pm.o
  CC      drivers/gpu/arm/midgard/backend/gpu/mali_kbase_debug_job_fault_backend.o
  CC      drivers/gpu/arm/mali400/mali/common/mali_pp_job.o
  CC      lib/mpi/mpi-pow.o
  CC      drivers/gpu/arm/midgard/backend/gpu/mali_kbase_irq_linux.o
  CC      drivers/gpu/drm/bridge/synopsys/dw-hdmi-i2s-audio.o
  CC      drivers/base/syscore.o
  CC      net/ipv4/udp.o
  CC      drivers/gpu/arm/bifrost/mali_kbase_config.o
  CC      drivers/gpu/arm/mali400/mali/common/mali_gp_job.o
  CC      lib/mpi/mpiutil.o
  CC      drivers/gpu/drm/bridge/synopsys/dw-hdmi-qp-i2s-audio.o
  CC      drivers/gpu/arm/midgard/backend/gpu/mali_kbase_instr_backend.o
  CC      drivers/base/driver.o
  AR      lib/mpi/built-in.a
  CC      fs/xfs/libxfs/xfs_iext_tree.o
  CC      lib/fonts/fonts.o
  CC      drivers/gpu/arm/mali400/mali/common/mali_soft_job.o
  CC      drivers/base/class.o
  CC      drivers/gpu/arm/bifrost/mali_kbase_kinstr_prfcnt.o
  CC      drivers/gpu/drm/bridge/synopsys/dw-hdmi-cec.o
  CC      lib/fonts/font_8x16.o
  CC      drivers/gpu/arm/midgard/backend/gpu/mali_kbase_jm_as.o
  AR      lib/fonts/built-in.a
  CC      lib/argv_split.o
  CC      drivers/base/platform.o
  CC      drivers/gpu/arm/mali400/mali/common/mali_scheduler.o
  CC      lib/bug.o
  CC      drivers/gpu/arm/midgard/backend/gpu/mali_kbase_jm_hw.o
  CC      drivers/gpu/drm/bridge/synopsys/dw-hdmi-qp-cec.o
  CC      lib/clz_tab.o
  CC      lib/cmdline.o
  CC      drivers/base/cpu.o
  CC      net/ipv4/udplite.o
  CC      drivers/gpu/arm/bifrost/mali_kbase_vinstr.o
  CC      drivers/gpu/drm/bridge/synopsys/dw-mipi-dsi.o
  CC      lib/cpumask.o
  CC      fs/xfs/libxfs/xfs_inode_fork.o
  CC      drivers/gpu/arm/mali400/mali/common/mali_executor.o
  CC      lib/ctype.o
  CC      lib/dec_and_lock.o
  CC      drivers/gpu/arm/bifrost/mali_kbase_softjobs.o
  CC      drivers/gpu/arm/midgard/backend/gpu/mali_kbase_jm_rb.o
  CC      drivers/base/firmware.o
  CC      net/ipv4/udp_offload.o
  CC      lib/decompress.o
  CC      lib/decompress_bunzip2.o
  AR      drivers/gpu/drm/bridge/synopsys/built-in.a
  CC      drivers/gpu/drm/bridge/display-connector.o
  CC      drivers/base/init.o
  CC      drivers/base/map.o
  CC      drivers/gpu/arm/mali400/mali/common/mali_group.o
  CC      lib/decompress_inflate.o
  CC      drivers/base/devres.o
  CC      drivers/gpu/arm/midgard/backend/gpu/mali_kbase_js_affinity.o
  CC      net/ipv4/arp.o
  CC      lib/decompress_unlz4.o
  CC      drivers/gpu/drm/bridge/sii902x.o
  CC      fs/xfs/libxfs/xfs_inode_buf.o
  CC      lib/decompress_unlzma.o
  CC      drivers/gpu/arm/mali400/mali/common/mali_dlbu.o
  CC      drivers/gpu/arm/bifrost/mali_kbase_hw.o
  CC      drivers/gpu/arm/midgard/backend/gpu/mali_kbase_js_backend.o
  CC      drivers/base/attribute_container.o
  CC      lib/decompress_unlzo.o
  AR      drivers/gpu/drm/bridge/built-in.a
  CC      fs/xfs/libxfs/xfs_log_rlimit.o
  AR      drivers/gpu/drm/hisilicon/built-in.a
  AR      drivers/gpu/drm/tiny/built-in.a
  CC      drivers/gpu/arm/mali400/mali/common/mali_broadcast.o
  AR      drivers/gpu/drm/xlnx/built-in.a
  CC      drivers/gpu/drm/drm_bridge_connector.o
  CC      drivers/base/transport_class.o
  CC      lib/decompress_unxz.o
  CC      drivers/gpu/arm/midgard/backend/gpu/mali_kbase_mmu_hw_direct.o
  CC      drivers/gpu/arm/bifrost/mali_kbase_debug.o
  CC      net/ipv4/icmp.o
  CC      drivers/base/topology.o
  CC      drivers/gpu/arm/mali400/mali/common/mali_pm.o
  CC      fs/xfs/libxfs/xfs_ag_resv.o
  CC      drivers/gpu/drm/drm_crtc_helper.o
  CC      lib/decompress_unzstd.o
  CC      drivers/base/container.o
  CC      lib/dump_stack.o
  CC      drivers/gpu/arm/midgard/backend/gpu/mali_kbase_pm_backend.o
  CC      drivers/gpu/arm/bifrost/mali_kbase_gpu_memory_debugfs.o
  CC      drivers/base/property.o
  CC      drivers/gpu/arm/mali400/mali/common/mali_pmu.o
  CC      drivers/gpu/drm/drm_dsc.o
  CC      lib/earlycpio.o
  CC      lib/extable.o
  CC      drivers/gpu/arm/midgard/backend/gpu/mali_kbase_pm_driver.o
  CC      net/ipv4/devinet.o
  CC      drivers/gpu/arm/mali400/mali/common/mali_user_settings_db.o
  CC      drivers/gpu/drm/drm_probe_helper.o
  CC      drivers/gpu/arm/bifrost/mali_kbase_mem_linux.o
  CC      lib/fdt.o
  CC      lib/fdt_addresses.o
  CC      fs/xfs/libxfs/xfs_rmap.o
  CC      lib/fdt_empty_tree.o
  CC      drivers/base/cacheinfo.o
  CC      lib/fdt_ro.o
  CC      drivers/gpu/arm/mali400/mali/common/mali_kernel_utilization.o
  CC      drivers/gpu/arm/midgard/backend/gpu/mali_kbase_pm_metrics.o
  CC      drivers/gpu/drm/drm_plane_helper.o
  CC      lib/fdt_rw.o
  CC      drivers/base/swnode.o
  CC      lib/fdt_strerror.o
  CC      drivers/gpu/arm/mali400/mali/common/mali_control_timer.o
  CC      lib/fdt_sw.o
  CC      drivers/gpu/drm/drm_atomic_helper.o
  CC      drivers/gpu/arm/midgard/backend/gpu/mali_kbase_pm_ca.o
  CC      lib/fdt_wip.o
  CC      lib/flex_proportions.o
  CC      drivers/base/devtmpfs.o
  CC      net/ipv4/af_inet.o
  CC      drivers/gpu/arm/mali400/mali/common/mali_l2_cache.o
  CC      lib/idr.o
  CC      drivers/gpu/arm/midgard/backend/gpu/mali_kbase_pm_ca_fixed.o
  CC      drivers/gpu/arm/bifrost/mali_kbase_core_linux.o
  CC      lib/irq_regs.o
  CC      drivers/base/module.o
  CC      drivers/gpu/arm/mali400/mali/common/mali_timeline.o
  CC      lib/is_single_threaded.o
  CC      drivers/gpu/arm/midgard/backend/gpu/mali_kbase_pm_always_on.o
  CC      lib/klist.o
  CC      drivers/base/soc.o
  CC      drivers/gpu/drm/drm_kms_helper_common.o
  CC      lib/kobject.o
  CC      drivers/base/pinctrl.o
  CC      fs/xfs/libxfs/xfs_rmap_btree.o
  CC      drivers/gpu/arm/midgard/backend/gpu/mali_kbase_pm_coarse_demand.o
  CC      drivers/gpu/arm/mali400/mali/common/mali_timeline_fence_wait.o
  CC      net/ipv4/igmp.o
  CC      drivers/gpu/drm/drm_simple_kms_helper.o
  CC      drivers/base/devcoredump.o
  CC      lib/kobject_uevent.o
  CC      drivers/gpu/arm/mali400/mali/common/mali_timeline_sync_fence.o
  CC      drivers/gpu/arm/midgard/backend/gpu/mali_kbase_pm_demand.o
  CC      drivers/base/platform-msi.o
  CC      drivers/gpu/drm/drm_modeset_helper.o
  CC      drivers/gpu/arm/mali400/mali/common/mali_spinlock_reentrant.o
  CC      drivers/gpu/arm/midgard/backend/gpu/mali_kbase_pm_policy.o
  CC      drivers/base/arch_topology.o
  CC      drivers/gpu/drm/drm_scdc_helper.o
  CC      lib/logic_pio.o
  CC      drivers/gpu/arm/mali400/mali/common/mali_pm_domain.o
  CC      fs/xfs/libxfs/xfs_refcount.o
  CC      drivers/gpu/drm/drm_gem_framebuffer_helper.o
  CC      lib/memcat_p.o
  AR      drivers/base/built-in.a
  CC      drivers/gpu/arm/midgard/backend/gpu/mali_kbase_time.o
  CC      drivers/gpu/arm/midgard/backend/gpu/mali_kbase_devfreq.o
  CC      net/ipv4/fib_frontend.o
  CC      lib/memneq.o
  CC      drivers/gpu/arm/mali400/mali/linux/mali_osk_pm.o
  CC      lib/nmi_backtrace.o
  CC      drivers/gpu/drm/drm_atomic_state_helper.o
  CC      drivers/gpu/drm/drm_damage_helper.o
  CC      drivers/gpu/arm/midgard/backend/gpu/mali_kbase_pm_ca_devfreq.o
  CC      lib/nodemask.o
  CC      drivers/gpu/arm/mali400/mali/linux/mali_pmu_power_up_down.o
  CC      drivers/gpu/arm/bifrost/mali_kbase_mem_profile_debugfs.o
  CC      drivers/gpu/arm/bifrost/mali_kbase_disjoint_events.o
  CC      lib/plist.o
  AR      drivers/gpu/arm/midgard/built-in.a
  CC      lib/radix-tree.o
  CC      drivers/gpu/drm/drm_format_helper.o
  CC      drivers/gpu/arm/mali400/mali/linux/mali_memory_dma_buf.o
  CC      drivers/block/zram/zcomp.o
  CC      net/ipv4/fib_semantics.o
  CC      drivers/block/zram/zram_drv.o
  CC      drivers/gpu/drm/drm_self_refresh_helper.o
  CC      drivers/gpu/drm/bridge/panel.o
  CC      drivers/gpu/arm/mali400/mali/linux/mali_memory_secure.o
  CC      lib/ratelimit.o
  CC      drivers/gpu/arm/bifrost/mali_kbase_debug_mem_view.o
  CC      fs/xfs/libxfs/xfs_refcount_btree.o
  CC      lib/rbtree.o
  CC      fs/xfs/libxfs/xfs_sb.o
  CC      drivers/gpu/arm/mali400/mali/linux/mali_sync.o
  CC      drivers/gpu/drm/drm_fb_helper.o
  CC      lib/seq_buf.o
  AR      drivers/block/zram/built-in.a
  CC      drivers/block/brd.o
  CC      net/ipv4/fib_trie.o
  CC      drivers/gpu/arm/bifrost/mali_kbase_debug_mem_zones.o
  CC      lib/sha1.o
  CC      drivers/gpu/arm/mali400/mali/linux/mali_internal_sync.o
  CC      lib/show_mem.o
  CC      drivers/block/loop.o
  CC      drivers/gpu/drm/drm_dp_helper.o
  CC      lib/siphash.o
  CC      drivers/gpu/arm/mali400/mali/__malidrv_build_info.o
  CC      drivers/gpu/drm/drm_dp_mst_topology.o
  AR      drivers/gpu/arm/mali400/mali/built-in.a
  AR      drivers/gpu/arm/mali400/built-in.a
  CC      drivers/gpu/drm/drm_dp_dual_mode_helper.o
  CC      drivers/gpu/arm/bifrost/mali_kbase_debug_mem_allocs.o
  CC      lib/string.o
  CC      lib/timerqueue.o
  CC      fs/xfs/libxfs/xfs_symlink_remote.o
  CC      fs/xfs/libxfs/xfs_trans_inode.o
  CC      fs/xfs/libxfs/xfs_trans_resv.o
  CC      lib/vsprintf.o
  CC      net/ipv4/fib_notifier.o
  CC      drivers/gpu/arm/bifrost/mali_kbase_smc.o
  AR      drivers/block/built-in.a
  AR      drivers/misc/rk628/built-in.a
  AR      drivers/misc/rockchip/built-in.a
  CC      drivers/misc/lkdtm/core.o
  CC      drivers/misc/lkdtm/bugs.o
  CC      drivers/misc/lkdtm/heap.o
  CC      fs/xfs/libxfs/xfs_types.o
  CC      drivers/mfd/rkx110_x120/hal/cru_core.o
  CC      drivers/mfd/rkx110_x120/hal/cru_rkx110.o
  CC      net/ipv4/inet_fragment.o
  CC      drivers/gpu/arm/bifrost/mali_kbase_mem_pool.o
  CC      drivers/misc/lkdtm/perms.o
  CC      drivers/misc/lkdtm/refcount.o
  CC      drivers/gpu/drm/drm_dp_aux_dev.o
  CC      fs/xfs/xfs_aops.o
  CC      drivers/gpu/drm/drm_auth.o
  CC      drivers/mfd/rkx110_x120/hal/cru_rkx120.o
  CC      drivers/misc/lkdtm/rodata.o
  CC      drivers/misc/lkdtm/usercopy.o
  CC      drivers/mfd/rkx110_x120/hal/cru_rkx111.o
  CC      drivers/mfd/rkx110_x120/hal/cru_rkx121.o
  CC      drivers/gpu/drm/drm_cache.o
  CC      drivers/misc/lkdtm/stackleak.o
  CC      lib/win_minmax.o
  CC      drivers/gpu/arm/bifrost/mali_kbase_mem_pool_debugfs.o
  CC      net/ipv4/ping.o
  CC      drivers/misc/lkdtm/cfi.o
  CC      fs/open.o
  CC      drivers/mfd/rkx110_x120/hal/pinctrl_rkx110_x120.o
  CC      drivers/gpu/drm/drm_file.o
  OBJCOPY drivers/misc/lkdtm/rodata_objcopy.o
  CC      lib/xarray.o
  AR      drivers/misc/lkdtm/built-in.a
  AR      drivers/misc/eeprom/built-in.a
  AR      drivers/misc/cb710/built-in.a
  AR      drivers/misc/ti-st/built-in.a
  AR      drivers/misc/lis3lv02d/built-in.a
  AR      drivers/misc/cardreader/built-in.a
  CC      drivers/misc/sram.o
  CC      drivers/mfd/rkx110_x120/pattern_gen.o
  CC      drivers/gpu/arm/bifrost/mali_kbase_debugfs_helper.o
  AR      drivers/misc/built-in.a
  CC      drivers/gpu/arm/bifrost/mali_kbase_strings.o
  CC      fs/xfs/xfs_attr_inactive.o
  CC      drivers/mfd/rkx110_x120/rkx110_combrxphy.o
  CC      drivers/gpu/drm/drm_gem.o
  CC      lib/lockref.o
  CC      lib/bcd.o
  CC      net/ipv4/ip_tunnel_core.o
  CC      drivers/gpu/arm/bifrost/mali_kbase_as_fault_debugfs.o
  CC      drivers/gpu/arm/bifrost/mali_kbase_regs_history_debugfs.o
  CC      lib/sort.o
  CC      lib/parser.o
  CC      drivers/mfd/rkx110_x120/rkx110_dsi_rx.o
  CC      drivers/mfd/rkx110_x120/rkx110_x120_core.o
  CC      fs/xfs/xfs_attr_list.o
  CC      lib/debug_locks.o
  CC      lib/random32.o
  AR      drivers/nfc/built-in.a
  CC      drivers/mfd/rkx110_x120/rkx110_linktx.o
  CC      drivers/gpu/drm/drm_ioctl.o
  CC      drivers/mfd/rkx110_x120/rkx110.o
  CC      lib/bust_spinlocks.o
  CC      drivers/gpu/arm/bifrost/mali_kbase_dvfs_debugfs.o
  CC      drivers/gpu/arm/bifrost/mali_power_gpu_frequency_trace.o
  CC      net/ipv4/gre_offload.o
  CC      net/ipv4/metrics.o
  CC      lib/kasprintf.o
  CC      drivers/mfd/rkx110_x120/rkx120.o
  CC      drivers/mfd/rkx110_x120/rkx120_combtxphy.o
  CC      lib/bitmap.o
  CC      drivers/gpu/drm/drm_irq.o
  CC      drivers/gpu/arm/bifrost/mali_kbase_trace_gpu_mem.o
  CC      drivers/gpu/arm/bifrost/mali_kbase_pbha.o
  CC      fs/xfs/xfs_bmap_util.o
  CC      drivers/mfd/rkx110_x120/rkx120_dsi_tx.o
  CC      drivers/mfd/rkx110_x120/rkx120_linkrx.o
  CC      drivers/gpu/drm/drm_memory.o
  CC      net/ipv4/netlink.o
  CC      lib/scatterlist.o
  CC      drivers/mfd/rkx110_x120/serdes_combphy.o
  CC      drivers/gpu/drm/drm_drv.o
  CC      drivers/gpu/drm/drm_sysfs.o
  CC      drivers/gpu/drm/drm_hashtab.o
  CC      drivers/gpu/arm/bifrost/mali_kbase_pbha_debugfs.o
  CC      drivers/mfd/rkx110_x120/rkx110_x120_panel.o
  CC      net/ipv4/nexthop.o
  CC      lib/list_sort.o
  CC      lib/uuid.o
  AR      net/ipv6/netfilter/built-in.a
  CC      net/ipv6/af_inet6.o
  CC      net/ipv6/anycast.o
  CC      lib/iov_iter.o
  CC      drivers/gpu/drm/drm_mm.o
  CC      drivers/gpu/arm/bifrost/mali_kbase_fence_ops.o
  AR      drivers/mfd/rkx110_x120/built-in.a
  CC      drivers/mfd/mfd-core.o
  CC      fs/xfs/xfs_bio_io.o
  CC      drivers/gpu/drm/drm_crtc.o
  CC      net/ipv6/ip6_output.o
  CC      drivers/gpu/arm/bifrost/mali_kbase_sync_file.o
  CC      drivers/mfd/tps6586x.o
  CC      drivers/mfd/rk806-core.o
  CC      net/ipv4/udp_tunnel_stub.o
  CC      fs/xfs/xfs_buf.o
  CC      lib/clz_ctz.o
  CC      drivers/gpu/drm/drm_fourcc.o
  CC      drivers/gpu/drm/drm_modes.o
  CC      drivers/mfd/rk806-spi.o
  CC      lib/bsearch.o
  CC      net/ipv4/sysctl_net_ipv4.o
  CC      drivers/mfd/rk808.o
  CC      drivers/gpu/arm/bifrost/mali_kbase_sync_common.o
  CC      lib/find_bit.o
  CC      lib/llist.o
  CC      lib/memweight.o
  CC      drivers/gpu/drm/drm_encoder_slave.o
  CC      lib/kfifo.o
  CC      net/ipv6/ip6_input.o
  CC      drivers/mfd/syscon.o
  CC      net/ipv4/proc.o
  CC      drivers/gpu/drm/drm_trace_points.o
  CC      drivers/gpu/drm/drm_prime.o
  CC      drivers/gpu/arm/bifrost/mali_kbase_jm.o
  CC      lib/percpu-refcount.o
  AR      drivers/mfd/built-in.a
  CC      lib/rhashtable.o
  CC      lib/once.o
  CC      lib/refcount.o
  CC      drivers/gpu/drm/drm_rect.o
  CC      net/ipv4/ipmr.o
  CC      net/ipv4/ipmr_base.o
  CC      net/ipv6/addrconf.o
  CC      net/ipv6/addrlabel.o
  CC      drivers/gpu/arm/bifrost/mali_kbase_dummy_job_wa.o
  CC      fs/xfs/xfs_dir2_readdir.o
  CC      lib/usercopy.o
  CC      drivers/gpu/drm/drm_vma_manager.o
  CC      lib/errseq.o
  CC      lib/bucket_locks.o
  CC      drivers/gpu/drm/drm_flip_work.o
  CC      drivers/gpu/drm/drm_modeset_lock.o
  CC      drivers/gpu/drm/drm_atomic.o
  CC      drivers/gpu/arm/bifrost/mali_kbase_debug_job_fault.o
  CC      lib/generic-radix-tree.o
  CC      lib/string_helpers.o
  CC      lib/hexdump.o
  CC      lib/kstrtox.o
  CC      fs/xfs/xfs_discard.o
  CC      fs/xfs/xfs_error.o
  CC      drivers/dma-buf/heaps/deferred-free-helper.o
  CC      drivers/gpu/drm/drm_bridge.o
  CC      net/ipv4/syncookies.o
  CC      drivers/gpu/arm/bifrost/mali_kbase_event.o
  CC      lib/pci_iomap.o
  CC      drivers/dma-buf/heaps/page_pool.o
  CC      drivers/dma-buf/heaps/rk_system_heap.o
  CC      lib/iomap_copy.o
  CC      drivers/gpu/drm/drm_framebuffer.o
  CC      lib/devres.o
  CC      net/ipv4/netfilter.o
  CC      drivers/gpu/arm/bifrost/mali_kbase_jd.o
  CC      lib/hweight.o
  CC      fs/read_write.o
  CC      drivers/dma-buf/heaps/rk_cma_heap.o
  CC      fs/xfs/xfs_export.o
  CC      net/ipv6/route.o
  CC      lib/assoc_array.o
  CC      drivers/gpu/drm/drm_connector.o
  CC      net/ipv4/tcp_cubic.o
  AR      drivers/dma-buf/heaps/built-in.a
  CC      drivers/dma-buf/dma-buf.o
  CC      lib/smp_processor_id.o
  CC      fs/xfs/xfs_extent_busy.o
  CC      lib/bitrev.o
  CC      lib/linear_ranges.o
  CC      lib/crc-ccitt.o
  CC      drivers/gpu/drm/drm_blend.o
  CC      net/ipv4/xfrm4_policy.o
  CC      drivers/gpu/arm/bifrost/mali_kbase_jd_debugfs.o
  CC      drivers/dma-buf/dma-fence.o
  CC      lib/crc16.o
  CC      fs/xfs/xfs_file.o
  CC      lib/crc-t10dif.o
  CC      drivers/gpu/drm/drm_encoder.o
  CC      lib/crc-itu-t.o
  CC      net/ipv4/xfrm4_state.o
  CC      net/ipv4/xfrm4_input.o
  CC      drivers/gpu/arm/bifrost/mali_kbase_js.o
  CC      drivers/dma-buf/dma-fence-array.o
  HOSTCC  lib/gen_crc32table
  CC      drivers/gpu/drm/drm_mode_object.o
  CC      drivers/dma-buf/dma-fence-chain.o
  CC      lib/crc7.o
  CC      drivers/dma-buf/dma-resv.o
  CC      net/ipv4/xfrm4_output.o
  CC      fs/xfs/xfs_filestream.o
  CC      lib/libcrc32c.o
  CC      drivers/gpu/drm/drm_property.o
  CC      net/ipv6/ip6_fib.o
  CC      net/ipv6/ipv6_sockglue.o
  CC      lib/xxhash.o
  CC      drivers/dma-buf/seqno-fence.o
  CC      net/ipv4/xfrm4_protocol.o
  CC      drivers/gpu/drm/drm_plane.o
  CC      lib/genalloc.o
  CC      drivers/dma-buf/dma-heap.o
  CC      lib/percpu_counter.o
  CC      fs/xfs/xfs_fsmap.o
  CC      drivers/gpu/arm/bifrost/mali_kbase_js_ctx_attr.o
  CC      net/ipv6/ndisc.o
  CC      drivers/dma-buf/dma-buf-cache.o
  AR      net/ipv4/built-in.a
  CC      drivers/gpu/drm/drm_color_mgmt.o
  CC      drivers/dma-buf/sync_file.o
  CC      drivers/gpu/drm/drm_print.o
  CC      lib/syscall.o
  CC      drivers/dma-buf/sw_sync.o
  CC      drivers/gpu/arm/bifrost/mali_kbase_kinstr_jm.o
  CC      fs/file_table.o
  CC      drivers/gpu/drm/drm_dumb_buffers.o
  CC      lib/dynamic_debug.o
  CC      lib/errname.o
  CC      net/ipv6/udp.o
  CC      drivers/gpu/drm/drm_mode_config.o
  CC      drivers/dma-buf/sync_debug.o
  CC      drivers/gpu/drm/drm_vblank.o
  CC      fs/xfs/xfs_fsops.o
  CC      drivers/gpu/arm/bifrost/mali_kbase_fence.o
  CC      drivers/dma-buf/dma-buf-sysfs-stats.o
  CC      net/packet/af_packet.o
  CC      fs/super.o
  CC      lib/nlattr.o
  AR      drivers/dma-buf/built-in.a
  CC      lib/checksum.o
  CC      fs/xfs/xfs_globals.o
  CC      drivers/gpu/arm/bifrost/context/mali_kbase_context.o
  CC      fs/xfs/xfs_health.o
  CC      drivers/gpu/drm/drm_syncobj.o
  CC      lib/cpu_rmap.o
  CC      fs/xfs/xfs_icache.o
  CC      net/ipv6/udplite.o
  CC      fs/char_dev.o
  CC      lib/dynamic_queue_limits.o
  CC      lib/glob.o
  CC      drivers/gpu/arm/bifrost/context/backend/mali_kbase_context_jm.o
  CC      lib/strncpy_from_user.o
  CC      fs/xfs/xfs_ioctl.o
  CC      net/ipv6/raw.o
  CC      drivers/gpu/drm/drm_lease.o
  CC      drivers/gpu/drm/drm_writeback.o
  CC      lib/strnlen_user.o
  CC      drivers/gpu/arm/bifrost/debug/mali_kbase_debug_ktrace.o
  AR      net/packet/built-in.a
  CC      drivers/gpu/arm/bifrost/debug/backend/mali_kbase_debug_ktrace_jm.o
  CC      lib/net_utils.o
  CC      lib/sg_pool.o
  CC      drivers/gpu/drm/drm_client.o
  CC      drivers/gpu/drm/drm_client_modeset.o
  CC      lib/asn1_decoder.o
  CC      net/ipv6/icmp.o
  CC      net/ipv6/mcast.o
  CC      drivers/gpu/arm/bifrost/device/mali_kbase_device.o
  CC      fs/xfs/xfs_iomap.o
  CC      fs/xfs/xfs_iops.o
  GEN     lib/oid_registry_data.c
  CC      lib/ucs2_string.o
  CC      lib/sbitmap.o
  CC      drivers/gpu/drm/drm_atomic_uapi.o
  CC      drivers/gpu/drm/drm_hdcp.o
  CC      drivers/gpu/arm/bifrost/device/mali_kbase_device_hw.o
  AR      lib/lib.a
  GEN     lib/crc32table.h
  CC      lib/oid_registry.o
  CC      net/ipv6/reassembly.o
  CC      drivers/gpu/arm/bifrost/device/backend/mali_kbase_device_jm.o
  CC      lib/crc32.o
  CC      drivers/gpu/drm/drm_managed.o
  CC      drivers/gpu/drm/drm_vblank_work.o
  CC      fs/xfs/xfs_inode.o
  CC      fs/xfs/xfs_itable.o
  AR      lib/built-in.a
  CC      fs/xfs/xfs_iwalk.o
  CC      fs/xfs/xfs_message.o
  CC      net/ipv6/tcp_ipv6.o
  CC      fs/xfs/xfs_mount.o
  CC      drivers/gpu/arm/bifrost/device/backend/mali_kbase_device_hw_jm.o
  CC      drivers/gpu/drm/drm_edid.o
  CC      drivers/gpu/drm/drm_ioc32.o
  CC      drivers/gpu/drm/drm_gem_cma_helper.o
  CC      drivers/gpu/arm/bifrost/backend/gpu/mali_kbase_cache_policy_backend.o
  CC      fs/xfs/xfs_mru_cache.o
  CC      fs/xfs/xfs_pwork.o
  AR      drivers/macintosh/built-in.a
  CC      fs/xfs/xfs_reflink.o
  CC      net/ipv6/ping.o
  CC      drivers/gpu/arm/bifrost/backend/gpu/mali_kbase_gpuprops_backend.o
  CC      net/key/af_key.o
  CC      net/bluetooth/rfcomm/core.o
  CC      drivers/gpu/drm/drm_panel.o
  CC      drivers/gpu/drm/drm_of.o
  CC      drivers/gpu/drm/drm_pci.o
  CC      drivers/gpu/arm/bifrost/backend/gpu/mali_kbase_irq_linux.o
  CC      net/ipv6/exthdrs.o
  CC      drivers/gpu/arm/bifrost/backend/gpu/mali_kbase_js_backend.o
  CC      drivers/gpu/arm/bifrost/backend/gpu/mali_kbase_pm_backend.o
  CC      drivers/gpu/drm/drm_debugfs.o
  CC      fs/xfs/xfs_stats.o
  CC      drivers/gpu/drm/drm_debugfs_crc.o
  CC      net/bluetooth/rfcomm/sock.o
  AR      net/key/built-in.a
  CC      net/sunrpc/auth_gss/auth_gss.o
  CC      net/bluetooth/hidp/core.o
  CC      drivers/gpu/arm/bifrost/backend/gpu/mali_kbase_pm_driver.o
  CC      net/bluetooth/hidp/sock.o
  CC      net/ipv6/datagram.o
  CC      fs/xfs/xfs_super.o
  CC      drivers/gpu/drm/drm_edid_load.o
  CC      drivers/gpu/drm/drm_mipi_dsi.o
  CC      net/wireless/core.o
  AR      net/bluetooth/hidp/built-in.a
  CC      net/wireless/sysfs.o
  CC      net/ipv6/ip6_flowlabel.o
  AR      net/bluetooth/rfcomm/built-in.a
  CC      net/bluetooth/af_bluetooth.o
  CC      drivers/gpu/drm/drm_panel_orientation_quirks.o
  CC      drivers/gpu/arm/bifrost/backend/gpu/mali_kbase_pm_metrics.o
  CC      net/sunrpc/auth_gss/gss_generic_token.o
  AR      drivers/gpu/drm/built-in.a
  CC      net/sunrpc/auth_gss/gss_mech_switch.o
  CC      fs/xfs/xfs_symlink.o
  CC      fs/xfs/xfs_sysfs.o
  CC      drivers/gpu/arm/bifrost/backend/gpu/mali_kbase_pm_ca.o
  CC      net/ipv6/inet6_connection_sock.o
  CC      net/bluetooth/hci_core.o
  CC      net/bluetooth/hci_conn.o
  CC      net/wireless/radiotap.o
  CC      net/wireless/util.o
  CC      drivers/gpu/arm/bifrost/backend/gpu/mali_kbase_pm_always_on.o
  CC      net/sunrpc/auth_gss/svcauth_gss.o
  CC      net/ipv6/udp_offload.o
  CC      net/sunrpc/auth_gss/gss_rpc_upcall.o
  CC      fs/xfs/xfs_trans.o
  CC      drivers/gpu/arm/bifrost/backend/gpu/mali_kbase_pm_coarse_demand.o
  CC      net/ipv6/seg6.o
  CC      net/ipv6/fib6_notifier.o
  CC      net/sunrpc/clnt.o
  CC      net/wireless/reg.o
  CC      net/sunrpc/auth_gss/gss_rpc_xdr.o
  CC      net/sunrpc/auth_gss/trace.o
  CC      drivers/gpu/arm/bifrost/backend/gpu/mali_kbase_pm_policy.o
  CC      net/ipv6/rpl.o
  CC      net/bluetooth/hci_event.o
  CC      fs/xfs/xfs_xattr.o
  CC      fs/xfs/kmem.o
  CC      drivers/gpu/arm/bifrost/backend/gpu/mali_kbase_time.o
  CC      net/ipv6/sysctl_net_ipv6.o
  CC      net/ipv6/xfrm6_policy.o
  AR      net/sunrpc/auth_gss/built-in.a
  CC      net/ipv6/xfrm6_state.o
  CC      net/bluetooth/mgmt.o
  CC      net/sunrpc/xprt.o
  CC      drivers/gpu/arm/bifrost/backend/gpu/mali_kbase_l2_mmu_config.o
  CC      net/wireless/scan.o
  CC      net/wireless/nl80211.o
  CC      net/ipv6/xfrm6_input.o
  CC      drivers/gpu/arm/bifrost/backend/gpu/mali_kbase_clk_rate_trace_mgr.o
  CC      fs/xfs/xfs_log.o
  CC      net/ipv6/xfrm6_output.o
  CC      net/sunrpc/socklib.o
  CC      net/sunrpc/xprtsock.o
  CC      drivers/gpu/arm/bifrost/backend/gpu/mali_kbase_instr_backend.o
  CC      net/ipv6/xfrm6_protocol.o
  CC      drivers/gpu/arm/bifrost/backend/gpu/mali_kbase_jm_as.o
  CC      drivers/gpu/arm/bifrost/backend/gpu/mali_kbase_debug_job_fault_backend.o
  CC      fs/xfs/xfs_log_cil.o
  CC      net/ipv6/netfilter.o
  CC      fs/xfs/xfs_bmap_item.o
  CC      net/bluetooth/hci_sock.o
  CC      drivers/gpu/arm/bifrost/backend/gpu/mali_kbase_jm_hw.o
  CC      net/sunrpc/sched.o
  CC      net/ipv6/proc.o
  CC      net/bluetooth/hci_sysfs.o
  CC      net/sunrpc/auth.o
  CC      fs/xfs/xfs_buf_item.o
  CC      net/ipv6/syncookies.o
  CC      drivers/gpu/arm/bifrost/backend/gpu/mali_kbase_jm_rb.o
  CC      drivers/gpu/arm/bifrost/backend/gpu/mali_kbase_devfreq.o
  CC      net/bluetooth/l2cap_core.o
  CC      net/ipv6/addrconf_core.o
  CC      net/bluetooth/l2cap_sock.o
  CC      drivers/gpu/arm/bifrost/mmu/mali_kbase_mmu.o
  CC      fs/xfs/xfs_buf_item_recover.o
  CC      fs/xfs/xfs_dquot_item_recover.o
  CC      net/ipv6/exthdrs_core.o
  CC      net/ipv6/ip6_checksum.o
  CC      net/ipv6/ip6_icmp.o
  CC      fs/xfs/xfs_extfree_item.o
  CC      fs/xfs/xfs_icreate_item.o
  CC      drivers/gpu/arm/bifrost/mmu/mali_kbase_mmu_hw_direct.o
  CC      net/ipv6/output_core.o
  CC      net/ipv6/protocol.o
  CC      net/sunrpc/auth_null.o
  CC      drivers/gpu/arm/bifrost/mmu/mali_kbase_mmu_mode_aarch64.o
  CC      fs/xfs/xfs_inode_item.o
  CC      net/ipv6/ip6_offload.o
  CC      net/bluetooth/smp.o
  CC      net/sunrpc/auth_unix.o
  CC      net/sunrpc/svc.o
  CC      net/wireless/mlme.o
  CC      drivers/gpu/arm/bifrost/mmu/backend/mali_kbase_mmu_jm.o
  CC      net/ipv6/tcpv6_offload.o
  CC      net/ipv6/exthdrs_offload.o
  CC      net/ipv6/inet6_hashtables.o
  CC      fs/xfs/xfs_inode_item_recover.o
  CC      drivers/gpu/arm/bifrost/tl/mali_kbase_timeline.o
  CC      net/ipv6/mcast_snoop.o
  CC      net/sunrpc/svcsock.o
  CC      net/bluetooth/lib.o
  CC      net/wireless/ibss.o
  CC      net/sunrpc/svcauth.o
  CC      net/sunrpc/svcauth_unix.o
  CC      net/bluetooth/ecdh_helper.o
  AR      net/ipv6/built-in.a
  CC      drivers/gpu/arm/bifrost/tl/mali_kbase_timeline_io.o
  CC      fs/stat.o
  CC      net/bluetooth/hci_request.o
  CC      net/wireless/sme.o
  CC      net/wireless/chan.o
  CC      net/wireless/ethtool.o
  CC      fs/xfs/xfs_refcount_item.o
  CC      fs/exec.o
  CC      net/sunrpc/addr.o
  CC      drivers/gpu/arm/bifrost/tl/mali_kbase_tlstream.o
  CC      fs/xfs/xfs_rmap_item.o
  CC      fs/xfs/xfs_log_recover.o
  CC      net/sunrpc/rpcb_clnt.o
  CC      net/wireless/mesh.o
  CC      drivers/gpu/arm/bifrost/tl/mali_kbase_tracepoints.o
  CC      net/wireless/ap.o
  CC      fs/pipe.o
  CC      net/bluetooth/mgmt_util.o
  CC      net/bluetooth/mgmt_config.o
  CC      net/sunrpc/timer.o
  CC      net/sunrpc/xdr.o
  CC      net/wireless/trace.o
  CC      drivers/gpu/arm/bifrost/tl/backend/mali_kbase_timeline_jm.o
  CC      drivers/gpu/arm/bifrost/hwcnt/mali_kbase_hwcnt.o
  CC      net/bluetooth/sco.o
  CC      net/bluetooth/hci_debugfs.o
  CC      fs/namei.o
  CC      net/wireless/ocb.o
  CC      drivers/gpu/arm/bifrost/hwcnt/mali_kbase_hwcnt_gpu.o
  CC      fs/xfs/xfs_trans_ail.o
  CC      drivers/gpu/arm/bifrost/hwcnt/mali_kbase_hwcnt_gpu_narrow.o
  CC      net/sunrpc/sunrpc_syms.o
  CC      net/sunrpc/cache.o
  CC      net/sunrpc/rpc_pipe.o
  CC      drivers/gpu/arm/bifrost/hwcnt/mali_kbase_hwcnt_types.o
  AR      net/bluetooth/built-in.a
  CC      fs/xfs/xfs_trans_buf.o
  CC      fs/fcntl.o
  CC      drivers/gpu/arm/bifrost/hwcnt/mali_kbase_hwcnt_virtualizer.o
  CC      net/mac80211/main.o
  CC      drivers/gpu/arm/bifrost/hwcnt/mali_kbase_hwcnt_watchdog_if_timer.o
  CC      net/wireless/pmsr.o
  CC      net/wireless/of.o
  CC      fs/ioctl.o
  CC      net/sunrpc/svc_xprt.o
  CC      fs/xfs/xfs_sysctl.o
  GEN     net/wireless/shipped-certs.c
  CC      net/rfkill/core.o
  CC      drivers/gpu/arm/bifrost/hwcnt/backend/mali_kbase_hwcnt_backend_jm.o
  CC      drivers/gpu/arm/bifrost/hwcnt/backend/mali_kbase_hwcnt_backend_jm_watchdog.o
  CC      fs/xfs/xfs_ioctl32.o
  CC      net/wireless/wext-core.o
  CC      net/mac80211/status.o
  CC      net/rfkill/rfkill-wlan.o
  CC      drivers/gpu/arm/bifrost/gpu/mali_kbase_gpu.o
  CC      fs/readdir.o
  CC      net/rfkill/rfkill-bt.o
  CC      net/wireless/wext-proc.o
  CC      net/sunrpc/xprtmultipath.o
  CC      drivers/gpu/arm/bifrost/gpu/backend/mali_kbase_gpu_fault_jm.o
  CC      net/sunrpc/stats.o
  CC      net/mac80211/driver-ops.o
  CC      net/mac80211/sta_info.o
  AR      net/rfkill/built-in.a
  CC      net/mac80211/wep.o
  AR      fs/xfs/built-in.a
  CC      fs/select.o
  CC      fs/dcache.o
  CC      drivers/gpu/arm/bifrost/thirdparty/mali_kbase_mmap.o
  CC      net/sunrpc/sysctl.o
  CC      drivers/gpu/arm/bifrost/platform/rk/mali_kbase_config_rk.o
  CC      net/wireless/wext-priv.o
  CC      fs/inode.o
  AR      net/sunrpc/built-in.a
  CC      fs/attr.o
  CC      drivers/gpu/arm/bifrost/ipa/mali_kbase_ipa_simple.o
  CC      drivers/gpu/arm/bifrost/ipa/mali_kbase_ipa.o
  CC      net/mac80211/aead_api.o
  CC      net/wireless/shipped-certs.o
  CC      net/mac80211/wpa.o
  CC      net/mac80211/scan.o
  AR      net/wireless/built-in.a
  CC      drivers/gpu/arm/bifrost/ipa/mali_kbase_ipa_debugfs.o
  CC      drivers/gpu/arm/bifrost/ipa/backend/mali_kbase_ipa_counter_jm.o
  CC      drivers/gpu/arm/bifrost/ipa/backend/mali_kbase_ipa_counter_common_jm.o
  CC      net/mac80211/offchannel.o
  CC      net/dns_resolver/dns_key.o
  CC      fs/bad_inode.o
  CC      fs/file.o
  CC      net/dns_resolver/dns_query.o
  CC      fs/filesystems.o
  CC      fs/namespace.o
  CC      fs/seq_file.o
  AR      drivers/gpu/arm/bifrost/built-in.a
  AR      drivers/gpu/arm/built-in.a
  AR      drivers/gpu/built-in.a
  CC      drivers/scsi/scsi.o
  AR      net/dns_resolver/built-in.a
  CC      fs/xattr.o
  CC      fs/libfs.o
  CC      net/mac80211/ht.o
  CC      fs/fs-writeback.o
  CC      fs/pnode.o
  CC      drivers/nvme/host/core.o
  CC      drivers/scsi/hosts.o
  CC      drivers/scsi/scsi_ioctl.o
  CC      drivers/scsi/scsicam.o
  CC      drivers/scsi/scsi_error.o
  CC      net/mac80211/agg-tx.o
  CC      fs/splice.o
  CC      net/mac80211/agg-rx.o
  CC      drivers/scsi/scsi_lib.o
  CC      drivers/scsi/scsi_lib_dma.o
  CC      net/mac80211/vht.o
  CC      drivers/nvme/host/trace.o
  CC      drivers/nvme/host/pci.o
  CC      fs/sync.o
  CC      fs/utimes.o
  CC      drivers/scsi/scsi_scan.o
  GEN     drivers/scsi/scsi_devinfo_tbl.c
  CC      drivers/ata/libata-core.o
  CC      drivers/ata/libata-scsi.o
  CC      fs/d_path.o
  CC      net/devres.o
  CC      net/mac80211/he.o
  CC      net/mac80211/s1g.o
  CC      drivers/scsi/scsi_devinfo.o
  CC      drivers/scsi/scsi_sysctl.o
  CC      fs/stack.o
  AR      drivers/nvme/host/built-in.a
  AR      drivers/nvme/target/built-in.a
  AR      drivers/nvme/built-in.a
  CC      drivers/scsi/scsi_proc.o
  CC      fs/fs_struct.o
  CC      fs/statfs.o
  CC      net/mac80211/ibss.o
  CC      drivers/scsi/scsi_debugfs.o
  CC      drivers/mtd/parsers/cmdlinepart.o
  CC      fs/fs_pin.o
  CC      drivers/scsi/scsi_trace.o
  CC      drivers/mtd/chips/chipreg.o
  AR      drivers/mtd/lpddr/built-in.a
  CC      drivers/ata/libata-eh.o
  CC      drivers/ata/libata-transport.o
  CC      drivers/mtd/parsers/ofpart.o
  CC      fs/nsfs.o
  AR      drivers/mtd/chips/built-in.a
  CC      drivers/scsi/scsi_logging.o
  AR      drivers/mtd/maps/built-in.a
  CC      net/mac80211/iface.o
  CC      net/mac80211/rate.o
  AR      drivers/mtd/parsers/built-in.a
  AR      drivers/mtd/devices/built-in.a
  AR      drivers/mtd/nand/onenand/built-in.a
  AR      drivers/mtd/nand/raw/ingenic/built-in.a
  AR      drivers/mtd/nand/raw/built-in.a
  CC      drivers/mtd/nand/spi/core.o
  CC      fs/fs_types.o
  CC      drivers/ata/libata-trace.o
  CC      drivers/scsi/scsi_pm.o
  CC      fs/fs_context.o
  CC      fs/fs_parser.o
  CC      drivers/mtd/nand/core.o
  CC      drivers/mtd/nand/spi/gigadevice.o
  CC      drivers/scsi/scsi_common.o
  CC      drivers/ata/libata-sata.o
  CC      drivers/ata/libata-pmp.o
  CC      fs/fsopen.o
  CC      drivers/scsi/scsi_transport_spi.o
  CC      drivers/scsi/sd.o
  CC      drivers/scsi/sr.o
  CC      drivers/mtd/nand/spi/gsto.o
  CC      net/mac80211/michael.o
  CC      fs/init.o
  CC      drivers/mtd/nand/spi/macronix.o
  CC      drivers/mtd/nand/spi/micron.o
  CC      drivers/ata/ahci.o
  CC      drivers/scsi/sr_ioctl.o
  CC      net/mac80211/tkip.o
  CC      net/mac80211/aes_cmac.o
  CC      fs/kernel_read_file.o
  CC      drivers/ata/libahci.o
  CC      drivers/mtd/nand/spi/paragon.o
  CC      fs/remap_range.o
  CC      drivers/scsi/sr_vendor.o
  CC      drivers/mtd/nand/bbt.o
  CC      drivers/mtd/nand/spi/toshiba.o
  CC      drivers/mtd/nand/spi/winbond.o
  CC      drivers/mtd/nand/spi/biwin.o
  CC      net/socket.o
  CC      net/compat.o
  CC      net/sysctl_net.o
  CC      drivers/scsi/scsi_sysfs.o
  CC      net/mac80211/aes_gmac.o
  CC      fs/buffer.o
  CC      drivers/mtd/nand/spi/dosilicon.o
  CC      drivers/ata/ahci_platform.o
  CC      drivers/mtd/nand/spi/esmt.o
  CC      drivers/mtd/nand/spi/etron.o
  CC      drivers/ata/libahci_platform.o
  CC      net/mac80211/fils_aead.o
  CC      net/mac80211/cfg.o
  AR      drivers/scsi/built-in.a
  CC      net/mac80211/ethtool.o
  CC      drivers/mtd/nand/bbt_store.o
  CC      drivers/mtd/nand/spi/fmsh.o
  CC      drivers/mtd/nand/spi/foresee.o
  AR      drivers/ata/built-in.a
  CC      net/mac80211/rx.o
  AR      drivers/mtd/tests/built-in.a
  CC      drivers/mtd/nand/spi/hyf.o
  CC      drivers/mtd/nand/spi/jsc.o
  CC      drivers/mtd/nand/spi/silicongo.o
  CC      net/mac80211/spectmgmt.o
  CC      fs/block_dev.o
  CC      fs/direct-io.o
  CC      drivers/mtd/nand/spi/skyhigh.o
  CC      drivers/mtd/ubi/vtbl.o
  AR      drivers/mtd/spi-nor/controllers/built-in.a
  CC      drivers/mtd/spi-nor/core.o
  CC      drivers/mtd/nand/spi/unim.o
  CC      drivers/mtd/nand/spi/xincun.o
  CC      drivers/mtd/ubi/vmt.o
  CC      drivers/mtd/ubi/upd.o
  CC      drivers/mtd/ubi/build.o
  CC      fs/mpage.o
  CC      drivers/mtd/nand/spi/xtx.o
  CC      fs/proc_namespace.o
  CC      drivers/mtd/spi-nor/sfdp.o
  CC      drivers/mtd/spi-nor/atmel.o
  AR      drivers/mtd/nand/spi/built-in.a
  AR      drivers/mtd/nand/built-in.a
  CC      drivers/mtd/spi-nor/boya.o
  CC      drivers/mtd/spi-nor/catalyst.o
  CC      drivers/mtd/ubi/cdev.o
  CC      drivers/mtd/ubi/kapi.o
  CC      drivers/mtd/mtdcore.o
  CC      fs/eventpoll.o
  CC      net/mac80211/tx.o
  CC      net/mac80211/key.o
  CC      drivers/mtd/spi-nor/dosilicon.o
  CC      net/mac80211/util.o
  CC      fs/anon_inodes.o
  CC      drivers/mtd/ubi/eba.o
  CC      drivers/mtd/spi-nor/eon.o
  CC      drivers/mtd/spi-nor/esmt.o
  CC      fs/signalfd.o
  CC      drivers/mtd/spi-nor/everspin.o
  CC      drivers/mtd/spi-nor/fmsh.o
  CC      drivers/mtd/ubi/io.o
  CC      drivers/mtd/ubi/wl.o
  CC      net/mac80211/wme.o
  CC      fs/timerfd.o
  CC      net/mac80211/chan.o
  CC      drivers/mtd/spi-nor/fujitsu.o
  CC      net/mac80211/trace.o
  CC      drivers/mtd/spi-nor/gigadevice.o
  CC      fs/eventfd.o
  CC      fs/aio.o
  CC      drivers/mtd/ubi/attach.o
  CC      drivers/mtd/spi-nor/normem.o
  CC      net/mac80211/mlme.o
  CC      drivers/mtd/spi-nor/intel.o
  CC      drivers/mtd/ubi/misc.o
  CC      drivers/mtd/spi-nor/issi.o
  CC      drivers/mtd/spi-nor/macronix.o
  CC      fs/locks.o
  CC      fs/binfmt_script.o
  CC      drivers/mtd/ubi/debug.o
  CC      drivers/mtd/mtdsuper.o
  CC      drivers/mtd/mtdconcat.o
  CC      drivers/mtd/spi-nor/micron-st.o
  CC      drivers/mtd/mtdpart.o
  AR      drivers/mtd/ubi/built-in.a
  CC      fs/binfmt_elf.o
  CC      drivers/mtd/spi-nor/puya.o
  CC      drivers/mtd/spi-nor/spansion.o
  CC      drivers/mtd/spi-nor/sst.o
  CC      drivers/mtd/spi-nor/winbond.o
  CC      drivers/mtd/mtdchar.o
  CC      drivers/mtd/mtd_blkdevs.o
  CC      drivers/mtd/mtdblock.o
  CC      drivers/mtd/spi-nor/xilinx.o
  CC      drivers/mtd/spi-nor/xmc.o
  CC      fs/compat_binfmt_elf.o
  CC      fs/mbcache.o
  CC      fs/posix_acl.o
  CC      drivers/mtd/spi-nor/xtx.o
  CC      fs/coredump.o
  CC      fs/drop_caches.o
  CC      fs/fhandle.o
  AR      drivers/mtd/spi-nor/built-in.a
  AR      drivers/mtd/built-in.a
  CC      drivers/spi/spi.o
  CC      drivers/spi/spi-mem.o
  CC      drivers/spi/spidev.o
  CC      drivers/spi/spi-bitbang.o
  CC      drivers/spi/spi-rockchip.o
  CC      drivers/spi/spi-rockchip-sfc.o
  CC      fs/dcookies.o
  CC      drivers/net/phy/mdio-boardinfo.o
  CC      drivers/net/mdio/of_mdio.o
  CC      drivers/net/pcs/pcs-xpcs.o
  AR      fs/built-in.a
  CC      drivers/net/phy/mdio_devres.o
  AR      drivers/firewire/built-in.a
  CC      drivers/cdrom/cdrom.o
  AR      drivers/net/dsa/b53/built-in.a
  AR      drivers/net/dsa/microchip/built-in.a
  AR      drivers/net/dsa/mv88e6xxx/built-in.a
  AR      drivers/net/dsa/ocelot/built-in.a
  AR      drivers/net/dsa/qca/built-in.a
  AR      drivers/net/dsa/sja1105/built-in.a
  AR      drivers/net/dsa/built-in.a
  AR      drivers/net/ethernet/alacritech/built-in.a
  AR      drivers/net/ethernet/amazon/built-in.a
  AR      drivers/auxdisplay/built-in.a
  AR      drivers/net/ethernet/aquantia/built-in.a
  CC      drivers/net/phy/phylink.o
  AR      drivers/net/ethernet/aurora/built-in.a
  AR      drivers/net/ethernet/cadence/built-in.a
  AR      drivers/net/ethernet/cortina/built-in.a
  AR      drivers/net/ethernet/google/built-in.a
  AR      drivers/net/ethernet/huawei/built-in.a
  AR      drivers/net/ethernet/mscc/built-in.a
  AR      drivers/net/ethernet/neterion/built-in.a
  AR      drivers/net/ethernet/netronome/built-in.a
  AR      drivers/net/ethernet/ni/built-in.a
  AR      drivers/net/ethernet/packetengines/built-in.a
  AR      drivers/net/pcs/built-in.a
  AR      drivers/net/mdio/built-in.a
  CC      net/mac80211/tdls.o
  CC      drivers/net/ethernet/realtek/r8168/r8168_n.o
  AR      drivers/net/ethernet/sfc/built-in.a
  AR      drivers/net/ethernet/socionext/built-in.a
  CC      drivers/net/usb/rtl8150.o
  AR      drivers/net/wireless/admtek/built-in.a
  AR      drivers/net/wireless/ath/built-in.a
  AR      drivers/net/wireless/atmel/built-in.a
  AR      drivers/net/wireless/broadcom/built-in.a
  AR      drivers/net/wireless/cisco/built-in.a
  AR      drivers/net/wireless/intel/built-in.a
  AR      drivers/net/wireless/intersil/built-in.a
  AR      drivers/net/wireless/marvell/built-in.a
  AR      drivers/net/wireless/mediatek/built-in.a
  AR      drivers/net/wireless/microchip/built-in.a
  AR      drivers/net/wireless/ralink/built-in.a
  AR      drivers/net/wireless/realtek/built-in.a
  AR      drivers/net/wireless/rsi/built-in.a
  AR      drivers/net/wireless/st/built-in.a
  AR      drivers/net/wireless/ti/built-in.a
  AR      drivers/net/wireless/zydas/built-in.a
  AR      drivers/net/wireless/quantenna/built-in.a
  CC      drivers/net/usb/r8152.o
  AR      drivers/net/wireless/rockchip_wlan/rkwifi/built-in.a
  AR      drivers/net/wireless/rockchip_wlan/built-in.a
  AR      drivers/net/wireless/built-in.a
  CC      drivers/net/phy/phy.o
  AR      drivers/spi/built-in.a
  CC      drivers/net/phy/phy-c45.o
  CC      drivers/net/ethernet/realtek/r8168/r8168_asf.o
  CC      drivers/net/ethernet/realtek/r8168/rtl_eeprom.o
  CC      drivers/net/ethernet/realtek/r8168/rtltool.o
  AR      drivers/cdrom/built-in.a
  CC      drivers/net/phy/phy-core.o
  CC      drivers/net/ethernet/stmicro/stmmac/stmmac_main.o
  CC      drivers/net/ethernet/stmicro/stmmac/stmmac_mdio.o
  CC      net/mac80211/ocb.o
  CC      net/mac80211/airtime.o
  CC      net/mac80211/pm.o
  CC      drivers/net/phy/phy_device.o
  CC      net/mac80211/rc80211_minstrel.o
  CC      drivers/net/mii.o
  AR      drivers/net/ethernet/xilinx/built-in.a
  CC      net/mac80211/rc80211_minstrel_ht.o
  CC      drivers/net/phy/linkmode.o
  AR      drivers/net/usb/built-in.a
  CC      drivers/net/Space.o
  AR      drivers/net/ethernet/pensando/built-in.a
  AR      drivers/net/ethernet/motorcomm/built-in.a
  CC      drivers/net/phy/mdio_bus.o
  CC      drivers/net/phy/mdio_device.o
  CC      drivers/net/loopback.o
  CC      drivers/net/ethernet/stmicro/stmmac/dwmac_lib.o
  CC      drivers/net/phy/swphy.o
  CC      drivers/net/phy/fixed_phy.o
  CC      drivers/net/phy/motorcomm.o
  CC      drivers/net/ethernet/stmicro/stmmac/mmc_core.o
  CC      drivers/net/phy/realtek.o
  CC      drivers/net/ethernet/stmicro/stmmac/stmmac_hwtstamp.o
  CC      drivers/net/ethernet/stmicro/stmmac/stmmac_ptp.o
  CC      drivers/net/phy/rockchip.o
  AR      net/mac80211/built-in.a
  AR      net/built-in.a
  CC      drivers/net/phy/rk630phy.o
  CC      drivers/net/ethernet/stmicro/stmmac/dwmac4_descs.o
  CC      drivers/net/ethernet/stmicro/stmmac/dwmac4_dma.o
  CC      drivers/net/ethernet/stmicro/stmmac/dwmac4_lib.o
  CC      drivers/net/ethernet/stmicro/stmmac/dwmac4_core.o
  CC      drivers/net/ethernet/stmicro/stmmac/hwif.o
  CC      drivers/net/ethernet/stmicro/stmmac/ring_mode.o
  AR      drivers/net/phy/built-in.a
  CC      drivers/net/ethernet/stmicro/stmmac/chain_mode.o
  CC      drivers/net/ethernet/stmicro/stmmac/dwmac1000_core.o
  CC      drivers/net/ethernet/stmicro/stmmac/dwmac1000_dma.o
  CC      drivers/net/ethernet/stmicro/stmmac/dwmac100_core.o
  CC      drivers/net/ethernet/stmicro/stmmac/dwmac100_dma.o
  CC      drivers/net/ethernet/stmicro/stmmac/enh_desc.o
  CC      drivers/net/ethernet/stmicro/stmmac/norm_desc.o
  CC      drivers/net/ethernet/stmicro/stmmac/dwmac5.o
  CC      drivers/net/ethernet/stmicro/stmmac/stmmac_tc.o
  CC      drivers/net/ethernet/stmicro/stmmac/dwxgmac2_core.o
  CC      drivers/net/ethernet/stmicro/stmmac/dwxgmac2_dma.o
  CC      drivers/net/ethernet/stmicro/stmmac/dwxgmac2_descs.o
  CC      drivers/net/ethernet/stmicro/stmmac/stmmac_ethtool.o
  CC      drivers/net/ethernet/stmicro/stmmac/stmmac_platform.o
  CC      drivers/net/ethernet/stmicro/stmmac/dwmac-rk.o
  CC      drivers/net/ethernet/stmicro/stmmac/dwmac-rk-tool.o
  CC      drivers/net/ethernet/stmicro/stmmac/dwmac-generic.o
  CC      drivers/usb/common/common.o
  CC      drivers/usb/common/debug.o
  CC      drivers/usb/core/usb.o
  CC      drivers/usb/phy/phy.o
  CC      drivers/usb/phy/of.o
  CC      drivers/usb/dwc3/core.o
  AR      drivers/usb/common/built-in.a
  CC      drivers/usb/core/hub.o
  CC      drivers/usb/dwc2/core.o
  CC      drivers/usb/dwc2/core_intr.o
  CC      drivers/usb/dwc2/platform.o
  AR      drivers/usb/phy/built-in.a
  CC      drivers/usb/mon/mon_main.o
  AR      drivers/net/ethernet/stmicro/stmmac/built-in.a
  AR      drivers/net/ethernet/stmicro/built-in.a
  CC      drivers/usb/host/pci-quirks.o
  CC      drivers/usb/mon/mon_stat.o
  CC      drivers/usb/dwc3/trace.o
  CC      drivers/usb/dwc3/host.o
  CC      drivers/usb/dwc3/gadget.o
  CC      drivers/usb/dwc2/drd.o
  CC      drivers/usb/mon/mon_text.o
  CC      drivers/usb/host/ehci-hcd.o
  CC      drivers/usb/host/ehci-pci.o
  CC      drivers/usb/dwc2/params.o
  CC      drivers/usb/mon/mon_bin.o
  CC      drivers/usb/dwc2/hcd.o
  CC      drivers/usb/dwc2/hcd_intr.o
  CC      drivers/usb/core/hcd.o
  CC      drivers/usb/core/urb.o
  AR      drivers/usb/mon/built-in.a
  CC      drivers/usb/core/message.o
  CC      drivers/usb/dwc3/ep0.o
  CC      drivers/usb/dwc3/drd.o
  CC      drivers/usb/dwc2/hcd_queue.o
  CC      drivers/usb/dwc2/hcd_ddma.o
  CC      drivers/usb/dwc2/gadget.o
  CC      drivers/usb/core/driver.o
  CC      drivers/usb/core/config.o
  CC      drivers/usb/dwc3/debugfs.o
  CC      drivers/usb/host/ehci-platform.o
  CC      drivers/usb/host/ohci-hcd.o
  CC      drivers/usb/host/ohci-platform.o
  CC      drivers/usb/dwc3/dwc3-haps.o
  CC      drivers/usb/dwc3/dwc3-of-simple.o
  CC      drivers/usb/host/xhci.o
  CC      drivers/usb/core/file.o
  CC      drivers/usb/core/buffer.o
  CC      drivers/usb/core/sysfs.o
  CC      drivers/usb/dwc3/dwc3-rockchip-inno.o
  CC      drivers/usb/class/cdc-acm.o
  CC      drivers/usb/storage/uas.o
  AR      drivers/usb/dwc3/built-in.a
  CC      drivers/usb/storage/scsiglue.o
  CC      drivers/usb/storage/protocol.o
  CC      drivers/usb/core/endpoint.o
  CC      drivers/usb/dwc2/debugfs.o
  CC      drivers/usb/core/devio.o
  AR      drivers/usb/class/built-in.a
  CC      drivers/usb/core/notify.o
  CC      drivers/usb/core/generic.o
  CC      drivers/usb/serial/usb-serial.o
  CC      drivers/usb/storage/transport.o
  CC      drivers/usb/serial/generic.o
  AR      drivers/usb/dwc2/built-in.a
  CC      drivers/usb/host/xhci-mem.o
  CC      drivers/usb/host/xhci-ext-caps.o
  CC      drivers/usb/serial/bus.o
  CC      drivers/usb/storage/usb.o
  CC      drivers/usb/serial/cp210x.o
  CC      drivers/usb/serial/ftdi_sio.o
  CC      drivers/usb/misc/ezusb.o
  CC      drivers/usb/serial/keyspan.o
  AR      drivers/usb/misc/built-in.a
  CC      drivers/usb/serial/option.o
  CC      drivers/usb/core/quirks.o
  CC      drivers/usb/storage/initializers.o
  CC      drivers/usb/storage/sierra_ms.o
  CC      drivers/usb/storage/option_ms.o
  CC      drivers/usb/host/xhci-ring.o
  CC      drivers/usb/host/xhci-hub.o
  CC      drivers/usb/core/devices.o
  CC      drivers/usb/core/phy.o
  CC      drivers/usb/serial/oti6858.o
  CC      drivers/usb/serial/pl2303.o
  CC      drivers/usb/storage/usual-tables.o
  CC      drivers/usb/host/xhci-dbg.o
  CC      drivers/usb/core/port.o
  AR      drivers/usb/storage/built-in.a
  CC      drivers/usb/core/of.o
  CC      drivers/usb/core/hcd-pci.o
  CC      drivers/usb/host/xhci-trace.o
  CC      drivers/usb/serial/qcserial.o
  CC      drivers/usb/serial/sierra.o
  CC      drivers/usb/gadget/udc/core.o
  CC      drivers/usb/gadget/udc/trace.o
  AR      drivers/usb/core/built-in.a
  CC      drivers/usb/gadget/function/f_acm.o
  CC      drivers/usb/gadget/function/u_serial.o
  CC      drivers/usb/serial/usb_wwan.o
  CC      drivers/usb/gadget/function/f_mass_storage.o
  CC      drivers/usb/host/xhci-debugfs.o
  CC      drivers/usb/host/xhci-pci.o
  CC      drivers/usb/gadget/function/storage_common.o
  AR      drivers/usb/gadget/udc/built-in.a
  CC      drivers/usb/gadget/function/f_fs.o
  AR      drivers/usb/serial/built-in.a
  AR      drivers/usb/gadget/legacy/built-in.a
  CC      drivers/usb/host/xhci-plat.o
  CC      drivers/usb/typec/altmodes/displayport.o
  CC      drivers/usb/typec/tcpm/tcpm.o
  CC      drivers/usb/typec/tcpm/tcpci.o
  CC      drivers/usb/typec/tcpm/tcpci_husb311.o
  AR      drivers/usb/host/built-in.a
  AR      drivers/usb/typec/mux/built-in.a
  CC      drivers/usb/gadget/function/f_uvc.o
  AR      drivers/usb/typec/altmodes/built-in.a
  CC      drivers/usb/gadget/function/uvc_queue.o
  CC      drivers/usb/gadget/usbstring.o
  CC      drivers/usb/gadget/config.o
  CC      drivers/usb/roles/class.o
  CC      drivers/usb/gadget/function/uvc_v4l2.o
  CC      drivers/usb/gadget/function/uvc_video.o
  CC      drivers/usb/typec/class.o
  AR      drivers/usb/roles/built-in.a
  CC      drivers/usb/gadget/epautoconf.o
  CC      drivers/usb/gadget/function/uvc_configfs.o
  CC      drivers/usb/typec/mux.o
  CC      drivers/usb/typec/bus.o
  CC      drivers/usb/gadget/composite.o
  CC      drivers/usb/gadget/functions.o
  CC      drivers/usb/gadget/configfs.o
  CC      drivers/usb/gadget/u_f.o
  CC      drivers/input/keyboard/adc-keys.o
  AR      drivers/usb/typec/tcpm/built-in.a
  AR      drivers/usb/typec/built-in.a
  CC      drivers/input/mouse/cyapa.o
  CC      drivers/input/mouse/cyapa_gen3.o
  CC      drivers/input/mouse/cyapa_gen5.o
  CC      drivers/input/keyboard/gpio_keys.o
  AR      drivers/usb/gadget/function/built-in.a
  CC      drivers/input/keyboard/gpio_keys_polled.o
  CC      drivers/input/touchscreen/gt1x/gt1x_extents.o
  CC      drivers/input/remotectl/rockchip_pwm_remotectl.o
  AR      drivers/usb/gadget/built-in.a
  AR      drivers/usb/built-in.a
  CC      drivers/input/touchscreen/gt1x/gt1x_generic.o
  CC      drivers/rtc/lib.o
  CC      drivers/rtc/systohc.o
  CC      drivers/input/touchscreen/gt1x/gt1x_tools.o
  AR      drivers/input/keyboard/built-in.a
  CC      drivers/input/mouse/cyapa_gen6.o
  CC      drivers/i2c/algos/i2c-algo-bit.o
  CC      drivers/rtc/class.o
  AR      drivers/input/remotectl/built-in.a
  CC      drivers/rtc/interface.o
  CC      drivers/input/touchscreen/gt1x/gt1x.o
  CC      drivers/input/mouse/elan_i2c_core.o
  CC      drivers/input/mouse/elan_i2c_i2c.o
  AR      drivers/i3c/built-in.a
  CC      drivers/rtc/nvmem.o
  AR      drivers/i2c/algos/built-in.a
  CC      drivers/i2c/busses/i2c-rk3x.o
  AR      drivers/i2c/muxes/built-in.a
  CC      drivers/input/misc/rk805-pwrkey.o
  CC      drivers/input/touchscreen/gt1x/gt1x_update.o
  CC      drivers/input/misc/uinput.o
  CC      drivers/i2c/i2c-boardinfo.o
  CC      drivers/i2c/i2c-core-base.o
  AR      drivers/i2c/busses/built-in.a
  AR      drivers/input/mouse/built-in.a
  CC      drivers/input/input.o
  CC      drivers/rtc/dev.o
  CC      drivers/input/input-compat.o
  CC      drivers/i2c/i2c-core-smbus.o
  AR      drivers/input/touchscreen/gt1x/built-in.a
  CC      drivers/input/touchscreen/of_touchscreen.o
  AR      drivers/input/misc/built-in.a
  CC      drivers/input/touchscreen/atmel_mxt_ts.o
  CC      drivers/input/touchscreen/elants_i2c.o
  CC      drivers/rtc/proc.o
  CC      drivers/rtc/sysfs.o
  CC      drivers/input/touchscreen/gsl3673.o
  CC      drivers/input/input-mt.o
  CC      drivers/input/input-poller.o
  CC      drivers/i2c/i2c-core-of.o
  CC      drivers/rtc/rtc-hym8563.o
  CC      drivers/i2c/i2c-dev.o
  CC      drivers/input/touchscreen/gsl_point_id.o
  CC      drivers/input/ff-core.o
  CC      drivers/input/touchscreen/usbtouchscreen.o
  CC      drivers/input/ff-memless.o
  CC      drivers/rtc/rtc-rk808.o
  CC      drivers/input/input-leds.o
  CC      drivers/input/evdev.o
  CC      drivers/i2c/i2c-mux.o
  CC      drivers/media/i2c/rk628/rk628.o
  CC      drivers/media/i2c/rk628/rk628_cru.o
  CC      drivers/media/i2c/os04a10.o
  AR      drivers/rtc/built-in.a
  CC      drivers/media/i2c/ov4689.o
  AR      drivers/i2c/built-in.a
  AR      drivers/media/tuners/built-in.a
  AR      drivers/pps/clients/built-in.a
  AR      drivers/pps/generators/built-in.a
  CC      drivers/pps/pps.o
  CC      drivers/media/i2c/rk628/rk628_hdmirx.o
  AR      drivers/input/touchscreen/built-in.a
  CC      drivers/media/i2c/rk628/rk628_dsi.o
  CC      drivers/media/i2c/rk628/rk628_combrxphy.o
  AR      drivers/input/built-in.a
  CC      drivers/media/i2c/rk628/rk628_combtxphy.o
  AR      drivers/net/ethernet/realtek/r8168/built-in.a
  CC      drivers/pps/kapi.o
  AR      drivers/net/ethernet/realtek/built-in.a
  AR      drivers/net/ethernet/built-in.a
  AR      drivers/net/built-in.a
  CC      drivers/pps/sysfs.o
  CC      drivers/ptp/ptp_clock.o
  CC      drivers/power/reset/gpio-poweroff.o
  CC      drivers/media/i2c/ov50c40.o
  CC      drivers/hwmon/hwmon.o
  CC      drivers/power/supply/power_supply_core.o
  CC      drivers/media/i2c/rk628/rk628_csi_v4l2.o
  CC      drivers/power/supply/power_supply_sysfs.o
  AR      drivers/pps/built-in.a
  CC      drivers/power/supply/power_supply_hwmon.o
  CC      drivers/power/reset/gpio-restart.o
  CC      drivers/watchdog/watchdog_core.o
  AR      drivers/thermal/broadcom/built-in.a
  AR      drivers/thermal/samsung/built-in.a
  AR      drivers/thermal/intel/built-in.a
  CC      drivers/ptp/ptp_chardev.o
  AR      drivers/thermal/st/built-in.a
  AR      drivers/thermal/tegra/built-in.a
  CC      drivers/thermal/thermal_core.o
  CC      drivers/power/reset/reboot-mode.o
  CC      drivers/power/supply/cw2017_battery.o
  AR      drivers/hwmon/built-in.a
  CC      drivers/power/reset/syscon-reboot-mode.o
  CC      drivers/watchdog/watchdog_dev.o
  CC      drivers/media/i2c/ov5695.o
  CC      drivers/ptp/ptp_sysfs.o
  CC      drivers/media/i2c/ov7251.o
  AR      drivers/power/reset/built-in.a
  CC      drivers/power/supply/sbs-battery.o
  CC      drivers/power/supply/gpio-charger.o
  CC      drivers/media/i2c/rk628/rk628_bt1120_v4l2.o
  AR      drivers/ptp/built-in.a
  CC      drivers/watchdog/dw_wdt.o
  CC      drivers/power/supply/bq24735-charger.o
  CC      drivers/power/supply/rk817_charger.o
  AR      drivers/md/built-in.a
  CC      drivers/thermal/thermal_sysfs.o
  CC      drivers/bluetooth/hci_vhci.o
  CC      drivers/bluetooth/hci_ldisc.o
  CC      drivers/bluetooth/hci_h4.o
  AR      drivers/watchdog/built-in.a
  CC      drivers/bluetooth/hci_ath.o
  CC      drivers/bluetooth/bfusb.o
  CC      drivers/thermal/thermal_helpers.o
  AR      drivers/media/i2c/rk628/built-in.a
  CC      drivers/media/i2c/ov13850.o
  AR      drivers/power/supply/built-in.a
  AR      drivers/power/built-in.a
  CC      drivers/thermal/thermal_hwmon.o
  CC      drivers/media/i2c/ov13855.o
  CC      drivers/thermal/thermal_of.o
  CC      drivers/thermal/gov_fair_share.o
  CC      drivers/thermal/gov_step_wise.o
  CC      drivers/media/i2c/lt6911uxc.o
  CC      drivers/media/i2c/lt6911uxe.o
  CC      drivers/media/i2c/lt7911d.o
  CC      drivers/bluetooth/btusb.o
  CC      drivers/thermal/gov_user_space.o
  CC      drivers/media/i2c/rk_ircut.o
  CC      drivers/bluetooth/btintel.o
  CC      drivers/thermal/devfreq_cooling.o
  CC      drivers/bluetooth/btmrvl_main.o
  CC      drivers/bluetooth/btmrvl_debugfs.o
  CC      drivers/thermal/rockchip_thermal.o
  CC      drivers/media/i2c/tc35874x.o
  CC      drivers/bluetooth/btmrvl_sdio.o
  CC      drivers/bluetooth/btbcm.o
  AR      drivers/media/dvb-frontends/built-in.a
  CC      drivers/bluetooth/btrtl.o
  CC      drivers/media/mc/mc-device.o
  AR      drivers/thermal/built-in.a
  CC      drivers/media/v4l2-core/v4l2-fwnode.o
  CC      drivers/media/v4l2-core/v4l2-dev.o
  CC      drivers/media/v4l2-core/v4l2-ioctl.o
  CC      drivers/media/i2c/gc8034.o
  CC      drivers/media/i2c/imx415.o
  CC      drivers/media/i2c/imx464.o
  CC      drivers/media/mc/mc-devnode.o
  CC      drivers/media/mc/mc-entity.o
  AR      drivers/bluetooth/built-in.a
  CC      drivers/media/i2c/otp_eeprom.o
  CC      drivers/edac/edac_mc.o
  CC      drivers/opp/core.o
  CC      drivers/media/mc/mc-request.o
  CC      drivers/cpuidle/governors/menu.o
  CC      drivers/edac/edac_device.o
  CC      drivers/edac/edac_mc_sysfs.o
  AR      drivers/media/i2c/built-in.a
  CC      drivers/edac/edac_module.o
  CC      drivers/cpuidle/cpuidle.o
  CC      drivers/media/v4l2-core/v4l2-device.o
  AR      drivers/cpuidle/governors/built-in.a
  CC      drivers/cpuidle/driver.o
  CC      drivers/media/mc/mc-dev-allocator.o
  CC      drivers/cpuidle/governor.o
  CC      drivers/cpuidle/sysfs.o
  CC      drivers/edac/edac_device_sysfs.o
  CC      drivers/edac/wq.o
  AR      drivers/media/mc/built-in.a
  CC      drivers/media/v4l2-core/v4l2-fh.o
  CC      drivers/media/v4l2-core/v4l2-event.o
  CC      drivers/opp/cpu.o
  CC      drivers/opp/of.o
  CC      drivers/cpuidle/dt_idle_states.o
  CC      drivers/media/dvb-core/dvbdev.o
  CC      drivers/media/dvb-core/dmxdev.o
  CC      drivers/media/dvb-core/dvb_demux.o
  CC      drivers/edac/edac_pci.o
  CC      drivers/edac/edac_pci_sysfs.o
  CC      drivers/media/v4l2-core/v4l2-ctrls.o
  CC      drivers/cpuidle/cpuidle-arm.o
  CC      drivers/opp/debugfs.o
  CC      drivers/cpuidle/cpuidle-psci.o
  AR      drivers/media/rc/keymaps/built-in.a
  AR      drivers/media/rc/built-in.a
  CC      drivers/media/v4l2-core/v4l2-subdev.o
  CC      drivers/media/cec/core/cec-core.o
  CC      drivers/edac/rockchip_edac.o
  CC      drivers/media/cec/core/cec-adap.o
  AR      drivers/opp/built-in.a
  CC      drivers/media/cec/core/cec-api.o
  CC      drivers/media/dvb-core/dvb_ca_en50221.o
  CC      drivers/cpuidle/cpuidle-psci-domain.o
  CC      drivers/media/dvb-core/dvb_frontend.o
  AR      drivers/edac/built-in.a
  CC      drivers/media/dvb-core/dvb_net.o
  AR      drivers/cpuidle/built-in.a
  CC      drivers/media/dvb-core/dvb_ringbuffer.o
  CC      drivers/media/dvb-core/dvb_math.o
  CC      drivers/media/v4l2-core/v4l2-clk.o
  CC      drivers/media/cec/core/cec-notifier.o
  CC      drivers/media/v4l2-core/v4l2-async.o
  CC      drivers/media/v4l2-core/v4l2-common.o
  CC      drivers/media/v4l2-core/v4l2-compat-ioctl32.o
  CC      drivers/mmc/core/core.o
  CC      drivers/mmc/host/sdhci.o
  AR      drivers/media/cec/core/built-in.a
  AR      drivers/media/cec/i2c/built-in.a
  AR      drivers/media/cec/platform/built-in.a
  AR      drivers/media/cec/usb/built-in.a
  AR      drivers/media/cec/built-in.a
  CC      drivers/mmc/host/dw_mmc.o
  CC      drivers/mmc/host/dw_mmc-pltfm.o
  AR      drivers/media/dvb-core/built-in.a
  CC      drivers/media/v4l2-core/v4l2-trace.o
  AR      drivers/media/common/b2c2/built-in.a
  AR      drivers/media/common/saa7146/built-in.a
  AR      drivers/media/common/siano/built-in.a
  CC      drivers/media/v4l2-core/v4l2-mc.o
  AR      drivers/media/common/v4l2-tpg/built-in.a
  CC      drivers/media/common/videobuf2/videobuf2-core.o
  CC      drivers/media/common/videobuf2/vb2-trace.o
  CC      drivers/media/common/videobuf2/videobuf2-v4l2.o
  CC      drivers/media/common/videobuf2/videobuf2-memops.o
  CC      drivers/mmc/host/dw_mmc-rockchip.o
  CC      drivers/mmc/core/bus.o
  CC      drivers/mmc/core/host.o
  CC      drivers/leds/led-core.o
  CC      drivers/leds/led-class.o
  CC      drivers/media/common/videobuf2/videobuf2-cma-sg.o
  CC      drivers/media/v4l2-core/v4l2-spi.o
  CC      drivers/mmc/host/rk_sdmmc_ops.o
  CC      drivers/mmc/host/sdhci-pltfm.o
  CC      drivers/media/v4l2-core/v4l2-i2c.o
  CC      drivers/media/v4l2-core/v4l2-dv-timings.o
  CC      drivers/mmc/core/mmc.o
  CC      drivers/leds/leds-gpio.o
  CC      drivers/leds/leds-is31fl32xx.o
  CC      drivers/media/common/videobuf2/videobuf2-vmalloc.o
  CC      drivers/media/common/videobuf2/videobuf2-dma-contig.o
  CC      drivers/media/common/videobuf2/videobuf2-dma-sg.o
  CC      drivers/mmc/host/sdhci-of-arasan.o
  CC      drivers/mmc/host/sdhci-of-dwcmshc.o
  CC      drivers/media/v4l2-core/v4l2-mem2mem.o
  AR      drivers/leds/built-in.a
  CC      drivers/mmc/host/cqhci-core.o
  CC      drivers/mmc/host/mmc_hsq.o
  CC      drivers/firmware/arm_scmi/bus.o
  AR      drivers/media/common/videobuf2/built-in.a
  AR      drivers/media/common/built-in.a
  AR      drivers/firmware/broadcom/built-in.a
  CC      drivers/crypto/rockchip/cryptodev_linux/ioctl.o
  CC      drivers/mmc/core/mmc_ops.o
  CC      drivers/mmc/core/sd.o
  AR      drivers/firmware/meson/built-in.a
  AR      drivers/crypto/hisilicon/built-in.a
  CC      drivers/clocksource/timer-of.o
  CC      drivers/firmware/arm_scmi/driver.o
  CC      drivers/firmware/arm_scmi/notify.o
  CC      drivers/clocksource/timer-probe.o
  AR      drivers/media/v4l2-core/built-in.a
  AR      drivers/media/platform/ti-vpe/built-in.a
  AR      drivers/media/platform/stm32/built-in.a
  AR      drivers/media/platform/davinci/built-in.a
  AR      drivers/mmc/host/built-in.a
  CC      drivers/media/platform/rockchip/rga/rga.o
  CC      drivers/media/platform/rockchip/cif/dev.o
  CC      drivers/media/platform/rockchip/cif/capture.o
  CC      drivers/crypto/rockchip/cryptodev_linux/main.o
  CC      drivers/clocksource/mmio.o
  CC      drivers/mmc/core/sd_ops.o
  CC      drivers/crypto/rockchip/cryptodev_linux/cryptlib.o
  CC      drivers/clocksource/timer-rockchip.o
  CC      drivers/firmware/arm_scmi/base.o
  CC      drivers/media/platform/rockchip/rga/rga-hw.o
  CC      drivers/media/platform/rockchip/rga/rga-buf.o
  CC      drivers/mmc/core/sdio.o
  CC      drivers/clocksource/arm_arch_timer.o
  CC      drivers/firmware/arm_scmi/clock.o
  CC      drivers/firmware/arm_scmi/perf.o
  CC      drivers/media/platform/rockchip/cif/mipi-csi2.o
  CC      drivers/crypto/rockchip/cryptodev_linux/authenc.o
  AR      drivers/media/platform/rockchip/rga/built-in.a
  CC      drivers/crypto/rockchip/cryptodev_linux/zc.o
  CC      drivers/crypto/rockchip/cryptodev_linux/util.o
  CC      drivers/mmc/core/sdio_ops.o
  CC      drivers/firmware/arm_scmi/power.o
  CC      drivers/clocksource/dummy_timer.o
  CC      drivers/firmware/arm_scmi/reset.o
  CC      drivers/firmware/arm_scmi/sensors.o
  AR      drivers/clocksource/built-in.a
  CC      drivers/firmware/arm_scmi/system.o
  CC      drivers/crypto/rockchip/cryptodev_linux/rk_cryptodev.o
  CC      drivers/media/platform/rockchip/cif/cif-luma.o
  CC      drivers/mmc/core/sdio_bus.o
  CC      drivers/media/platform/rockchip/cif/hw.o
  CC      drivers/media/platform/rockchip/cif/subdev-itf.o
  CC      drivers/media/platform/rockchip/cif/procfs.o
  CC      drivers/firmware/arm_scmi/voltage.o
  CC      drivers/firmware/arm_scmi/shmem.o
  CC      drivers/mmc/core/sdio_cis.o
  CC      drivers/firmware/efi/efi.o
  CC      drivers/firmware/efi/vars.o
  CC      drivers/firmware/arm_scmi/mailbox.o
  CC      drivers/firmware/efi/libstub/efi-stub-helper.o
  CC      drivers/firmware/efi/libstub/gop.o
  AR      drivers/crypto/rockchip/cryptodev_linux/built-in.a
  CC      drivers/crypto/rockchip/rk_crypto_core.o
  CC      drivers/mmc/core/sdio_io.o
  CC      drivers/firmware/arm_scmi/smc.o
  CC      drivers/firmware/arm_scmi/scmi_pm_domain.o
  CC      drivers/media/platform/rockchip/isp1/rkisp1.o
  CC      drivers/media/platform/rockchip/isp1/dev.o
  CC      drivers/firmware/efi/libstub/secureboot.o
  CC      drivers/media/platform/rockchip/cif/cif-scale.o
  CC      drivers/mmc/core/sdio_irq.o
  CC      drivers/crypto/rockchip/rk_crypto_utils.o
  CC      drivers/crypto/rockchip/rk_crypto_ahash_utils.o
  AR      drivers/firmware/arm_scmi/built-in.a
  CC      drivers/crypto/rockchip/rk_crypto_skcipher_utils.o
  CC      drivers/firmware/efi/libstub/tpm.o
  CC      drivers/mmc/core/slot-gpio.o
  CC      drivers/mmc/core/regulator.o
  CC      drivers/mmc/core/pwrseq.o
  CC      drivers/mmc/core/debugfs.o
  CC      drivers/crypto/rockchip/procfs.o
  CC      drivers/firmware/efi/libstub/file.o
  CC      drivers/media/platform/rockchip/isp1/regs.o
  CC      drivers/media/platform/rockchip/cif/common.o
  CC      drivers/media/platform/rockchip/isp1/isp_stats.o
  CC      drivers/media/platform/rockchip/isp1/isp_params.o
  CC      drivers/crypto/rockchip/rk_crypto_v1.o
  CC      drivers/media/platform/rockchip/cif/cif-tools.o
  CC      drivers/mmc/core/pwrseq_simple.o
  CC      drivers/media/platform/rockchip/isp1/capture.o
  CC      drivers/firmware/efi/libstub/mem.o
  CC      drivers/mmc/core/pwrseq_emmc.o
  CC      drivers/crypto/rockchip/rk_crypto_v1_ahash.o
  CC      drivers/crypto/rockchip/rk_crypto_v1_skcipher.o
  CC      drivers/firmware/efi/libstub/random.o
  CC      drivers/firmware/efi/libstub/randomalloc.o
  CC      drivers/media/platform/rockchip/cif/cif-rockit.o
  CC      drivers/mmc/core/block.o
  CC      drivers/mmc/core/queue.o
  CC      drivers/firmware/efi/reboot.o
  CC      drivers/firmware/efi/libstub/pci.o
  CC      drivers/crypto/rockchip/rk_crypto_v2.o
  CC      drivers/crypto/rockchip/rk_crypto_v2_ahash.o
  CC      drivers/media/platform/rockchip/isp1/dmarx.o
  CC      drivers/crypto/rockchip/rk_crypto_v2_skcipher.o
  AR      drivers/media/platform/rockchip/cif/built-in.a
  CC      drivers/crypto/rockchip/rk_crypto_v2_akcipher.o
  CC      drivers/firmware/efi/libstub/skip_spaces.o
  CC      drivers/firmware/efi/libstub/lib-cmdline.o
  CC      drivers/firmware/efi/libstub/lib-ctype.o
  CC      drivers/firmware/efi/libstub/alignedmem.o
  CC      drivers/crypto/rockchip/rk_crypto_v2_pka.o
  CC      drivers/hid/usbhid/hid-core.o
  CC      drivers/hid/usbhid/hiddev.o
  AR      drivers/media/platform/rockchip/isp1/built-in.a
  CC      drivers/media/platform/rockchip/isp/hw.o
  CC      drivers/media/platform/rockchip/ispp/hw.o
  CC      drivers/media/platform/rockchip/ispp/dev.o
  CC      drivers/firmware/efi/libstub/relocate.o
  CC      drivers/crypto/rockchip/rk_crypto_bignum.o
  CC      drivers/mmc/core/mmc_test.o
  CC      drivers/crypto/rockchip/rk_crypto_v3.o
  CC      drivers/crypto/rockchip/rk_crypto_v3_ahash.o
  CC      drivers/firmware/efi/libstub/vsprintf.o
  CC      drivers/media/platform/rockchip/hdmirx/rk_hdmirx_class.o
  CC      drivers/media/platform/rockchip/ispp/common.o
  AR      drivers/hid/usbhid/built-in.a
  CC      drivers/hid/i2c-hid/i2c-hid-core.o
  CC      drivers/firmware/efi/libstub/efi-stub.o
  CC      drivers/media/platform/rockchip/isp/dev.o
  CC      drivers/media/platform/rockchip/isp/rkisp.o
  CC      drivers/media/platform/rockchip/hdmirx/rk_hdmirx.o
  CC      drivers/crypto/rockchip/rk_crypto_v3_skcipher.o
  CC      drivers/firmware/efi/libstub/fdt.o
  CC      drivers/media/platform/rockchip/ispp/ispp.o
  CC      drivers/hid/i2c-hid/i2c-hid-dmi-quirks.o
  AR      drivers/mmc/core/built-in.a
  AR      drivers/mmc/built-in.a
  CC      drivers/firmware/efi/libstub/string.o
  AR      drivers/crypto/rockchip/built-in.a
  AR      drivers/crypto/built-in.a
  AR      drivers/firmware/imx/built-in.a
  CC      drivers/firmware/efi/libstub/lib-fdt_rw.o
  CC      drivers/firmware/psci/psci.o
  AR      drivers/media/platform/omap/built-in.a
  CC      drivers/hid/hid-core.o
  CC      drivers/of/base.o
  AR      drivers/hid/i2c-hid/built-in.a
  CC      drivers/firmware/efi/memattr.o
  CC      drivers/firmware/efi/libstub/lib-fdt_ro.o
  CC      drivers/media/platform/rockchip/ispp/stream.o
  CC      drivers/firmware/efi/libstub/lib-fdt_wip.o
  CC      drivers/firmware/efi/libstub/lib-fdt.o
  CC      drivers/firmware/efi/libstub/lib-fdt_empty_tree.o
  CC      drivers/hid/hid-input.o
  AR      drivers/firmware/psci/built-in.a
  CC      drivers/firmware/efi/tpm.o
  CC      drivers/firmware/efi/libstub/lib-fdt_sw.o
  CC      drivers/firmware/efi/libstub/arm64-stub.o
  CC      drivers/of/device.o
  CC      drivers/media/platform/rockchip/hdmirx/rk_hdmirx_cec.o
  CC      drivers/media/platform/rockchip/hdmirx/rk_hdmirx_hdcp.o
  STUBCPY drivers/firmware/efi/libstub/alignedmem.stub.o
  CC      drivers/media/platform/rockchip/isp/regs.o
  CC      drivers/media/platform/rockchip/isp/common.o
  STUBCPY drivers/firmware/efi/libstub/efi-stub-helper.stub.o
  STUBCPY drivers/firmware/efi/libstub/efi-stub.stub.o
  STUBCPY drivers/firmware/efi/libstub/fdt.stub.o
  STUBCPY drivers/firmware/efi/libstub/file.stub.o
  STUBCPY drivers/firmware/efi/libstub/gop.stub.o
  STUBCPY drivers/firmware/efi/libstub/lib-cmdline.stub.o
  STUBCPY drivers/firmware/efi/libstub/lib-ctype.stub.o
  STUBCPY drivers/firmware/efi/libstub/lib-fdt.stub.o
  STUBCPY drivers/firmware/efi/libstub/lib-fdt_empty_tree.stub.o
  STUBCPY drivers/firmware/efi/libstub/lib-fdt_ro.stub.o
  STUBCPY drivers/firmware/efi/libstub/lib-fdt_rw.stub.o
  STUBCPY drivers/firmware/efi/libstub/lib-fdt_sw.stub.o
  STUBCPY drivers/firmware/efi/libstub/lib-fdt_wip.stub.o
  STUBCPY drivers/firmware/efi/libstub/mem.stub.o
  STUBCPY drivers/firmware/efi/libstub/pci.stub.o
  STUBCPY drivers/firmware/efi/libstub/random.stub.o
  STUBCPY drivers/firmware/efi/libstub/randomalloc.stub.o
  STUBCPY drivers/firmware/efi/libstub/relocate.stub.o
  STUBCPY drivers/firmware/efi/libstub/secureboot.stub.o
  AR      drivers/media/platform/sunxi/sun4i-csi/built-in.a
  STUBCPY drivers/firmware/efi/libstub/skip_spaces.stub.o
  STUBCPY drivers/firmware/efi/libstub/string.stub.o
  AR      drivers/media/platform/sunxi/sun6i-csi/built-in.a
  CC      drivers/of/platform.o
  STUBCPY drivers/firmware/efi/libstub/tpm.stub.o
  AR      drivers/media/platform/sunxi/sun8i-di/built-in.a
  STUBCPY drivers/firmware/efi/libstub/vsprintf.stub.o
  CC      drivers/media/platform/rockchip/ispp/params.o
  AR      drivers/media/platform/sunxi/sun8i-rotate/built-in.a
  STUBCPY drivers/firmware/efi/libstub/arm64-stub.stub.o
  AR      drivers/media/platform/sunxi/built-in.a
  CC      drivers/media/platform/rockchip/ispp/stats.o
  AR      drivers/firmware/efi/libstub/lib.a
  CC      drivers/firmware/efi/capsule.o
  AR      drivers/media/platform/rockchip/hdmirx/built-in.a
  CC      drivers/firmware/efi/memmap.o
  CC      drivers/firmware/efi/fdtparams.o
  CC      drivers/media/platform/rockchip/isp/isp_stats.o
  CC      drivers/media/platform/rockchip/isp/isp_params.o
  CC      drivers/firmware/efi/esrt.o
  CC      drivers/hid/hid-quirks.o
  CC      drivers/media/platform/rockchip/ispp/procfs.o
  CC      drivers/of/property.o
  CC      drivers/firmware/efi/efi-pstore.o
  CC      drivers/firmware/efi/runtime-wrappers.o
  CC      drivers/firmware/efi/efi-init.o
  CC      drivers/media/platform/rockchip/ispp/stream_v20.o
  CC      drivers/hid/hid-debug.o
  CC      drivers/hid/hidraw.o
  CC      drivers/hid/uhid.o
  CC      drivers/media/platform/rockchip/isp/capture.o
  CC      drivers/media/platform/rockchip/isp/dmarx.o
  CC      drivers/of/kobj.o
  CC      drivers/firmware/efi/arm-runtime.o
  CC      drivers/media/platform/rockchip/ispp/params_v20.o
  CC      drivers/media/platform/rockchip/isp/csi.o
  CC      drivers/firmware/smccc/smccc.o
  CC      drivers/of/fdt.o
  CC      drivers/hid/hid-generic.o
  CC      drivers/firmware/smccc/soc_id.o
  CC      drivers/firmware/efi/earlycon.o
  CC      drivers/hid/hid-kensington.o
  AR      drivers/firmware/smccc/built-in.a
  CC      drivers/media/platform/rockchip/isp/procfs.o
  AR      drivers/firmware/tegra/built-in.a
  CC      drivers/media/platform/rockchip/isp/isp_stats_v1x.o
  AR      drivers/media/platform/rockchip/ispp/built-in.a
  CC      drivers/media/platform/rockchip/isp/isp_params_v1x.o
  CC      drivers/hid/hid-multitouch.o
  AR      drivers/staging/media/built-in.a
  AR      drivers/staging/iio/accel/built-in.a
  AR      drivers/staging/iio/adc/built-in.a
  CC      drivers/of/fdt_address.o
  AR      drivers/staging/iio/addac/built-in.a
  AR      drivers/staging/iio/cdc/built-in.a
  AR      drivers/firmware/xilinx/built-in.a
  AR      drivers/staging/iio/frequency/built-in.a
  CC      drivers/of/address.o
  AR      drivers/staging/iio/impedance-analyzer/built-in.a
  AR      drivers/staging/iio/meter/built-in.a
  AR      drivers/staging/iio/resolver/built-in.a
  AR      drivers/staging/iio/built-in.a
  AR      drivers/staging/android/ion/heaps/built-in.a
  AR      drivers/staging/android/ion/built-in.a
  AR      drivers/staging/android/built-in.a
  AR      drivers/staging/hikey9xx/built-in.a
  AR      drivers/staging/built-in.a
  CC      drivers/of/irq.o
  AR      drivers/firmware/efi/built-in.a
  CC      drivers/firmware/dmi_scan.o
  AR      drivers/platform/built-in.a
  CC      drivers/of/of_net.o
  CC      drivers/of/of_reserved_mem.o
  AR      drivers/hid/built-in.a
  CC      drivers/media/platform/rockchip/isp/capture_v1x.o
  CC      drivers/media/platform/rockchip/isp/isp_stats_v21.o
  CC      drivers/mailbox/mailbox.o
  CC      drivers/mailbox/rockchip-mailbox.o
  CC      drivers/media/platform/rockchip/isp/isp_params_v21.o
  CC      drivers/firmware/dmi-id.o
  CC      drivers/firmware/rockchip_sip.o
  AR      drivers/of/built-in.a
  CC      drivers/media/platform/rockchip/isp/capture_v21.o
  CC      drivers/media/platform/rockchip/isp/capture_v30.o
  CC      drivers/media/platform/rockchip/isp/isp_stats_v3x.o
  AR      drivers/mailbox/built-in.a
  CC      drivers/media/platform/rockchip/isp/isp_params_v3x.o
  AR      drivers/firmware/built-in.a
  CC      drivers/media/platform/rockchip/isp/bridge.o
  CC      drivers/rpmsg/rpmsg_core.o
  CC      drivers/rpmsg/rockchip_rpmsg.o
  CC      drivers/media/platform/rockchip/isp/bridge_v30.o
  CC      drivers/devfreq/event/rockchip-dfi.o
  CC      drivers/rpmsg/virtio_rpmsg_bus.o
  CC      drivers/media/platform/rockchip/isp/capture_v32.o
  CC      drivers/devfreq/devfreq.o
  CC      drivers/extcon/extcon.o
  CC      drivers/devfreq/event/rockchip-nocp.o
  CC      drivers/extcon/devres.o
  CC      drivers/devfreq/devfreq-event.o
  AR      drivers/rpmsg/built-in.a
  CC      drivers/devfreq/governor_simpleondemand.o
  AR      drivers/devfreq/event/built-in.a
  AR      drivers/media/pci/ttpci/built-in.a
  AR      drivers/media/usb/ttusb-dec/built-in.a
  AR      drivers/media/pci/b2c2/built-in.a
  AR      drivers/media/usb/ttusb-budget/built-in.a
  AR      drivers/media/pci/pluto2/built-in.a
  AR      drivers/media/usb/dvb-usb/built-in.a
  AR      drivers/extcon/built-in.a
  AR      drivers/media/pci/dm1105/built-in.a
  AR      drivers/media/usb/siano/built-in.a
  AR      drivers/media/usb/dvb-usb-v2/built-in.a
  AR      drivers/media/pci/pt1/built-in.a
  AR      drivers/media/usb/b2c2/built-in.a
  AR      drivers/media/pci/pt3/built-in.a
  AR      drivers/media/mmc/siano/built-in.a
  AR      drivers/media/mmc/built-in.a
  AR      drivers/media/usb/zr364xx/built-in.a
  AR      drivers/media/pci/mantis/built-in.a
  AR      drivers/media/pci/ngene/built-in.a
  AR      drivers/media/usb/stkwebcam/built-in.a
  AR      drivers/media/firewire/built-in.a
  AR      drivers/media/pci/ddbridge/built-in.a
  AR      drivers/media/usb/s2255/built-in.a
  CC      drivers/media/usb/uvc/uvc_driver.o
  AR      drivers/media/pci/saa7146/built-in.a
  AR      drivers/media/pci/smipcie/built-in.a
  AR      drivers/media/spi/built-in.a
  AR      drivers/media/pci/netup_unidvb/built-in.a
  AR      drivers/media/test-drivers/built-in.a
  AR      drivers/media/radio/built-in.a
  AR      drivers/media/pci/intel/ipu3/built-in.a
  AR      drivers/media/pci/intel/built-in.a
  CC      drivers/perf/arm_pmu.o
  AR      drivers/iio/accel/built-in.a
  CC      drivers/perf/arm_pmu_platform.o
  AR      drivers/media/pci/built-in.a
  CC      drivers/media/usb/uvc/uvc_queue.o
  CC      drivers/iio/adc/rockchip_saradc.o
  CC      drivers/media/usb/uvc/uvc_v4l2.o
  CC      drivers/devfreq/governor_performance.o
  CC      drivers/devfreq/governor_powersave.o
  CC      drivers/media/usb/uvc/uvc_video.o
  AR      drivers/iio/adc/built-in.a
  AR      drivers/iio/afe/built-in.a
  AR      drivers/iio/amplifiers/built-in.a
  CC      drivers/iio/buffer/industrialio-triggered-buffer.o
  CC      drivers/media/usb/uvc/uvc_ctrl.o
  AR      drivers/perf/built-in.a
  CC      drivers/media/usb/uvc/uvc_status.o
  CC      drivers/devfreq/governor_userspace.o
  CC      drivers/media/platform/rockchip/isp/isp_params_v32.o
  CC      drivers/iio/buffer/kfifo_buf.o
  CC      drivers/media/platform/rockchip/isp/isp_stats_v32.o
  CC      drivers/devfreq/rockchip_bus.o
  CC      drivers/media/platform/rockchip/isp/isp_rockit.o
  CC      drivers/media/usb/uvc/uvc_isight.o
  AR      drivers/iio/buffer/built-in.a
  AR      drivers/iio/chemical/built-in.a
  AR      drivers/iio/common/cros_ec_sensors/built-in.a
  AR      drivers/iio/common/hid-sensors/built-in.a
  AR      drivers/iio/common/ms_sensors/built-in.a
  CC      drivers/media/usb/uvc/uvc_debugfs.o
  AR      drivers/iio/common/ssp_sensors/built-in.a
  AR      drivers/iio/common/st_sensors/built-in.a
  AR      drivers/iio/common/built-in.a
  AR      drivers/iio/dac/built-in.a
  AR      drivers/iio/dummy/built-in.a
  AR      drivers/iio/gyro/built-in.a
  AR      drivers/iio/frequency/built-in.a
  AR      drivers/iio/health/built-in.a
  AR      drivers/iio/humidity/built-in.a
  AR      drivers/iio/imu/bmi160/built-in.a
  AR      drivers/iio/imu/inv_icm42600/built-in.a
  AR      drivers/iio/imu/inv_mpu6050/built-in.a
  AR      drivers/iio/imu/st_lsm6dsr/built-in.a
  AR      drivers/iio/imu/st_lsm6dsx/built-in.a
  AR      drivers/iio/imu/built-in.a
  CC      drivers/iio/light/isl29018.o
  AR      drivers/iio/magnetometer/built-in.a
  CC      drivers/iio/light/tsl2563.o
  CC      drivers/iio/light/tsl2583.o
  CC      drivers/media/usb/uvc/uvc_metadata.o
  CC      drivers/media/usb/uvc/uvc_entity.o
  AR      drivers/devfreq/built-in.a
  CC      drivers/ras/ras.o
  CC      drivers/ras/debugfs.o
  AR      drivers/hwtracing/intel_th/built-in.a
  AR      drivers/android/built-in.a
  CC      drivers/nvmem/core.o
  CC      drivers/nvmem/rockchip-efuse.o
  CC      drivers/nvmem/rockchip-otp.o
  AR      drivers/iio/light/built-in.a
  AR      drivers/iio/multiplexer/built-in.a
  AR      drivers/iio/orientation/built-in.a
  AR      drivers/iio/position/built-in.a
  AR      drivers/iio/potentiometer/built-in.a
  AR      drivers/iio/potentiostat/built-in.a
  AR      drivers/iio/pressure/built-in.a
  AR      drivers/iio/proximity/built-in.a
  AR      drivers/iio/resolver/built-in.a
  AR      drivers/iio/temperature/built-in.a
  CC      drivers/iio/trigger/iio-trig-sysfs.o
  CC      drivers/iio/industrialio-core.o
  AR      drivers/media/usb/uvc/built-in.a
  AR      drivers/media/usb/built-in.a
  CC      drivers/iio/industrialio-event.o
  AR      drivers/ras/built-in.a
  CC      drivers/tee/optee/core.o
  AR      drivers/iio/trigger/built-in.a
  CC      drivers/tee/optee/call.o
  CC      drivers/tee/optee/rpc.o
  CC      drivers/tee/optee/supp.o
  CC      drivers/tee/optee/shm_pool.o
  AR      drivers/nvmem/built-in.a
  CC      drivers/tee/optee/device.o
  CC      drivers/headset_observe/rockchip_headset_core.o
  CC      drivers/iio/inkern.o
  CC      drivers/headset_observe/rk_headset.o
  CC      drivers/headset_observe/rk_headset_irq_hook_adc.o
  CC      drivers/rknpu/rknpu_drv.o
  CC      drivers/rknpu/rknpu_reset.o
  AR      drivers/tee/optee/built-in.a
  CC      drivers/tee/tee_core.o
  CC      drivers/tee/tee_shm.o
  CC      drivers/tee/tee_shm_pool.o
  CC      drivers/iio/industrialio-buffer.o
  AR      drivers/headset_observe/built-in.a
  CC      drivers/iio/industrialio-trigger.o
  AR      drivers/media/platform/rockchip/isp/built-in.a
  CC      drivers/rknpu/rknpu_job.o
  AR      drivers/media/platform/built-in.a
  AR      drivers/media/built-in.a
  CC      drivers/rknpu/rknpu_debugger.o
  CC      drivers/rknpu/rknpu_iommu.o
  CC      drivers/rknpu/rknpu_devfreq.o
  CC      drivers/rknpu/rknpu_gem.o
  AR      drivers/tee/built-in.a
  AR      drivers/iio/built-in.a
  AR      drivers/rknpu/built-in.a
  AR      drivers/built-in.a
  GEN     .version
  CHK     include/generated/compile.h
  LD      vmlinux.o
  MODPOST vmlinux.symvers
  MODINFO modules.builtin.modinfo
  GEN     modules.builtin
  LD      .tmp_vmlinux.kallsyms1
  KSYMS   .tmp_vmlinux.kallsyms1.S
  AS      .tmp_vmlinux.kallsyms1.S
  LD      .tmp_vmlinux.kallsyms2
  KSYMS   .tmp_vmlinux.kallsyms2.S
  AS      .tmp_vmlinux.kallsyms2.S
  LD      vmlinux
  SORTTAB vmlinux
  SYSMAP  System.map
  OBJCOPY arch/arm64/boot/Image
make[1]: Leaving directory '/home/sx/projects/rtctrl-platform/.deps/kernel/aiot-3568pq-firstboot-final-config'
make: Leaving directory '/home/sx/projects/rtctrl-platform/third_party/linux-rk3588'
