# tracer: function
#
# entries-in-buffer/entries-written: 1208/1208   #P:4
#
#                                _-----=> irqs-off/BH-disabled
#                               / _----=> need-resched
#                              | / _---=> hardirq/softirq
#                              || / _--=> preempt-depth
#                              ||| / _-=> migrate-disable
#                              |||| /     delay
#           TASK-PID     CPU#  |||||  TIMESTAMP  FUNCTION
#              | |         |   |||||     |         |
      queue0:src-23389   [001] ..... 21448.980617: system_heap_do_allocate.constprop.0 <-system_uncached_heap_allocate
 mppjpegenc0:src-23401   [002] ..... 21448.987302: system_heap_dma_buf_release <-dma_buf_release
      queue0:src-23389   [001] ..... 21449.013875: system_heap_do_allocate.constprop.0 <-system_uncached_heap_allocate
 mppjpegenc0:src-23401   [002] ..... 21449.020524: system_heap_dma_buf_release <-dma_buf_release
      queue0:src-23389   [001] ..... 21449.047103: system_heap_do_allocate.constprop.0 <-system_uncached_heap_allocate
 mppjpegenc0:src-23401   [002] ..... 21449.053801: system_heap_dma_buf_release <-dma_buf_release
      queue0:src-23389   [001] ..... 21449.080437: system_heap_do_allocate.constprop.0 <-system_uncached_heap_allocate
 mppjpegenc0:src-23401   [002] ..... 21449.086989: system_heap_dma_buf_release <-dma_buf_release
      queue0:src-23389   [001] ..... 21449.113755: system_heap_do_allocate.constprop.0 <-system_uncached_heap_allocate
 mppjpegenc0:src-23401   [002] ..... 21449.120376: system_heap_dma_buf_release <-dma_buf_release
      queue0:src-23389   [001] ..... 21449.146937: system_heap_do_allocate.constprop.0 <-system_uncached_heap_allocate
 mppjpegenc0:src-23401   [002] ..... 21449.153681: system_heap_dma_buf_release <-dma_buf_release
      queue0:src-23389   [001] ..... 21449.180285: system_heap_do_allocate.constprop.0 <-system_uncached_heap_allocate
 mppjpegenc0:src-23401   [002] ..... 21449.186826: system_heap_dma_buf_release <-dma_buf_release
      queue0:src-23389   [001] ..... 21449.213594: system_heap_do_allocate.constprop.0 <-system_uncached_heap_allocate
 mppjpegenc0:src-23401   [002] ..... 21449.220107: system_heap_dma_buf_release <-dma_buf_release
      queue0:src-23389   [001] ..... 21449.246782: system_heap_do_allocate.constprop.0 <-system_uncached_heap_allocate
 mppjpegenc0:src-23401   [002] ..... 21449.253512: system_heap_dma_buf_release <-dma_buf_release
      queue0:src-23389   [001] ..... 21449.280171: system_heap_do_allocate.constprop.0 <-system_uncached_heap_allocate
 mppjpegenc0:src-23401   [002] ..... 21449.286805: system_heap_dma_buf_release <-dma_buf_release
      queue0:src-23389   [001] ..... 21449.313453: system_heap_do_allocate.constprop.0 <-system_uncached_heap_allocate
 mppjpegenc0:src-23401   [002] ..... 21449.320094: system_heap_dma_buf_release <-dma_buf_release
      queue0:src-23389   [001] ..... 21449.346644: system_heap_do_allocate.constprop.0 <-system_uncached_heap_allocate
 mppjpegenc0:src-23401   [002] ..... 21449.353289: system_heap_dma_buf_release <-dma_buf_release
      queue0:src-23389   [001] ..... 21449.379903: system_heap_do_allocate.constprop.0 <-system_uncached_heap_allocate
 mppjpegenc0:src-23401   [002] ..... 21449.386386: system_heap_dma_buf_release <-dma_buf_release
      queue0:src-23389   [001] ..... 21449.413297: system_heap_do_allocate.constprop.0 <-system_uncached_heap_allocate
 mppjpegenc0:src-23401   [002] ..... 21449.419996: system_heap_dma_buf_release <-dma_buf_release
      queue0:src-23389   [001] ..... 21449.446511: system_heap_do_allocate.constprop.0 <-system_uncached_heap_allocate
 mppjpegenc0:src-23401   [002] ..... 21449.453219: system_heap_dma_buf_release <-dma_buf_release
      queue0:src-23389   [001] ..... 21449.479821: system_heap_do_allocate.constprop.0 <-system_uncached_heap_allocate
 mppjpegenc0:src-23401   [002] ..... 21449.486565: system_heap_dma_buf_release <-dma_buf_release
      queue0:src-23389   [001] ..... 21449.513140: system_heap_do_allocate.constprop.0 <-system_uncached_heap_allocate
 mppjpegenc0:src-23401   [002] ..... 21449.519864: system_heap_dma_buf_release <-dma_buf_release
      queue0:src-23389   [001] ..... 21449.546410: system_heap_do_allocate.constprop.0 <-system_uncached_heap_allocate
 mppjpegenc0:src-23401   [002] ..... 21449.553166: system_heap_dma_buf_release <-dma_buf_release
      queue0:src-23389   [001] ..... 21449.579659: system_heap_do_allocate.constprop.0 <-system_uncached_heap_allocate
 mppjpegenc0:src-23401   [002] ..... 21449.586321: system_heap_dma_buf_release <-dma_buf_release
      queue0:src-23389   [001] ..... 21449.612978: system_heap_do_allocate.constprop.0 <-system_uncached_heap_allocate
 mppjpegenc0:src-23401   [002] ..... 21449.619556: system_heap_dma_buf_release <-dma_buf_release
      queue0:src-23389   [001] ..... 21449.646253: system_heap_do_allocate.constprop.0 <-system_uncached_heap_allocate
 mppjpegenc0:src-23401   [002] ..... 21449.652953: system_heap_dma_buf_release <-dma_buf_release
      queue0:src-23389   [001] ..... 21449.679468: system_heap_do_allocate.constprop.0 <-system_uncached_heap_allocate
 mppjpegenc0:src-23401   [002] ..... 21449.686179: system_heap_dma_buf_release <-dma_buf_release
      queue0:src-23389   [001] ..... 21449.712820: system_heap_do_allocate.constprop.0 <-system_uncached_heap_allocate
 mppjpegenc0:src-23401   [002] ..... 21449.719412: system_heap_dma_buf_release <-dma_buf_release
      queue0:src-23389   [001] ..... 21449.746091: system_heap_do_allocate.constprop.0 <-system_uncached_heap_allocate
 mppjpegenc0:src-23401   [002] ..... 21449.752737: system_heap_dma_buf_release <-dma_buf_release
      queue0:src-23389   [001] ..... 21449.779325: system_heap_do_allocate.constprop.0 <-system_uncached_heap_allocate
 mppjpegenc0:src-23401   [002] ..... 21449.786014: system_heap_dma_buf_release <-dma_buf_release
      queue0:src-23389   [001] ..... 21449.812656: system_heap_do_allocate.constprop.0 <-system_uncached_heap_allocate
 mppjpegenc0:src-23401   [002] ..... 21449.819310: system_heap_dma_buf_release <-dma_buf_release
      queue0:src-23389   [000] ..... 21449.845922: system_heap_do_allocate.constprop.0 <-system_uncached_heap_allocate
 mppjpegenc0:src-23401   [002] ..... 21449.852568: system_heap_dma_buf_release <-dma_buf_release
      queue0:src-23389   [000] ..... 21449.879128: system_heap_do_allocate.constprop.0 <-system_uncached_heap_allocate
 mppjpegenc0:src-23401   [001] ..... 21449.885856: system_heap_dma_buf_release <-dma_buf_release
      queue0:src-23389   [000] ..... 21449.912455: system_heap_do_allocate.constprop.0 <-system_uncached_heap_allocate
 mppjpegenc0:src-23401   [001] ..... 21449.919159: system_heap_dma_buf_release <-dma_buf_release
      queue0:src-23389   [000] ..... 21449.945729: system_heap_do_allocate.constprop.0 <-system_uncached_heap_allocate
 mppjpegenc0:src-23401   [001] ..... 21449.952395: system_heap_dma_buf_release <-dma_buf_release
      queue0:src-23389   [000] ..... 21449.978962: system_heap_do_allocate.constprop.0 <-system_uncached_heap_allocate
 mppjpegenc0:src-23401   [000] ..... 21449.985840: system_heap_dma_buf_release <-dma_buf_release
      queue0:src-23389   [000] ..... 21450.012248: system_heap_do_allocate.constprop.0 <-system_uncached_heap_allocate
 mppjpegenc0:src-23401   [002] ..... 21450.018936: system_heap_dma_buf_release <-dma_buf_release
      queue0:src-23389   [000] ..... 21450.045568: system_heap_do_allocate.constprop.0 <-system_uncached_heap_allocate
 mppjpegenc0:src-23401   [002] ..... 21450.052204: system_heap_dma_buf_release <-dma_buf_release
      queue0:src-23389   [000] ..... 21450.078855: system_heap_do_allocate.constprop.0 <-system_uncached_heap_allocate
 mppjpegenc0:src-23401   [003] ..... 21450.085599: system_heap_dma_buf_release <-dma_buf_release
      queue0:src-23389   [000] ..... 21450.112135: system_heap_do_allocate.constprop.0 <-system_uncached_heap_allocate
 mppjpegenc0:src-23401   [003] ..... 21450.118798: system_heap_dma_buf_release <-dma_buf_release
      queue0:src-23389   [000] ..... 21450.145413: system_heap_do_allocate.constprop.0 <-system_uncached_heap_allocate
 mppjpegenc0:src-23401   [003] ..... 21450.152119: system_heap_dma_buf_release <-dma_buf_release
      queue0:src-23389   [000] ..... 21450.178694: system_heap_do_allocate.constprop.0 <-system_uncached_heap_allocate
 mppjpegenc0:src-23401   [003] ..... 21450.185448: system_heap_dma_buf_release <-dma_buf_release
      queue0:src-23389   [000] ..... 21450.211996: system_heap_do_allocate.constprop.0 <-system_uncached_heap_allocate
 mppjpegenc0:src-23401   [002] ..... 21450.218725: system_heap_dma_buf_release <-dma_buf_release
      queue0:src-23389   [000] ..... 21450.245249: system_heap_do_allocate.constprop.0 <-system_uncached_heap_allocate
 mppjpegenc0:src-23401   [002] ..... 21450.251919: system_heap_dma_buf_release <-dma_buf_release
      queue0:src-23389   [000] ..... 21450.278543: system_heap_do_allocate.constprop.0 <-system_uncached_heap_allocate
 mppjpegenc0:src-23401   [002] ..... 21450.285260: system_heap_dma_buf_release <-dma_buf_release
      queue0:src-23389   [000] ..... 21450.311991: system_heap_do_allocate.constprop.0 <-system_uncached_heap_allocate
 mppjpegenc0:src-23401   [003] ..... 21450.318832: system_heap_dma_buf_release <-dma_buf_release
      queue0:src-23389   [000] ..... 21450.345164: system_heap_do_allocate.constprop.0 <-system_uncached_heap_allocate
 mppjpegenc0:src-23401   [001] ..... 21450.351674: system_heap_dma_buf_release <-dma_buf_release
      queue0:src-23389   [000] ..... 21450.378399: system_heap_do_allocate.constprop.0 <-system_uncached_heap_allocate
 mppjpegenc0:src-23401   [001] ..... 21450.385158: system_heap_dma_buf_release <-dma_buf_release
      queue0:src-23389   [000] ..... 21450.411684: system_heap_do_allocate.constprop.0 <-system_uncached_heap_allocate
 mppjpegenc0:src-23401   [001] ..... 21450.418363: system_heap_dma_buf_release <-dma_buf_release
      queue0:src-23389   [000] ..... 21450.444956: system_heap_do_allocate.constprop.0 <-system_uncached_heap_allocate
 mppjpegenc0:src-23401   [001] ..... 21450.451406: system_heap_dma_buf_release <-dma_buf_release
      queue0:src-23389   [000] ..... 21450.478214: system_heap_do_allocate.constprop.0 <-system_uncached_heap_allocate
 mppjpegenc0:src-23401   [001] ..... 21450.484974: system_heap_dma_buf_release <-dma_buf_release
      queue0:src-23389   [000] ..... 21450.511462: system_heap_do_allocate.constprop.0 <-system_uncached_heap_allocate
 mppjpegenc0:src-23401   [001] ..... 21450.518093: system_heap_dma_buf_release <-dma_buf_release
      queue0:src-23389   [000] ..... 21450.544779: system_heap_do_allocate.constprop.0 <-system_uncached_heap_allocate
 mppjpegenc0:src-23401   [001] ..... 21450.551209: system_heap_dma_buf_release <-dma_buf_release
      queue0:src-23389   [000] ..... 21450.578055: system_heap_do_allocate.constprop.0 <-system_uncached_heap_allocate
 mppjpegenc0:src-23401   [001] ..... 21450.584759: system_heap_dma_buf_release <-dma_buf_release
      queue0:src-23389   [000] ..... 21450.611281: system_heap_do_allocate.constprop.0 <-system_uncached_heap_allocate
 mppjpegenc0:src-23401   [001] ..... 21450.618036: system_heap_dma_buf_release <-dma_buf_release
      queue0:src-23389   [000] ..... 21450.644610: system_heap_do_allocate.constprop.0 <-system_uncached_heap_allocate
 mppjpegenc0:src-23401   [001] ..... 21450.651195: system_heap_dma_buf_release <-dma_buf_release
      queue0:src-23389   [000] ..... 21450.677893: system_heap_do_allocate.constprop.0 <-system_uncached_heap_allocate
 mppjpegenc0:src-23401   [001] ..... 21450.684572: system_heap_dma_buf_release <-dma_buf_release
      queue0:src-23389   [000] ..... 21450.711122: system_heap_do_allocate.constprop.0 <-system_uncached_heap_allocate
 mppjpegenc0:src-23401   [001] ..... 21450.717916: system_heap_dma_buf_release <-dma_buf_release
      queue0:src-23389   [000] ..... 21450.744454: system_heap_do_allocate.constprop.0 <-system_uncached_heap_allocate
 mppjpegenc0:src-23401   [001] ..... 21450.751087: system_heap_dma_buf_release <-dma_buf_release
      queue0:src-23389   [000] ..... 21450.777685: system_heap_do_allocate.constprop.0 <-system_uncached_heap_allocate
 mppjpegenc0:src-23401   [001] ..... 21450.784371: system_heap_dma_buf_release <-dma_buf_release
      queue0:src-23389   [000] ..... 21450.810961: system_heap_do_allocate.constprop.0 <-system_uncached_heap_allocate
 mppjpegenc0:src-23401   [001] ..... 21450.817730: system_heap_dma_buf_release <-dma_buf_release
      queue0:src-23389   [000] ..... 21450.844334: system_heap_do_allocate.constprop.0 <-system_uncached_heap_allocate
 mppjpegenc0:src-23401   [001] ..... 21450.850924: system_heap_dma_buf_release <-dma_buf_release
      queue0:src-23389   [000] ..... 21450.877640: system_heap_do_allocate.constprop.0 <-system_uncached_heap_allocate
 mppjpegenc0:src-23401   [001] ..... 21450.884272: system_heap_dma_buf_release <-dma_buf_release
      queue0:src-23389   [000] ..... 21450.910805: system_heap_do_allocate.constprop.0 <-system_uncached_heap_allocate
 mppjpegenc0:src-23401   [001] ..... 21450.917570: system_heap_dma_buf_release <-dma_buf_release
      queue0:src-23389   [001] ..... 21450.944157: system_heap_do_allocate.constprop.0 <-system_uncached_heap_allocate
 mppjpegenc0:src-23401   [003] ..... 21450.950792: system_heap_dma_buf_release <-dma_buf_release
      queue0:src-23389   [001] ..... 21450.977460: system_heap_do_allocate.constprop.0 <-system_uncached_heap_allocate
 mppjpegenc0:src-23401   [003] ..... 21450.984096: system_heap_dma_buf_release <-dma_buf_release
      queue0:src-23389   [001] ..... 21451.010683: system_heap_do_allocate.constprop.0 <-system_uncached_heap_allocate
 mppjpegenc0:src-23401   [002] ..... 21451.017404: system_heap_dma_buf_release <-dma_buf_release
      queue0:src-23389   [001] ..... 21451.044027: system_heap_do_allocate.constprop.0 <-system_uncached_heap_allocate
 mppjpegenc0:src-23401   [003] ..... 21451.050685: system_heap_dma_buf_release <-dma_buf_release
      queue0:src-23389   [001] ..... 21451.077232: system_heap_do_allocate.constprop.0 <-system_uncached_heap_allocate
 mppjpegenc0:src-23401   [003] ..... 21451.083748: system_heap_dma_buf_release <-dma_buf_release
      queue0:src-23389   [001] ..... 21451.110532: system_heap_do_allocate.constprop.0 <-system_uncached_heap_allocate
 mppjpegenc0:src-23401   [003] ..... 21451.117246: system_heap_dma_buf_release <-dma_buf_release
      queue0:src-23389   [001] ..... 21451.143862: system_heap_do_allocate.constprop.0 <-system_uncached_heap_allocate
 mppjpegenc0:src-23401   [003] ..... 21451.150576: system_heap_dma_buf_release <-dma_buf_release
      queue0:src-23389   [001] ..... 21451.177142: system_heap_do_allocate.constprop.0 <-system_uncached_heap_allocate
 mppjpegenc0:src-23401   [003] ..... 21451.183768: system_heap_dma_buf_release <-dma_buf_release
      queue0:src-23389   [001] ..... 21451.210417: system_heap_do_allocate.constprop.0 <-system_uncached_heap_allocate
 mppjpegenc0:src-23401   [003] ..... 21451.217135: system_heap_dma_buf_release <-dma_buf_release
      queue0:src-23389   [001] ..... 21451.243714: system_heap_do_allocate.constprop.0 <-system_uncached_heap_allocate
 mppjpegenc0:src-23401   [003] ..... 21451.250422: system_heap_dma_buf_release <-dma_buf_release
      queue0:src-23389   [001] ..... 21451.276977: system_heap_do_allocate.constprop.0 <-system_uncached_heap_allocate
 mppjpegenc0:src-23401   [003] ..... 21451.283523: system_heap_dma_buf_release <-dma_buf_release
      queue0:src-23389   [001] ..... 21451.310253: system_heap_do_allocate.constprop.0 <-system_uncached_heap_allocate
 mppjpegenc0:src-23401   [003] ..... 21451.316976: system_heap_dma_buf_release <-dma_buf_release
      queue0:src-23389   [001] ..... 21451.343561: system_heap_do_allocate.constprop.0 <-system_uncached_heap_allocate
 mppjpegenc0:src-23401   [003] ..... 21451.350260: system_heap_dma_buf_release <-dma_buf_release
      queue0:src-23389   [001] ..... 21451.376817: system_heap_do_allocate.constprop.0 <-system_uncached_heap_allocate
 mppjpegenc0:src-23401   [003] ..... 21451.383397: system_heap_dma_buf_release <-dma_buf_release
      queue0:src-23389   [001] ..... 21451.410055: system_heap_do_allocate.constprop.0 <-system_uncached_heap_allocate
 mppjpegenc0:src-23401   [003] ..... 21451.416767: system_heap_dma_buf_release <-dma_buf_release
      queue0:src-23389   [001] ..... 21451.443292: system_heap_do_allocate.constprop.0 <-system_uncached_heap_allocate
 mppjpegenc0:src-23401   [003] ..... 21451.449957: system_heap_dma_buf_release <-dma_buf_release
      queue0:src-23389   [001] ..... 21451.476659: system_heap_do_allocate.constprop.0 <-system_uncached_heap_allocate
 mppjpegenc0:src-23401   [003] ..... 21451.483304: system_heap_dma_buf_release <-dma_buf_release
      queue0:src-23389   [001] ..... 21451.509927: system_heap_do_allocate.constprop.0 <-system_uncached_heap_allocate
 mppjpegenc0:src-23401   [003] ..... 21451.516600: system_heap_dma_buf_release <-dma_buf_release
      queue0:src-23389   [001] ..... 21451.543206: system_heap_do_allocate.constprop.0 <-system_uncached_heap_allocate
 mppjpegenc0:src-23401   [003] ..... 21451.549956: system_heap_dma_buf_release <-dma_buf_release
      queue0:src-23389   [001] ..... 21451.576496: system_heap_do_allocate.constprop.0 <-system_uncached_heap_allocate
 mppjpegenc0:src-23401   [003] ..... 21451.583104: system_heap_dma_buf_release <-dma_buf_release
      queue0:src-23389   [001] ..... 21451.609777: system_heap_do_allocate.constprop.0 <-system_uncached_heap_allocate
 mppjpegenc0:src-23401   [003] ..... 21451.616475: system_heap_dma_buf_release <-dma_buf_release
      queue0:src-23389   [001] ..... 21451.643045: system_heap_do_allocate.constprop.0 <-system_uncached_heap_allocate
 mppjpegenc0:src-23401   [003] ..... 21451.649807: system_heap_dma_buf_release <-dma_buf_release
      queue0:src-23389   [001] ..... 21451.676336: system_heap_do_allocate.constprop.0 <-system_uncached_heap_allocate
 mppjpegenc0:src-23401   [003] ..... 21451.682948: system_heap_dma_buf_release <-dma_buf_release
      queue0:src-23389   [001] ..... 21451.709618: system_heap_do_allocate.constprop.0 <-system_uncached_heap_allocate
 mppjpegenc0:src-23401   [003] ..... 21451.716259: system_heap_dma_buf_release <-dma_buf_release
      queue0:src-23389   [001] ..... 21451.742894: system_heap_do_allocate.constprop.0 <-system_uncached_heap_allocate
 mppjpegenc0:src-23401   [003] ..... 21451.749615: system_heap_dma_buf_release <-dma_buf_release
      queue0:src-23389   [001] ..... 21451.776189: system_heap_do_allocate.constprop.0 <-system_uncached_heap_allocate
 mppjpegenc0:src-23401   [003] ..... 21451.782869: system_heap_dma_buf_release <-dma_buf_release
      queue0:src-23389   [001] ..... 21451.809462: system_heap_do_allocate.constprop.0 <-system_uncached_heap_allocate
 mppjpegenc0:src-23401   [003] ..... 21451.816084: system_heap_dma_buf_release <-dma_buf_release
      queue0:src-23389   [001] ..... 21451.842699: system_heap_do_allocate.constprop.0 <-system_uncached_heap_allocate
 mppjpegenc0:src-23401   [003] ..... 21451.849324: system_heap_dma_buf_release <-dma_buf_release
      queue0:src-23389   [002] ..... 21451.876117: system_heap_do_allocate.constprop.0 <-system_uncached_heap_allocate
 mppjpegenc0:src-23401   [003] ..... 21451.883193: system_heap_dma_buf_release <-dma_buf_release
      queue0:src-23389   [002] ..... 21451.909262: system_heap_do_allocate.constprop.0 <-system_uncached_heap_allocate
 mppjpegenc0:src-23401   [001] ..... 21451.915793: system_heap_dma_buf_release <-dma_buf_release
      queue0:src-23389   [002] ..... 21451.942485: system_heap_do_allocate.constprop.0 <-system_uncached_heap_allocate
 mppjpegenc0:src-23401   [001] ..... 21451.949170: system_heap_dma_buf_release <-dma_buf_release
      queue0:src-23389   [002] ..... 21451.975823: system_heap_do_allocate.constprop.0 <-system_uncached_heap_allocate
 mppjpegenc0:src-23401   [001] ..... 21451.982515: system_heap_dma_buf_release <-dma_buf_release
      queue0:src-23389   [002] ..... 21452.009093: system_heap_do_allocate.constprop.0 <-system_uncached_heap_allocate
 mppjpegenc0:src-23401   [001] ..... 21452.015593: system_heap_dma_buf_release <-dma_buf_release
      queue0:src-23389   [002] ..... 21452.042367: system_heap_do_allocate.constprop.0 <-system_uncached_heap_allocate
 mppjpegenc0:src-23401   [001] ..... 21452.049109: system_heap_dma_buf_release <-dma_buf_release
      queue0:src-23389   [001] ..... 21452.075684: system_heap_do_allocate.constprop.0 <-system_uncached_heap_allocate
 mppjpegenc0:src-23401   [003] ..... 21452.082356: system_heap_dma_buf_release <-dma_buf_release
      queue0:src-23389   [001] ..... 21452.109001: system_heap_do_allocate.constprop.0 <-system_uncached_heap_allocate
 mppjpegenc0:src-23401   [003] ..... 21452.115655: system_heap_dma_buf_release <-dma_buf_release
      queue0:src-23389   [001] ..... 21452.142261: system_heap_do_allocate.constprop.0 <-system_uncached_heap_allocate
 mppjpegenc0:src-23401   [003] ..... 21452.149013: system_heap_dma_buf_release <-dma_buf_release
      queue0:src-23389   [001] ..... 21452.175528: system_heap_do_allocate.constprop.0 <-system_uncached_heap_allocate
 mppjpegenc0:src-23401   [002] ..... 21452.182244: system_heap_dma_buf_release <-dma_buf_release
      queue0:src-23389   [001] ..... 21452.208821: system_heap_do_allocate.constprop.0 <-system_uncached_heap_allocate
 mppjpegenc0:src-23401   [002] ..... 21452.215494: system_heap_dma_buf_release <-dma_buf_release
      queue0:src-23389   [001] ..... 21452.242095: system_heap_do_allocate.constprop.0 <-system_uncached_heap_allocate
 mppjpegenc0:src-23401   [002] ..... 21452.248764: system_heap_dma_buf_release <-dma_buf_release
      queue0:src-23389   [001] ..... 21452.275292: system_heap_do_allocate.constprop.0 <-system_uncached_heap_allocate
 mppjpegenc0:src-23401   [002] ..... 21452.282009: system_heap_dma_buf_release <-dma_buf_release
      queue0:src-23389   [001] ..... 21452.308660: system_heap_do_allocate.constprop.0 <-system_uncached_heap_allocate
 mppjpegenc0:src-23401   [002] ..... 21452.315181: system_heap_dma_buf_release <-dma_buf_release
      queue0:src-23389   [001] ..... 21452.341934: system_heap_do_allocate.constprop.0 <-system_uncached_heap_allocate
 mppjpegenc0:src-23401   [002] ..... 21452.348432: system_heap_dma_buf_release <-dma_buf_release
      queue0:src-23389   [001] ..... 21452.375135: system_heap_do_allocate.constprop.0 <-system_uncached_heap_allocate
 mppjpegenc0:src-23401   [002] ..... 21452.381855: system_heap_dma_buf_release <-dma_buf_release
      queue0:src-23389   [001] ..... 21452.408496: system_heap_do_allocate.constprop.0 <-system_uncached_heap_allocate
 mppjpegenc0:src-23401   [002] ..... 21452.415177: system_heap_dma_buf_release <-dma_buf_release
      queue0:src-23389   [001] ..... 21452.441775: system_heap_do_allocate.constprop.0 <-system_uncached_heap_allocate
 mppjpegenc0:src-23401   [003] ..... 21452.448355: system_heap_dma_buf_release <-dma_buf_release
      queue0:src-23389   [001] ..... 21452.474973: system_heap_do_allocate.constprop.0 <-system_uncached_heap_allocate
 mppjpegenc0:src-23401   [003] ..... 21452.481734: system_heap_dma_buf_release <-dma_buf_release
      queue0:src-23389   [001] ..... 21452.508309: system_heap_do_allocate.constprop.0 <-system_uncached_heap_allocate
 mppjpegenc0:src-23401   [002] ..... 21452.515011: system_heap_dma_buf_release <-dma_buf_release
      queue0:src-23389   [001] ..... 21452.541618: system_heap_do_allocate.constprop.0 <-system_uncached_heap_allocate
 mppjpegenc0:src-23401   [003] ..... 21452.548216: system_heap_dma_buf_release <-dma_buf_release
      queue0:src-23389   [001] ..... 21452.574851: system_heap_do_allocate.constprop.0 <-system_uncached_heap_allocate
 mppjpegenc0:src-23401   [002] ..... 21452.581559: system_heap_dma_buf_release <-dma_buf_release
      queue0:src-23389   [001] ..... 21452.608187: system_heap_do_allocate.constprop.0 <-system_uncached_heap_allocate
 mppjpegenc0:src-23401   [002] ..... 21452.614890: system_heap_dma_buf_release <-dma_buf_release
      queue0:src-23389   [001] ..... 21452.641459: system_heap_do_allocate.constprop.0 <-system_uncached_heap_allocate
 mppjpegenc0:src-23401   [002] ..... 21452.648000: system_heap_dma_buf_release <-dma_buf_release
      queue0:src-23389   [001] ..... 21452.674729: system_heap_do_allocate.constprop.0 <-system_uncached_heap_allocate
 mppjpegenc0:src-23401   [002] ..... 21452.681480: system_heap_dma_buf_release <-dma_buf_release
      queue0:src-23389   [001] ..... 21452.708024: system_heap_do_allocate.constprop.0 <-system_uncached_heap_allocate
 mppjpegenc0:src-23401   [002] ..... 21452.714773: system_heap_dma_buf_release <-dma_buf_release
      queue0:src-23389   [001] ..... 21452.741274: system_heap_do_allocate.constprop.0 <-system_uncached_heap_allocate
 mppjpegenc0:src-23401   [002] ..... 21452.747944: system_heap_dma_buf_release <-dma_buf_release
      queue0:src-23389   [001] ..... 21452.774580: system_heap_do_allocate.constprop.0 <-system_uncached_heap_allocate
 mppjpegenc0:src-23401   [002] ..... 21452.781320: system_heap_dma_buf_release <-dma_buf_release
      queue0:src-23389   [001] ..... 21452.807818: system_heap_do_allocate.constprop.0 <-system_uncached_heap_allocate
 mppjpegenc0:src-23401   [002] ..... 21452.814550: system_heap_dma_buf_release <-dma_buf_release
      queue0:src-23389   [003] ..... 21452.841152: system_heap_do_allocate.constprop.0 <-system_uncached_heap_allocate
 mppjpegenc0:src-23401   [002] ..... 21452.847802: system_heap_dma_buf_release <-dma_buf_release
      queue0:src-23389   [003] ..... 21452.874419: system_heap_do_allocate.constprop.0 <-system_uncached_heap_allocate
 mppjpegenc0:src-23401   [002] ..... 21452.881181: system_heap_dma_buf_release <-dma_buf_release
      queue0:src-23389   [001] ..... 21452.907786: system_heap_do_allocate.constprop.0 <-system_uncached_heap_allocate
 mppjpegenc0:src-23401   [002] ..... 21452.914470: system_heap_dma_buf_release <-dma_buf_release
      queue0:src-23389   [001] ..... 21452.940962: system_heap_do_allocate.constprop.0 <-system_uncached_heap_allocate
 mppjpegenc0:src-23401   [002] ..... 21452.947388: system_heap_dma_buf_release <-dma_buf_release
      queue0:src-23389   [001] ..... 21452.974257: system_heap_do_allocate.constprop.0 <-system_uncached_heap_allocate
 mppjpegenc0:src-23401   [002] ..... 21452.980979: system_heap_dma_buf_release <-dma_buf_release
      queue0:src-23389   [001] ..... 21453.007496: system_heap_do_allocate.constprop.0 <-system_uncached_heap_allocate
 mppjpegenc0:src-23401   [002] ..... 21453.014127: system_heap_dma_buf_release <-dma_buf_release
      queue0:src-23389   [001] ..... 21453.040765: system_heap_do_allocate.constprop.0 <-system_uncached_heap_allocate
 mppjpegenc0:src-23401   [002] ..... 21453.047258: system_heap_dma_buf_release <-dma_buf_release
      queue0:src-23389   [001] ..... 21453.074094: system_heap_do_allocate.constprop.0 <-system_uncached_heap_allocate
 mppjpegenc0:src-23401   [002] ..... 21453.080777: system_heap_dma_buf_release <-dma_buf_release
      queue0:src-23389   [001] ..... 21453.107297: system_heap_do_allocate.constprop.0 <-system_uncached_heap_allocate
 mppjpegenc0:src-23401   [002] ..... 21453.114021: system_heap_dma_buf_release <-dma_buf_release
      queue0:src-23389   [001] ..... 21453.140606: system_heap_do_allocate.constprop.0 <-system_uncached_heap_allocate
 mppjpegenc0:src-23401   [002] ..... 21453.147195: system_heap_dma_buf_release <-dma_buf_release
      queue0:src-23389   [001] ..... 21453.173936: system_heap_do_allocate.constprop.0 <-system_uncached_heap_allocate
 mppjpegenc0:src-23401   [002] ..... 21453.180584: system_heap_dma_buf_release <-dma_buf_release
      queue0:src-23389   [001] ..... 21453.207127: system_heap_do_allocate.constprop.0 <-system_uncached_heap_allocate
 mppjpegenc0:src-23401   [002] ..... 21453.213836: system_heap_dma_buf_release <-dma_buf_release
      queue0:src-23389   [001] ..... 21453.240449: system_heap_do_allocate.constprop.0 <-system_uncached_heap_allocate
 mppjpegenc0:src-23401   [002] ..... 21453.246942: system_heap_dma_buf_release <-dma_buf_release
      queue0:src-23389   [001] ..... 21453.273732: system_heap_do_allocate.constprop.0 <-system_uncached_heap_allocate
 mppjpegenc0:src-23401   [002] ..... 21453.280278: system_heap_dma_buf_release <-dma_buf_release
      queue0:src-23389   [001] ..... 21453.307014: system_heap_do_allocate.constprop.0 <-system_uncached_heap_allocate
 mppjpegenc0:src-23401   [002] ..... 21453.313743: system_heap_dma_buf_release <-dma_buf_release
      queue0:src-23389   [001] ..... 21453.340335: system_heap_do_allocate.constprop.0 <-system_uncached_heap_allocate
 mppjpegenc0:src-23401   [002] ..... 21453.346960: system_heap_dma_buf_release <-dma_buf_release
      queue0:src-23389   [001] ..... 21453.373614: system_heap_do_allocate.constprop.0 <-system_uncached_heap_allocate
 mppjpegenc0:src-23401   [002] ..... 21453.380270: system_heap_dma_buf_release <-dma_buf_release
      queue0:src-23389   [001] ..... 21453.406891: system_heap_do_allocate.constprop.0 <-system_uncached_heap_allocate
 mppjpegenc0:src-23401   [002] ..... 21453.413590: system_heap_dma_buf_release <-dma_buf_release
      queue0:src-23389   [001] ..... 21453.440171: system_heap_do_allocate.constprop.0 <-system_uncached_heap_allocate
 mppjpegenc0:src-23401   [002] ..... 21453.446808: system_heap_dma_buf_release <-dma_buf_release
      queue0:src-23389   [001] ..... 21453.473458: system_heap_do_allocate.constprop.0 <-system_uncached_heap_allocate
 mppjpegenc0:src-23401   [002] ..... 21453.480090: system_heap_dma_buf_release <-dma_buf_release
      queue0:src-23389   [001] ..... 21453.506724: system_heap_do_allocate.constprop.0 <-system_uncached_heap_allocate
 mppjpegenc0:src-23401   [002] ..... 21453.513404: system_heap_dma_buf_release <-dma_buf_release
      queue0:src-23389   [001] ..... 21453.540015: system_heap_do_allocate.constprop.0 <-system_uncached_heap_allocate
 mppjpegenc0:src-23401   [002] ..... 21453.546575: system_heap_dma_buf_release <-dma_buf_release
      queue0:src-23389   [001] ..... 21453.573316: system_heap_do_allocate.constprop.0 <-system_uncached_heap_allocate
 mppjpegenc0:src-23401   [002] ..... 21453.580004: system_heap_dma_buf_release <-dma_buf_release
      queue0:src-23389   [001] ..... 21453.606565: system_heap_do_allocate.constprop.0 <-system_uncached_heap_allocate
 mppjpegenc0:src-23401   [002] ..... 21453.613266: system_heap_dma_buf_release <-dma_buf_release
      queue0:src-23389   [001] ..... 21453.639812: system_heap_do_allocate.constprop.0 <-system_uncached_heap_allocate
 mppjpegenc0:src-23401   [002] ..... 21453.646432: system_heap_dma_buf_release <-dma_buf_release
      queue0:src-23389   [001] ..... 21453.673140: system_heap_do_allocate.constprop.0 <-system_uncached_heap_allocate
 mppjpegenc0:src-23401   [002] ..... 21453.679828: system_heap_dma_buf_release <-dma_buf_release
      queue0:src-23389   [001] ..... 21453.706408: system_heap_do_allocate.constprop.0 <-system_uncached_heap_allocate
 mppjpegenc0:src-23401   [002] ..... 21453.713146: system_heap_dma_buf_release <-dma_buf_release
      queue0:src-23389   [001] ..... 21453.739666: system_heap_do_allocate.constprop.0 <-system_uncached_heap_allocate
 mppjpegenc0:src-23401   [002] ..... 21453.746280: system_heap_dma_buf_release <-dma_buf_release
      queue0:src-23389   [001] ..... 21453.772975: system_heap_do_allocate.constprop.0 <-system_uncached_heap_allocate
 mppjpegenc0:src-23401   [003] ..... 21453.779685: system_heap_dma_buf_release <-dma_buf_release
      queue0:src-23389   [001] ..... 21453.806257: system_heap_do_allocate.constprop.0 <-system_uncached_heap_allocate
 mppjpegenc0:src-23401   [003] ..... 21453.813022: system_heap_dma_buf_release <-dma_buf_release
      queue0:src-23389   [001] ..... 21453.839494: system_heap_do_allocate.constprop.0 <-system_uncached_heap_allocate
 mppjpegenc0:src-23401   [003] ..... 21453.846125: system_heap_dma_buf_release <-dma_buf_release
      queue0:src-23389   [001] ..... 21453.872823: system_heap_do_allocate.constprop.0 <-system_uncached_heap_allocate
 mppjpegenc0:src-23401   [003] ..... 21453.879471: system_heap_dma_buf_release <-dma_buf_release
      queue0:src-23389   [001] ..... 21453.906157: system_heap_do_allocate.constprop.0 <-system_uncached_heap_allocate
 mppjpegenc0:src-23401   [000] ..... 21453.913089: system_heap_dma_buf_release <-dma_buf_release
      queue0:src-23389   [001] ..... 21453.939301: system_heap_do_allocate.constprop.0 <-system_uncached_heap_allocate
 mppjpegenc0:src-23401   [002] ..... 21453.945965: system_heap_dma_buf_release <-dma_buf_release
      queue0:src-23389   [001] ..... 21453.972658: system_heap_do_allocate.constprop.0 <-system_uncached_heap_allocate
 mppjpegenc0:src-23401   [002] ..... 21453.979353: system_heap_dma_buf_release <-dma_buf_release
      queue0:src-23389   [001] ..... 21454.006012: system_heap_do_allocate.constprop.0 <-system_uncached_heap_allocate
 mppjpegenc0:src-23401   [002] ..... 21454.012716: system_heap_dma_buf_release <-dma_buf_release
      queue0:src-23389   [001] ..... 21454.039176: system_heap_do_allocate.constprop.0 <-system_uncached_heap_allocate
 mppjpegenc0:src-23401   [002] ..... 21454.045898: system_heap_dma_buf_release <-dma_buf_release
      queue0:src-23389   [001] ..... 21454.072510: system_heap_do_allocate.constprop.0 <-system_uncached_heap_allocate
 mppjpegenc0:src-23401   [002] ..... 21454.079213: system_heap_dma_buf_release <-dma_buf_release
      queue0:src-23389   [001] ..... 21454.105786: system_heap_do_allocate.constprop.0 <-system_uncached_heap_allocate
 mppjpegenc0:src-23401   [002] ..... 21454.112438: system_heap_dma_buf_release <-dma_buf_release
      queue0:src-23389   [001] ..... 21454.139020: system_heap_do_allocate.constprop.0 <-system_uncached_heap_allocate
 mppjpegenc0:src-23401   [002] ..... 21454.145762: system_heap_dma_buf_release <-dma_buf_release
      queue0:src-23389   [001] ..... 21454.172310: system_heap_do_allocate.constprop.0 <-system_uncached_heap_allocate
 mppjpegenc0:src-23401   [002] ..... 21454.179005: system_heap_dma_buf_release <-dma_buf_release
      queue0:src-23389   [001] ..... 21454.205630: system_heap_do_allocate.constprop.0 <-system_uncached_heap_allocate
 mppjpegenc0:src-23401   [002] ..... 21454.212295: system_heap_dma_buf_release <-dma_buf_release
      queue0:src-23389   [001] ..... 21454.238859: system_heap_do_allocate.constprop.0 <-system_uncached_heap_allocate
 mppjpegenc0:src-23401   [002] ..... 21454.245565: system_heap_dma_buf_release <-dma_buf_release
      queue0:src-23389   [001] ..... 21454.272193: system_heap_do_allocate.constprop.0 <-system_uncached_heap_allocate
 mppjpegenc0:src-23401   [002] ..... 21454.278915: system_heap_dma_buf_release <-dma_buf_release
      queue0:src-23389   [001] ..... 21454.305462: system_heap_do_allocate.constprop.0 <-system_uncached_heap_allocate
 mppjpegenc0:src-23401   [002] ..... 21454.312185: system_heap_dma_buf_release <-dma_buf_release
      queue0:src-23389   [001] ..... 21454.338743: system_heap_do_allocate.constprop.0 <-system_uncached_heap_allocate
 mppjpegenc0:src-23401   [002] ..... 21454.345460: system_heap_dma_buf_release <-dma_buf_release
      queue0:src-23389   [001] ..... 21454.372035: system_heap_do_allocate.constprop.0 <-system_uncached_heap_allocate
 mppjpegenc0:src-23401   [002] ..... 21454.378730: system_heap_dma_buf_release <-dma_buf_release
      queue0:src-23389   [001] ..... 21454.405305: system_heap_do_allocate.constprop.0 <-system_uncached_heap_allocate
 mppjpegenc0:src-23401   [002] ..... 21454.412007: system_heap_dma_buf_release <-dma_buf_release
      queue0:src-23389   [001] ..... 21454.438577: system_heap_do_allocate.constprop.0 <-system_uncached_heap_allocate
 mppjpegenc0:src-23401   [002] ..... 21454.445288: system_heap_dma_buf_release <-dma_buf_release
      queue0:src-23389   [001] ..... 21454.471883: system_heap_do_allocate.constprop.0 <-system_uncached_heap_allocate
 mppjpegenc0:src-23401   [002] ..... 21454.478573: system_heap_dma_buf_release <-dma_buf_release
      queue0:src-23389   [001] ..... 21454.505144: system_heap_do_allocate.constprop.0 <-system_uncached_heap_allocate
 mppjpegenc0:src-23401   [002] ..... 21454.511876: system_heap_dma_buf_release <-dma_buf_release
      queue0:src-23389   [001] ..... 21454.538425: system_heap_do_allocate.constprop.0 <-system_uncached_heap_allocate
 mppjpegenc0:src-23401   [002] ..... 21454.545187: system_heap_dma_buf_release <-dma_buf_release
      queue0:src-23389   [001] ..... 21454.571728: system_heap_do_allocate.constprop.0 <-system_uncached_heap_allocate
 mppjpegenc0:src-23401   [002] ..... 21454.578472: system_heap_dma_buf_release <-dma_buf_release
      queue0:src-23389   [001] ..... 21454.604981: system_heap_do_allocate.constprop.0 <-system_uncached_heap_allocate
 mppjpegenc0:src-23401   [002] ..... 21454.611589: system_heap_dma_buf_release <-dma_buf_release
      queue0:src-23389   [001] ..... 21454.638261: system_heap_do_allocate.constprop.0 <-system_uncached_heap_allocate
 mppjpegenc0:src-23401   [002] ..... 21454.644943: system_heap_dma_buf_release <-dma_buf_release
      queue0:src-23389   [001] ..... 21454.671530: system_heap_do_allocate.constprop.0 <-system_uncached_heap_allocate
 mppjpegenc0:src-23401   [002] ..... 21454.678280: system_heap_dma_buf_release <-dma_buf_release
      queue0:src-23389   [001] ..... 21454.704827: system_heap_do_allocate.constprop.0 <-system_uncached_heap_allocate
 mppjpegenc0:src-23401   [002] ..... 21454.711548: system_heap_dma_buf_release <-dma_buf_release
      queue0:src-23389   [001] ..... 21454.738105: system_heap_do_allocate.constprop.0 <-system_uncached_heap_allocate
 mppjpegenc0:src-23401   [002] ..... 21454.744739: system_heap_dma_buf_release <-dma_buf_release
      queue0:src-23389   [001] ..... 21454.771339: system_heap_do_allocate.constprop.0 <-system_uncached_heap_allocate
 mppjpegenc0:src-23401   [002] ..... 21454.778103: system_heap_dma_buf_release <-dma_buf_release
      queue0:src-23389   [001] ..... 21454.804663: system_heap_do_allocate.constprop.0 <-system_uncached_heap_allocate
 mppjpegenc0:src-23401   [002] ..... 21454.811351: system_heap_dma_buf_release <-dma_buf_release
      queue0:src-23389   [001] ..... 21454.837940: system_heap_do_allocate.constprop.0 <-system_uncached_heap_allocate
 mppjpegenc0:src-23401   [002] ..... 21454.844517: system_heap_dma_buf_release <-dma_buf_release
      queue0:src-23389   [001] ..... 21454.871173: system_heap_do_allocate.constprop.0 <-system_uncached_heap_allocate
 mppjpegenc0:src-23401   [002] ..... 21454.877926: system_heap_dma_buf_release <-dma_buf_release
      queue0:src-23389   [001] ..... 21454.904508: system_heap_do_allocate.constprop.0 <-system_uncached_heap_allocate
 mppjpegenc0:src-23401   [002] ..... 21454.911193: system_heap_dma_buf_release <-dma_buf_release
      queue0:src-23389   [001] ..... 21454.937714: system_heap_do_allocate.constprop.0 <-system_uncached_heap_allocate
 mppjpegenc0:src-23401   [002] ..... 21454.944316: system_heap_dma_buf_release <-dma_buf_release
      queue0:src-23389   [001] ..... 21454.971010: system_heap_do_allocate.constprop.0 <-system_uncached_heap_allocate
 mppjpegenc0:src-23401   [002] ..... 21454.977786: system_heap_dma_buf_release <-dma_buf_release
      queue0:src-23389   [001] ..... 21455.004298: system_heap_do_allocate.constprop.0 <-system_uncached_heap_allocate
 mppjpegenc0:src-23401   [002] ..... 21455.011040: system_heap_dma_buf_release <-dma_buf_release
      queue0:src-23389   [001] ..... 21455.037620: system_heap_do_allocate.constprop.0 <-system_uncached_heap_allocate
 mppjpegenc0:src-23401   [002] ..... 21455.044189: system_heap_dma_buf_release <-dma_buf_release
      queue0:src-23389   [001] ..... 21455.070809: system_heap_do_allocate.constprop.0 <-system_uncached_heap_allocate
 mppjpegenc0:src-23401   [002] ..... 21455.077568: system_heap_dma_buf_release <-dma_buf_release
      queue0:src-23389   [001] ..... 21455.104187: system_heap_do_allocate.constprop.0 <-system_uncached_heap_allocate
 mppjpegenc0:src-23401   [002] ..... 21455.110924: system_heap_dma_buf_release <-dma_buf_release
      queue0:src-23389   [001] ..... 21455.137459: system_heap_do_allocate.constprop.0 <-system_uncached_heap_allocate
 mppjpegenc0:src-23401   [000] ..... 21455.144169: system_heap_dma_buf_release <-dma_buf_release
      queue0:src-23389   [001] ..... 21455.170733: system_heap_do_allocate.constprop.0 <-system_uncached_heap_allocate
 mppjpegenc0:src-23401   [002] ..... 21455.177488: system_heap_dma_buf_release <-dma_buf_release
      queue0:src-23389   [001] ..... 21455.204040: system_heap_do_allocate.constprop.0 <-system_uncached_heap_allocate
 mppjpegenc0:src-23401   [002] ..... 21455.210790: system_heap_dma_buf_release <-dma_buf_release
      queue0:src-23389   [001] ..... 21455.237299: system_heap_do_allocate.constprop.0 <-system_uncached_heap_allocate
 mppjpegenc0:src-23401   [002] ..... 21455.243860: system_heap_dma_buf_release <-dma_buf_release
      queue0:src-23389   [001] ..... 21455.270580: system_heap_do_allocate.constprop.0 <-system_uncached_heap_allocate
 mppjpegenc0:src-23401   [002] ..... 21455.277340: system_heap_dma_buf_release <-dma_buf_release
      queue0:src-23389   [001] ..... 21455.303879: system_heap_do_allocate.constprop.0 <-system_uncached_heap_allocate
 mppjpegenc0:src-23401   [002] ..... 21455.310611: system_heap_dma_buf_release <-dma_buf_release
      queue0:src-23389   [001] ..... 21455.337140: system_heap_do_allocate.constprop.0 <-system_uncached_heap_allocate
 mppjpegenc0:src-23401   [002] ..... 21455.343748: system_heap_dma_buf_release <-dma_buf_release
      queue0:src-23389   [001] ..... 21455.370417: system_heap_do_allocate.constprop.0 <-system_uncached_heap_allocate
 mppjpegenc0:src-23401   [002] ..... 21455.377172: system_heap_dma_buf_release <-dma_buf_release
      queue0:src-23389   [001] ..... 21455.403679: system_heap_do_allocate.constprop.0 <-system_uncached_heap_allocate
 mppjpegenc0:src-23401   [002] ..... 21455.410418: system_heap_dma_buf_release <-dma_buf_release
      queue0:src-23389   [001] ..... 21455.436979: system_heap_do_allocate.constprop.0 <-system_uncached_heap_allocate
 mppjpegenc0:src-23401   [002] ..... 21455.443555: system_heap_dma_buf_release <-dma_buf_release
      queue0:src-23389   [001] ..... 21455.470259: system_heap_do_allocate.constprop.0 <-system_uncached_heap_allocate
 mppjpegenc0:src-23401   [002] ..... 21455.477023: system_heap_dma_buf_release <-dma_buf_release
      queue0:src-23389   [001] ..... 21455.503484: system_heap_do_allocate.constprop.0 <-system_uncached_heap_allocate
 mppjpegenc0:src-23401   [002] ..... 21455.510179: system_heap_dma_buf_release <-dma_buf_release
      queue0:src-23389   [001] ..... 21455.536824: system_heap_do_allocate.constprop.0 <-system_uncached_heap_allocate
 mppjpegenc0:src-23401   [002] ..... 21455.543417: system_heap_dma_buf_release <-dma_buf_release
      queue0:src-23389   [001] ..... 21455.570100: system_heap_do_allocate.constprop.0 <-system_uncached_heap_allocate
 mppjpegenc0:src-23401   [002] ..... 21455.576820: system_heap_dma_buf_release <-dma_buf_release
      queue0:src-23389   [001] ..... 21455.603315: system_heap_do_allocate.constprop.0 <-system_uncached_heap_allocate
 mppjpegenc0:src-23401   [002] ..... 21455.610093: system_heap_dma_buf_release <-dma_buf_release
      queue0:src-23389   [001] ..... 21455.636661: system_heap_do_allocate.constprop.0 <-system_uncached_heap_allocate
 mppjpegenc0:src-23401   [002] ..... 21455.643263: system_heap_dma_buf_release <-dma_buf_release
      queue0:src-23389   [001] ..... 21455.669935: system_heap_do_allocate.constprop.0 <-system_uncached_heap_allocate
 mppjpegenc0:src-23401   [002] ..... 21455.676534: system_heap_dma_buf_release <-dma_buf_release
      queue0:src-23389   [001] ..... 21455.703132: system_heap_do_allocate.constprop.0 <-system_uncached_heap_allocate
 mppjpegenc0:src-23401   [002] ..... 21455.709918: system_heap_dma_buf_release <-dma_buf_release
      queue0:src-23389   [001] ..... 21455.736510: system_heap_do_allocate.constprop.0 <-system_uncached_heap_allocate
 mppjpegenc0:src-23401   [002] ..... 21455.743104: system_heap_dma_buf_release <-dma_buf_release
      queue0:src-23389   [001] ..... 21455.769779: system_heap_do_allocate.constprop.0 <-system_uncached_heap_allocate
 mppjpegenc0:src-23401   [002] ..... 21455.776435: system_heap_dma_buf_release <-dma_buf_release
      queue0:src-23389   [001] ..... 21455.803013: system_heap_do_allocate.constprop.0 <-system_uncached_heap_allocate
 mppjpegenc0:src-23401   [002] ..... 21455.809814: system_heap_dma_buf_release <-dma_buf_release
      queue0:src-23389   [001] ..... 21455.836338: system_heap_do_allocate.constprop.0 <-system_uncached_heap_allocate
 mppjpegenc0:src-23401   [002] ..... 21455.842945: system_heap_dma_buf_release <-dma_buf_release
      queue0:src-23389   [001] ..... 21455.869622: system_heap_do_allocate.constprop.0 <-system_uncached_heap_allocate
 mppjpegenc0:src-23401   [002] ..... 21455.876273: system_heap_dma_buf_release <-dma_buf_release
      queue0:src-23389   [001] ..... 21455.902857: system_heap_do_allocate.constprop.0 <-system_uncached_heap_allocate
 mppjpegenc0:src-23401   [002] ..... 21455.909635: system_heap_dma_buf_release <-dma_buf_release
      queue0:src-23389   [001] ..... 21455.936212: system_heap_do_allocate.constprop.0 <-system_uncached_heap_allocate
 mppjpegenc0:src-23401   [002] ..... 21455.943044: system_heap_dma_buf_release <-dma_buf_release
      queue0:src-23389   [001] ..... 21455.969470: system_heap_do_allocate.constprop.0 <-system_uncached_heap_allocate
 mppjpegenc0:src-23401   [002] ..... 21455.975988: system_heap_dma_buf_release <-dma_buf_release
      queue0:src-23389   [001] ..... 21456.002736: system_heap_do_allocate.constprop.0 <-system_uncached_heap_allocate
 mppjpegenc0:src-23401   [002] ..... 21456.009441: system_heap_dma_buf_release <-dma_buf_release
      queue0:src-23389   [001] ..... 21456.036032: system_heap_do_allocate.constprop.0 <-system_uncached_heap_allocate
 mppjpegenc0:src-23401   [002] ..... 21456.042708: system_heap_dma_buf_release <-dma_buf_release
      queue0:src-23389   [001] ..... 21456.069301: system_heap_do_allocate.constprop.0 <-system_uncached_heap_allocate
 mppjpegenc0:src-23401   [002] ..... 21456.075963: system_heap_dma_buf_release <-dma_buf_release
      queue0:src-23389   [001] ..... 21456.102571: system_heap_do_allocate.constprop.0 <-system_uncached_heap_allocate
 mppjpegenc0:src-23401   [002] ..... 21456.109280: system_heap_dma_buf_release <-dma_buf_release
      queue0:src-23389   [001] ..... 21456.135848: system_heap_do_allocate.constprop.0 <-system_uncached_heap_allocate
 mppjpegenc0:src-23401   [003] ..... 21456.142496: system_heap_dma_buf_release <-dma_buf_release
      queue0:src-23389   [001] ..... 21456.169138: system_heap_do_allocate.constprop.0 <-system_uncached_heap_allocate
 mppjpegenc0:src-23401   [003] ..... 21456.175815: system_heap_dma_buf_release <-dma_buf_release
      queue0:src-23389   [001] ..... 21456.202413: system_heap_do_allocate.constprop.0 <-system_uncached_heap_allocate
 mppjpegenc0:src-23401   [003] ..... 21456.209139: system_heap_dma_buf_release <-dma_buf_release
      queue0:src-23389   [001] ..... 21456.235685: system_heap_do_allocate.constprop.0 <-system_uncached_heap_allocate
 mppjpegenc0:src-23401   [003] ..... 21456.242331: system_heap_dma_buf_release <-dma_buf_release
      queue0:src-23389   [001] ..... 21456.268982: system_heap_do_allocate.constprop.0 <-system_uncached_heap_allocate
 mppjpegenc0:src-23401   [003] ..... 21456.275607: system_heap_dma_buf_release <-dma_buf_release
      queue0:src-23389   [001] ..... 21456.302263: system_heap_do_allocate.constprop.0 <-system_uncached_heap_allocate
 mppjpegenc0:src-23401   [003] ..... 21456.308984: system_heap_dma_buf_release <-dma_buf_release
      queue0:src-23389   [001] ..... 21456.335523: system_heap_do_allocate.constprop.0 <-system_uncached_heap_allocate
 mppjpegenc0:src-23401   [002] ..... 21456.342219: system_heap_dma_buf_release <-dma_buf_release
      queue0:src-23389   [001] ..... 21456.368825: system_heap_do_allocate.constprop.0 <-system_uncached_heap_allocate
 mppjpegenc0:src-23401   [002] ..... 21456.375462: system_heap_dma_buf_release <-dma_buf_release
      queue0:src-23389   [001] ..... 21456.402101: system_heap_do_allocate.constprop.0 <-system_uncached_heap_allocate
 mppjpegenc0:src-23401   [002] ..... 21456.408772: system_heap_dma_buf_release <-dma_buf_release
      queue0:src-23389   [001] ..... 21456.435337: system_heap_do_allocate.constprop.0 <-system_uncached_heap_allocate
 mppjpegenc0:src-23401   [002] ..... 21456.442078: system_heap_dma_buf_release <-dma_buf_release
      queue0:src-23389   [001] ..... 21456.468661: system_heap_do_allocate.constprop.0 <-system_uncached_heap_allocate
 mppjpegenc0:src-23401   [002] ..... 21456.475286: system_heap_dma_buf_release <-dma_buf_release
      queue0:src-23389   [001] ..... 21456.501939: system_heap_do_allocate.constprop.0 <-system_uncached_heap_allocate
 mppjpegenc0:src-23401   [002] ..... 21456.508649: system_heap_dma_buf_release <-dma_buf_release
      queue0:src-23389   [001] ..... 21456.535179: system_heap_do_allocate.constprop.0 <-system_uncached_heap_allocate
 mppjpegenc0:src-23401   [002] ..... 21456.541913: system_heap_dma_buf_release <-dma_buf_release
      queue0:src-23389   [001] ..... 21456.568499: system_heap_do_allocate.constprop.0 <-system_uncached_heap_allocate
 mppjpegenc0:src-23401   [003] ..... 21456.575148: system_heap_dma_buf_release <-dma_buf_release
      queue0:src-23389   [001] ..... 21456.601782: system_heap_do_allocate.constprop.0 <-system_uncached_heap_allocate
 mppjpegenc0:src-23401   [003] ..... 21456.608464: system_heap_dma_buf_release <-dma_buf_release
      queue0:src-23389   [001] ..... 21456.635017: system_heap_do_allocate.constprop.0 <-system_uncached_heap_allocate
 mppjpegenc0:src-23401   [003] ..... 21456.641772: system_heap_dma_buf_release <-dma_buf_release
      queue0:src-23389   [001] ..... 21456.668338: system_heap_do_allocate.constprop.0 <-system_uncached_heap_allocate
 mppjpegenc0:src-23401   [003] ..... 21456.674981: system_heap_dma_buf_release <-dma_buf_release
      queue0:src-23389   [001] ..... 21456.701628: system_heap_do_allocate.constprop.0 <-system_uncached_heap_allocate
 mppjpegenc0:src-23401   [003] ..... 21456.708306: system_heap_dma_buf_release <-dma_buf_release
      queue0:src-23389   [001] ..... 21456.734813: system_heap_do_allocate.constprop.0 <-system_uncached_heap_allocate
 mppjpegenc0:src-23401   [003] ..... 21456.741532: system_heap_dma_buf_release <-dma_buf_release
      queue0:src-23389   [001] ..... 21456.768147: system_heap_do_allocate.constprop.0 <-system_uncached_heap_allocate
 mppjpegenc0:src-23401   [002] ..... 21456.774801: system_heap_dma_buf_release <-dma_buf_release
      queue0:src-23389   [001] ..... 21456.801456: system_heap_do_allocate.constprop.0 <-system_uncached_heap_allocate
 mppjpegenc0:src-23401   [002] ..... 21456.808057: system_heap_dma_buf_release <-dma_buf_release
      queue0:src-23389   [001] ..... 21456.834737: system_heap_do_allocate.constprop.0 <-system_uncached_heap_allocate
 mppjpegenc0:src-23401   [002] ..... 21456.841438: system_heap_dma_buf_release <-dma_buf_release
      queue0:src-23389   [001] ..... 21456.868029: system_heap_do_allocate.constprop.0 <-system_uncached_heap_allocate
 mppjpegenc0:src-23401   [002] ..... 21456.874720: system_heap_dma_buf_release <-dma_buf_release
      queue0:src-23389   [001] ..... 21456.901297: system_heap_do_allocate.constprop.0 <-system_uncached_heap_allocate
 mppjpegenc0:src-23401   [002] ..... 21456.907953: system_heap_dma_buf_release <-dma_buf_release
      queue0:src-23389   [001] ..... 21456.934595: system_heap_do_allocate.constprop.0 <-system_uncached_heap_allocate
 mppjpegenc0:src-23401   [002] ..... 21456.941289: system_heap_dma_buf_release <-dma_buf_release
      queue0:src-23389   [003] ..... 21456.967951: system_heap_do_allocate.constprop.0 <-system_uncached_heap_allocate
 mppjpegenc0:src-23401   [002] ..... 21456.974639: system_heap_dma_buf_release <-dma_buf_release
      queue0:src-23389   [003] ..... 21457.001100: system_heap_do_allocate.constprop.0 <-system_uncached_heap_allocate
 mppjpegenc0:src-23401   [002] ..... 21457.007686: system_heap_dma_buf_release <-dma_buf_release
      queue0:src-23389   [003] ..... 21457.034372: system_heap_do_allocate.constprop.0 <-system_uncached_heap_allocate
 mppjpegenc0:src-23401   [002] ..... 21457.041082: system_heap_dma_buf_release <-dma_buf_release
      queue0:src-23389   [003] ..... 21457.067685: system_heap_do_allocate.constprop.0 <-system_uncached_heap_allocate
 mppjpegenc0:src-23401   [002] ..... 21457.074396: system_heap_dma_buf_release <-dma_buf_release
      queue0:src-23389   [003] ..... 21457.100935: system_heap_do_allocate.constprop.0 <-system_uncached_heap_allocate
 mppjpegenc0:src-23401   [002] ..... 21457.107637: system_heap_dma_buf_release <-dma_buf_release
      queue0:src-23389   [003] ..... 21457.134221: system_heap_do_allocate.constprop.0 <-system_uncached_heap_allocate
 mppjpegenc0:src-23401   [000] ..... 21457.140816: system_heap_dma_buf_release <-dma_buf_release
      queue0:src-23389   [003] ..... 21457.167489: system_heap_do_allocate.constprop.0 <-system_uncached_heap_allocate
 mppjpegenc0:src-23401   [000] ..... 21457.174223: system_heap_dma_buf_release <-dma_buf_release
      queue0:src-23389   [003] ..... 21457.200777: system_heap_do_allocate.constprop.0 <-system_uncached_heap_allocate
 mppjpegenc0:src-23401   [000] ..... 21457.207506: system_heap_dma_buf_release <-dma_buf_release
      queue0:src-23389   [003] ..... 21457.234053: system_heap_do_allocate.constprop.0 <-system_uncached_heap_allocate
 mppjpegenc0:src-23401   [000] ..... 21457.240728: system_heap_dma_buf_release <-dma_buf_release
      queue0:src-23389   [003] ..... 21457.267334: system_heap_do_allocate.constprop.0 <-system_uncached_heap_allocate
 mppjpegenc0:src-23401   [000] ..... 21457.274065: system_heap_dma_buf_release <-dma_buf_release
      queue0:src-23389   [003] ..... 21457.300615: system_heap_do_allocate.constprop.0 <-system_uncached_heap_allocate
 mppjpegenc0:src-23401   [000] ..... 21457.307314: system_heap_dma_buf_release <-dma_buf_release
      queue0:src-23389   [003] ..... 21457.333893: system_heap_do_allocate.constprop.0 <-system_uncached_heap_allocate
 mppjpegenc0:src-23401   [000] ..... 21457.340633: system_heap_dma_buf_release <-dma_buf_release
      queue0:src-23389   [003] ..... 21457.367173: system_heap_do_allocate.constprop.0 <-system_uncached_heap_allocate
 mppjpegenc0:src-23401   [000] ..... 21457.373883: system_heap_dma_buf_release <-dma_buf_release
      queue0:src-23389   [003] ..... 21457.400467: system_heap_do_allocate.constprop.0 <-system_uncached_heap_allocate
 mppjpegenc0:src-23401   [000] ..... 21457.407164: system_heap_dma_buf_release <-dma_buf_release
      queue0:src-23389   [003] ..... 21457.433743: system_heap_do_allocate.constprop.0 <-system_uncached_heap_allocate
 mppjpegenc0:src-23401   [000] ..... 21457.440392: system_heap_dma_buf_release <-dma_buf_release
      queue0:src-23389   [003] ..... 21457.467011: system_heap_do_allocate.constprop.0 <-system_uncached_heap_allocate
 mppjpegenc0:src-23401   [000] ..... 21457.473768: system_heap_dma_buf_release <-dma_buf_release
      queue0:src-23389   [003] ..... 21457.500300: system_heap_do_allocate.constprop.0 <-system_uncached_heap_allocate
 mppjpegenc0:src-23401   [000] ..... 21457.507014: system_heap_dma_buf_release <-dma_buf_release
      queue0:src-23389   [003] ..... 21457.533579: system_heap_do_allocate.constprop.0 <-system_uncached_heap_allocate
 mppjpegenc0:src-23401   [000] ..... 21457.540303: system_heap_dma_buf_release <-dma_buf_release
      queue0:src-23389   [003] ..... 21457.566857: system_heap_do_allocate.constprop.0 <-system_uncached_heap_allocate
 mppjpegenc0:src-23401   [000] ..... 21457.573568: system_heap_dma_buf_release <-dma_buf_release
      queue0:src-23389   [003] ..... 21457.600135: system_heap_do_allocate.constprop.0 <-system_uncached_heap_allocate
 mppjpegenc0:src-23401   [000] ..... 21457.606848: system_heap_dma_buf_release <-dma_buf_release
      queue0:src-23389   [003] ..... 21457.633411: system_heap_do_allocate.constprop.0 <-system_uncached_heap_allocate
 mppjpegenc0:src-23401   [000] ..... 21457.640174: system_heap_dma_buf_release <-dma_buf_release
      queue0:src-23389   [003] ..... 21457.666691: system_heap_do_allocate.constprop.0 <-system_uncached_heap_allocate
 mppjpegenc0:src-23401   [000] ..... 21457.673398: system_heap_dma_buf_release <-dma_buf_release
      queue0:src-23389   [003] ..... 21457.699990: system_heap_do_allocate.constprop.0 <-system_uncached_heap_allocate
 mppjpegenc0:src-23401   [000] ..... 21457.706690: system_heap_dma_buf_release <-dma_buf_release
      queue0:src-23389   [003] ..... 21457.733255: system_heap_do_allocate.constprop.0 <-system_uncached_heap_allocate
 mppjpegenc0:src-23401   [000] ..... 21457.739987: system_heap_dma_buf_release <-dma_buf_release
      queue0:src-23389   [003] ..... 21457.766537: system_heap_do_allocate.constprop.0 <-system_uncached_heap_allocate
 mppjpegenc0:src-23401   [000] ..... 21457.773261: system_heap_dma_buf_release <-dma_buf_release
      queue0:src-23389   [003] ..... 21457.799817: system_heap_do_allocate.constprop.0 <-system_uncached_heap_allocate
 mppjpegenc0:src-23401   [000] ..... 21457.806496: system_heap_dma_buf_release <-dma_buf_release
      queue0:src-23389   [003] ..... 21457.833095: system_heap_do_allocate.constprop.0 <-system_uncached_heap_allocate
 mppjpegenc0:src-23401   [000] ..... 21457.839819: system_heap_dma_buf_release <-dma_buf_release
      queue0:src-23389   [003] ..... 21457.866378: system_heap_do_allocate.constprop.0 <-system_uncached_heap_allocate
 mppjpegenc0:src-23401   [000] ..... 21457.873106: system_heap_dma_buf_release <-dma_buf_release
      queue0:src-23389   [003] ..... 21457.899672: system_heap_do_allocate.constprop.0 <-system_uncached_heap_allocate
 mppjpegenc0:src-23401   [000] ..... 21457.906375: system_heap_dma_buf_release <-dma_buf_release
      queue0:src-23389   [003] ..... 21457.932933: system_heap_do_allocate.constprop.0 <-system_uncached_heap_allocate
 mppjpegenc0:src-23401   [000] ..... 21457.939664: system_heap_dma_buf_release <-dma_buf_release
      queue0:src-23389   [003] ..... 21457.966221: system_heap_do_allocate.constprop.0 <-system_uncached_heap_allocate
 mppjpegenc0:src-23401   [001] ..... 21457.973155: system_heap_dma_buf_release <-dma_buf_release
      queue0:src-23389   [003] ..... 21457.999509: system_heap_do_allocate.constprop.0 <-system_uncached_heap_allocate
 mppjpegenc0:src-23401   [002] ..... 21458.006249: system_heap_dma_buf_release <-dma_buf_release
      queue0:src-23389   [003] ..... 21458.032778: system_heap_do_allocate.constprop.0 <-system_uncached_heap_allocate
 mppjpegenc0:src-23401   [002] ..... 21458.039324: system_heap_dma_buf_release <-dma_buf_release
      queue0:src-23389   [003] ..... 21458.066060: system_heap_do_allocate.constprop.0 <-system_uncached_heap_allocate
 mppjpegenc0:src-23401   [002] ..... 21458.072764: system_heap_dma_buf_release <-dma_buf_release
      queue0:src-23389   [003] ..... 21458.099309: system_heap_do_allocate.constprop.0 <-system_uncached_heap_allocate
 mppjpegenc0:src-23401   [002] ..... 21458.106090: system_heap_dma_buf_release <-dma_buf_release
      queue0:src-23389   [003] ..... 21458.132618: system_heap_do_allocate.constprop.0 <-system_uncached_heap_allocate
 mppjpegenc0:src-23401   [002] ..... 21458.139314: system_heap_dma_buf_release <-dma_buf_release
      queue0:src-23389   [003] ..... 21458.165902: system_heap_do_allocate.constprop.0 <-system_uncached_heap_allocate
 mppjpegenc0:src-23401   [002] ..... 21458.172570: system_heap_dma_buf_release <-dma_buf_release
      queue0:src-23389   [003] ..... 21458.199178: system_heap_do_allocate.constprop.0 <-system_uncached_heap_allocate
 mppjpegenc0:src-23401   [002] ..... 21458.205955: system_heap_dma_buf_release <-dma_buf_release
      queue0:src-23389   [003] ..... 21458.232476: system_heap_do_allocate.constprop.0 <-system_uncached_heap_allocate
 mppjpegenc0:src-23401   [002] ..... 21458.239076: system_heap_dma_buf_release <-dma_buf_release
      queue0:src-23389   [003] ..... 21458.265732: system_heap_do_allocate.constprop.0 <-system_uncached_heap_allocate
 mppjpegenc0:src-23401   [002] ..... 21458.272390: system_heap_dma_buf_release <-dma_buf_release
      queue0:src-23389   [003] ..... 21458.299010: system_heap_do_allocate.constprop.0 <-system_uncached_heap_allocate
 mppjpegenc0:src-23401   [002] ..... 21458.305789: system_heap_dma_buf_release <-dma_buf_release
      queue0:src-23389   [003] ..... 21458.332304: system_heap_do_allocate.constprop.0 <-system_uncached_heap_allocate
 mppjpegenc0:src-23401   [002] ..... 21458.339005: system_heap_dma_buf_release <-dma_buf_release
      queue0:src-23389   [003] ..... 21458.365574: system_heap_do_allocate.constprop.0 <-system_uncached_heap_allocate
 mppjpegenc0:src-23401   [002] ..... 21458.372231: system_heap_dma_buf_release <-dma_buf_release
      queue0:src-23389   [003] ..... 21458.398851: system_heap_do_allocate.constprop.0 <-system_uncached_heap_allocate
 mppjpegenc0:src-23401   [002] ..... 21458.405616: system_heap_dma_buf_release <-dma_buf_release
      queue0:src-23389   [003] ..... 21458.432141: system_heap_do_allocate.constprop.0 <-system_uncached_heap_allocate
 mppjpegenc0:src-23401   [002] ..... 21458.438900: system_heap_dma_buf_release <-dma_buf_release
      queue0:src-23389   [003] ..... 21458.465423: system_heap_do_allocate.constprop.0 <-system_uncached_heap_allocate
 mppjpegenc0:src-23401   [002] ..... 21458.472077: system_heap_dma_buf_release <-dma_buf_release
      queue0:src-23389   [003] ..... 21458.498696: system_heap_do_allocate.constprop.0 <-system_uncached_heap_allocate
 mppjpegenc0:src-23401   [002] ..... 21458.505460: system_heap_dma_buf_release <-dma_buf_release
      queue0:src-23389   [003] ..... 21458.532062: system_heap_do_allocate.constprop.0 <-system_uncached_heap_allocate
 mppjpegenc0:src-23401   [002] ..... 21458.538814: system_heap_dma_buf_release <-dma_buf_release
      queue0:src-23389   [003] ..... 21458.565298: system_heap_do_allocate.constprop.0 <-system_uncached_heap_allocate
 mppjpegenc0:src-23401   [002] ..... 21458.572009: system_heap_dma_buf_release <-dma_buf_release
      queue0:src-23389   [003] ..... 21458.598582: system_heap_do_allocate.constprop.0 <-system_uncached_heap_allocate
 mppjpegenc0:src-23401   [002] ..... 21458.605329: system_heap_dma_buf_release <-dma_buf_release
      queue0:src-23389   [003] ..... 21458.631888: system_heap_do_allocate.constprop.0 <-system_uncached_heap_allocate
 mppjpegenc0:src-23401   [002] ..... 21458.638655: system_heap_dma_buf_release <-dma_buf_release
      queue0:src-23389   [003] ..... 21458.665152: system_heap_do_allocate.constprop.0 <-system_uncached_heap_allocate
 mppjpegenc0:src-23401   [002] ..... 21458.671900: system_heap_dma_buf_release <-dma_buf_release
      queue0:src-23389   [003] ..... 21458.698424: system_heap_do_allocate.constprop.0 <-system_uncached_heap_allocate
 mppjpegenc0:src-23401   [002] ..... 21458.705206: system_heap_dma_buf_release <-dma_buf_release
      queue0:src-23389   [003] ..... 21458.731696: system_heap_do_allocate.constprop.0 <-system_uncached_heap_allocate
 mppjpegenc0:src-23401   [002] ..... 21458.738456: system_heap_dma_buf_release <-dma_buf_release
      queue0:src-23389   [003] ..... 21458.764994: system_heap_do_allocate.constprop.0 <-system_uncached_heap_allocate
 mppjpegenc0:src-23401   [002] ..... 21458.771560: system_heap_dma_buf_release <-dma_buf_release
      queue0:src-23389   [003] ..... 21458.798227: system_heap_do_allocate.constprop.0 <-system_uncached_heap_allocate
 mppjpegenc0:src-23401   [002] ..... 21458.804948: system_heap_dma_buf_release <-dma_buf_release
      queue0:src-23389   [003] ..... 21458.831482: system_heap_do_allocate.constprop.0 <-system_uncached_heap_allocate
 mppjpegenc0:src-23401   [002] ..... 21458.838237: system_heap_dma_buf_release <-dma_buf_release
      queue0:src-23389   [003] ..... 21458.864831: system_heap_do_allocate.constprop.0 <-system_uncached_heap_allocate
 mppjpegenc0:src-23401   [002] ..... 21458.871493: system_heap_dma_buf_release <-dma_buf_release
      queue0:src-23389   [003] ..... 21458.898108: system_heap_do_allocate.constprop.0 <-system_uncached_heap_allocate
 mppjpegenc0:src-23401   [002] ..... 21458.904814: system_heap_dma_buf_release <-dma_buf_release
      queue0:src-23389   [003] ..... 21458.931335: system_heap_do_allocate.constprop.0 <-system_uncached_heap_allocate
 mppjpegenc0:src-23401   [002] ..... 21458.938117: system_heap_dma_buf_release <-dma_buf_release
      queue0:src-23389   [003] ..... 21458.964664: system_heap_do_allocate.constprop.0 <-system_uncached_heap_allocate
 mppjpegenc0:src-23401   [002] ..... 21458.971358: system_heap_dma_buf_release <-dma_buf_release
      queue0:src-23389   [001] ..... 21458.997988: system_heap_do_allocate.constprop.0 <-system_uncached_heap_allocate
 mppjpegenc0:src-23401   [002] ..... 21459.004669: system_heap_dma_buf_release <-dma_buf_release
      queue0:src-23389   [003] ..... 21459.031162: system_heap_do_allocate.constprop.0 <-system_uncached_heap_allocate
 mppjpegenc0:src-23401   [002] ..... 21459.037732: system_heap_dma_buf_release <-dma_buf_release
      queue0:src-23389   [003] ..... 21459.064457: system_heap_do_allocate.constprop.0 <-system_uncached_heap_allocate
 mppjpegenc0:src-23401   [002] ..... 21459.071010: system_heap_dma_buf_release <-dma_buf_release
      queue0:src-23389   [003] ..... 21459.097763: system_heap_do_allocate.constprop.0 <-system_uncached_heap_allocate
 mppjpegenc0:src-23401   [002] ..... 21459.104365: system_heap_dma_buf_release <-dma_buf_release
      queue0:src-23389   [003] ..... 21459.131016: system_heap_do_allocate.constprop.0 <-system_uncached_heap_allocate
 mppjpegenc0:src-23401   [002] ..... 21459.137665: system_heap_dma_buf_release <-dma_buf_release
      queue0:src-23389   [003] ..... 21459.164298: system_heap_do_allocate.constprop.0 <-system_uncached_heap_allocate
 mppjpegenc0:src-23401   [002] ..... 21459.170884: system_heap_dma_buf_release <-dma_buf_release
      queue0:src-23389   [003] ..... 21459.197584: system_heap_do_allocate.constprop.0 <-system_uncached_heap_allocate
 mppjpegenc0:src-23401   [002] ..... 21459.204186: system_heap_dma_buf_release <-dma_buf_release
      queue0:src-23389   [003] ..... 21459.230852: system_heap_do_allocate.constprop.0 <-system_uncached_heap_allocate
 mppjpegenc0:src-23401   [002] ..... 21459.237566: system_heap_dma_buf_release <-dma_buf_release
      queue0:src-23389   [003] ..... 21459.264158: system_heap_do_allocate.constprop.0 <-system_uncached_heap_allocate
 mppjpegenc0:src-23401   [002] ..... 21459.270799: system_heap_dma_buf_release <-dma_buf_release
      queue0:src-23389   [003] ..... 21459.297415: system_heap_do_allocate.constprop.0 <-system_uncached_heap_allocate
 mppjpegenc0:src-23401   [002] ..... 21459.304098: system_heap_dma_buf_release <-dma_buf_release
      queue0:src-23389   [003] ..... 21459.330693: system_heap_do_allocate.constprop.0 <-system_uncached_heap_allocate
 mppjpegenc0:src-23401   [002] ..... 21459.337441: system_heap_dma_buf_release <-dma_buf_release
      queue0:src-23389   [003] ..... 21459.364049: system_heap_do_allocate.constprop.0 <-system_uncached_heap_allocate
 mppjpegenc0:src-23401   [002] ..... 21459.370732: system_heap_dma_buf_release <-dma_buf_release
      queue0:src-23389   [003] ..... 21459.397308: system_heap_do_allocate.constprop.0 <-system_uncached_heap_allocate
 mppjpegenc0:src-23401   [002] ..... 21459.403900: system_heap_dma_buf_release <-dma_buf_release
      queue0:src-23389   [003] ..... 21459.430585: system_heap_do_allocate.constprop.0 <-system_uncached_heap_allocate
 mppjpegenc0:src-23401   [002] ..... 21459.437365: system_heap_dma_buf_release <-dma_buf_release
      queue0:src-23389   [003] ..... 21459.463828: system_heap_do_allocate.constprop.0 <-system_uncached_heap_allocate
 mppjpegenc0:src-23401   [002] ..... 21459.470517: system_heap_dma_buf_release <-dma_buf_release
      queue0:src-23389   [003] ..... 21459.497110: system_heap_do_allocate.constprop.0 <-system_uncached_heap_allocate
 mppjpegenc0:src-23401   [002] ..... 21459.503785: system_heap_dma_buf_release <-dma_buf_release
      queue0:src-23389   [003] ..... 21459.530385: system_heap_do_allocate.constprop.0 <-system_uncached_heap_allocate
 mppjpegenc0:src-23401   [002] ..... 21459.537130: system_heap_dma_buf_release <-dma_buf_release
      queue0:src-23389   [003] ..... 21459.563729: system_heap_do_allocate.constprop.0 <-system_uncached_heap_allocate
 mppjpegenc0:src-23401   [002] ..... 21459.570450: system_heap_dma_buf_release <-dma_buf_release
      queue0:src-23389   [003] ..... 21459.596971: system_heap_do_allocate.constprop.0 <-system_uncached_heap_allocate
 mppjpegenc0:src-23401   [002] ..... 21459.603655: system_heap_dma_buf_release <-dma_buf_release
      queue0:src-23389   [003] ..... 21459.630263: system_heap_do_allocate.constprop.0 <-system_uncached_heap_allocate
 mppjpegenc0:src-23401   [002] ..... 21459.637051: system_heap_dma_buf_release <-dma_buf_release
      queue0:src-23389   [003] ..... 21459.663470: system_heap_do_allocate.constprop.0 <-system_uncached_heap_allocate
 mppjpegenc0:src-23401   [002] ..... 21459.670162: system_heap_dma_buf_release <-dma_buf_release
      queue0:src-23389   [003] ..... 21459.696830: system_heap_do_allocate.constprop.0 <-system_uncached_heap_allocate
 mppjpegenc0:src-23401   [002] ..... 21459.703453: system_heap_dma_buf_release <-dma_buf_release
      queue0:src-23389   [003] ..... 21459.730103: system_heap_do_allocate.constprop.0 <-system_uncached_heap_allocate
 mppjpegenc0:src-23401   [002] ..... 21459.736790: system_heap_dma_buf_release <-dma_buf_release
      queue0:src-23389   [003] ..... 21459.763296: system_heap_do_allocate.constprop.0 <-system_uncached_heap_allocate
 mppjpegenc0:src-23401   [002] ..... 21459.770021: system_heap_dma_buf_release <-dma_buf_release
      queue0:src-23389   [003] ..... 21459.796659: system_heap_do_allocate.constprop.0 <-system_uncached_heap_allocate
 mppjpegenc0:src-23401   [002] ..... 21459.803240: system_heap_dma_buf_release <-dma_buf_release
      queue0:src-23389   [003] ..... 21459.829943: system_heap_do_allocate.constprop.0 <-system_uncached_heap_allocate
 mppjpegenc0:src-23401   [002] ..... 21459.836584: system_heap_dma_buf_release <-dma_buf_release
      queue0:src-23389   [003] ..... 21459.863177: system_heap_do_allocate.constprop.0 <-system_uncached_heap_allocate
 mppjpegenc0:src-23401   [002] ..... 21459.869949: system_heap_dma_buf_release <-dma_buf_release
      queue0:src-23389   [003] ..... 21459.896499: system_heap_do_allocate.constprop.0 <-system_uncached_heap_allocate
 mppjpegenc0:src-23401   [002] ..... 21459.903149: system_heap_dma_buf_release <-dma_buf_release
      queue0:src-23389   [003] ..... 21459.929788: system_heap_do_allocate.constprop.0 <-system_uncached_heap_allocate
 mppjpegenc0:src-23401   [002] ..... 21459.936338: system_heap_dma_buf_release <-dma_buf_release
      queue0:src-23389   [003] ..... 21459.963009: system_heap_do_allocate.constprop.0 <-system_uncached_heap_allocate
 mppjpegenc0:src-23401   [002] ..... 21459.969721: system_heap_dma_buf_release <-dma_buf_release
      queue0:src-23389   [003] ..... 21459.996347: system_heap_do_allocate.constprop.0 <-system_uncached_heap_allocate
 mppjpegenc0:src-23401   [002] ..... 21460.003094: system_heap_dma_buf_release <-dma_buf_release
      queue0:src-23389   [001] ..... 21460.029703: system_heap_do_allocate.constprop.0 <-system_uncached_heap_allocate
 mppjpegenc0:src-23401   [002] ..... 21460.036290: system_heap_dma_buf_release <-dma_buf_release
      queue0:src-23389   [001] ..... 21460.062814: system_heap_do_allocate.constprop.0 <-system_uncached_heap_allocate
 mppjpegenc0:src-23401   [002] ..... 21460.069400: system_heap_dma_buf_release <-dma_buf_release
      queue0:src-23389   [001] ..... 21460.096192: system_heap_do_allocate.constprop.0 <-system_uncached_heap_allocate
 mppjpegenc0:src-23401   [002] ..... 21460.102911: system_heap_dma_buf_release <-dma_buf_release
      queue0:src-23389   [001] ..... 21460.129463: system_heap_do_allocate.constprop.0 <-system_uncached_heap_allocate
 mppjpegenc0:src-23401   [002] ..... 21460.136135: system_heap_dma_buf_release <-dma_buf_release
      queue0:src-23389   [001] ..... 21460.162695: system_heap_do_allocate.constprop.0 <-system_uncached_heap_allocate
 mppjpegenc0:src-23401   [003] ..... 21460.169300: system_heap_dma_buf_release <-dma_buf_release
      queue0:src-23389   [001] ..... 21460.196019: system_heap_do_allocate.constprop.0 <-system_uncached_heap_allocate
 mppjpegenc0:src-23401   [002] ..... 21460.202745: system_heap_dma_buf_release <-dma_buf_release
      queue0:src-23389   [001] ..... 21460.229302: system_heap_do_allocate.constprop.0 <-system_uncached_heap_allocate
 mppjpegenc0:src-23401   [002] ..... 21460.235754: system_heap_dma_buf_release <-dma_buf_release
      queue0:src-23389   [001] ..... 21460.262580: system_heap_do_allocate.constprop.0 <-system_uncached_heap_allocate
 mppjpegenc0:src-23401   [002] ..... 21460.269139: system_heap_dma_buf_release <-dma_buf_release
      queue0:src-23389   [001] ..... 21460.295844: system_heap_do_allocate.constprop.0 <-system_uncached_heap_allocate
 mppjpegenc0:src-23401   [002] ..... 21460.302584: system_heap_dma_buf_release <-dma_buf_release
      queue0:src-23389   [001] ..... 21460.329138: system_heap_do_allocate.constprop.0 <-system_uncached_heap_allocate
 mppjpegenc0:src-23401   [002] ..... 21460.335808: system_heap_dma_buf_release <-dma_buf_release
      queue0:src-23389   [001] ..... 21460.362421: system_heap_do_allocate.constprop.0 <-system_uncached_heap_allocate
 mppjpegenc0:src-23401   [002] ..... 21460.369189: system_heap_dma_buf_release <-dma_buf_release
      queue0:src-23389   [001] ..... 21460.395683: system_heap_do_allocate.constprop.0 <-system_uncached_heap_allocate
 mppjpegenc0:src-23401   [000] ..... 21460.402441: system_heap_dma_buf_release <-dma_buf_release
      queue0:src-23389   [001] ..... 21460.428984: system_heap_do_allocate.constprop.0 <-system_uncached_heap_allocate
 mppjpegenc0:src-23401   [000] ..... 21460.435592: system_heap_dma_buf_release <-dma_buf_release
      queue0:src-23389   [001] ..... 21460.462253: system_heap_do_allocate.constprop.0 <-system_uncached_heap_allocate
 mppjpegenc0:src-23401   [000] ..... 21460.468991: system_heap_dma_buf_release <-dma_buf_release
      queue0:src-23389   [001] ..... 21460.495475: system_heap_do_allocate.constprop.0 <-system_uncached_heap_allocate
 mppjpegenc0:src-23401   [000] ..... 21460.502233: system_heap_dma_buf_release <-dma_buf_release
      queue0:src-23389   [001] ..... 21460.528820: system_heap_do_allocate.constprop.0 <-system_uncached_heap_allocate
 mppjpegenc0:src-23401   [000] ..... 21460.535490: system_heap_dma_buf_release <-dma_buf_release
      queue0:src-23389   [001] ..... 21460.562099: system_heap_do_allocate.constprop.0 <-system_uncached_heap_allocate
 mppjpegenc0:src-23401   [000] ..... 21460.568810: system_heap_dma_buf_release <-dma_buf_release
      queue0:src-23389   [001] ..... 21460.595335: system_heap_do_allocate.constprop.0 <-system_uncached_heap_allocate
 mppjpegenc0:src-23401   [000] ..... 21460.602095: system_heap_dma_buf_release <-dma_buf_release
      queue0:src-23389   [001] ..... 21460.628663: system_heap_do_allocate.constprop.0 <-system_uncached_heap_allocate
 mppjpegenc0:src-23401   [000] ..... 21460.635350: system_heap_dma_buf_release <-dma_buf_release
      queue0:src-23389   [001] ..... 21460.661940: system_heap_do_allocate.constprop.0 <-system_uncached_heap_allocate
 mppjpegenc0:src-23401   [000] ..... 21460.668674: system_heap_dma_buf_release <-dma_buf_release
      queue0:src-23389   [001] ..... 21460.695178: system_heap_do_allocate.constprop.0 <-system_uncached_heap_allocate
 mppjpegenc0:src-23401   [000] ..... 21460.701942: system_heap_dma_buf_release <-dma_buf_release
      queue0:src-23389   [001] ..... 21460.728496: system_heap_do_allocate.constprop.0 <-system_uncached_heap_allocate
 mppjpegenc0:src-23401   [000] ..... 21460.735178: system_heap_dma_buf_release <-dma_buf_release
      queue0:src-23389   [001] ..... 21460.761840: system_heap_do_allocate.constprop.0 <-system_uncached_heap_allocate
 mppjpegenc0:src-23401   [000] ..... 21460.768584: system_heap_dma_buf_release <-dma_buf_release
      queue0:src-23389   [001] ..... 21460.795017: system_heap_do_allocate.constprop.0 <-system_uncached_heap_allocate
 mppjpegenc0:src-23401   [000] ..... 21460.801744: system_heap_dma_buf_release <-dma_buf_release
      queue0:src-23389   [001] ..... 21460.828326: system_heap_do_allocate.constprop.0 <-system_uncached_heap_allocate
 mppjpegenc0:src-23401   [000] ..... 21460.835075: system_heap_dma_buf_release <-dma_buf_release
      queue0:src-23389   [001] ..... 21460.861645: system_heap_do_allocate.constprop.0 <-system_uncached_heap_allocate
 mppjpegenc0:src-23401   [000] ..... 21460.868272: system_heap_dma_buf_release <-dma_buf_release
      queue0:src-23389   [001] ..... 21460.894855: system_heap_do_allocate.constprop.0 <-system_uncached_heap_allocate
 mppjpegenc0:src-23401   [000] ..... 21460.901541: system_heap_dma_buf_release <-dma_buf_release
      queue0:src-23389   [001] ..... 21460.928248: system_heap_do_allocate.constprop.0 <-system_uncached_heap_allocate
 mppjpegenc0:src-23401   [000] ..... 21460.934805: system_heap_dma_buf_release <-dma_buf_release
      queue0:src-23389   [001] ..... 21460.961462: system_heap_do_allocate.constprop.0 <-system_uncached_heap_allocate
 mppjpegenc0:src-23401   [000] ..... 21460.968098: system_heap_dma_buf_release <-dma_buf_release
      queue0:src-23389   [001] ..... 21460.994742: system_heap_do_allocate.constprop.0 <-system_uncached_heap_allocate
 mppjpegenc0:src-23401   [000] ..... 21461.001471: system_heap_dma_buf_release <-dma_buf_release
      queue0:src-23389   [001] ..... 21461.028098: system_heap_do_allocate.constprop.0 <-system_uncached_heap_allocate
 mppjpegenc0:src-23401   [002] ..... 21461.034890: system_heap_dma_buf_release <-dma_buf_release
      queue0:src-23389   [003] ..... 21461.061343: system_heap_do_allocate.constprop.0 <-system_uncached_heap_allocate
 mppjpegenc0:src-23401   [002] ..... 21461.068040: system_heap_dma_buf_release <-dma_buf_release
      queue0:src-23389   [003] ..... 21461.094582: system_heap_do_allocate.constprop.0 <-system_uncached_heap_allocate
 mppjpegenc0:src-23401   [002] ..... 21461.101342: system_heap_dma_buf_release <-dma_buf_release
      queue0:src-23389   [003] ..... 21461.127874: system_heap_do_allocate.constprop.0 <-system_uncached_heap_allocate
 mppjpegenc0:src-23401   [002] ..... 21461.134658: system_heap_dma_buf_release <-dma_buf_release
      queue0:src-23389   [003] ..... 21461.161149: system_heap_do_allocate.constprop.0 <-system_uncached_heap_allocate
 mppjpegenc0:src-23401   [002] ..... 21461.167911: system_heap_dma_buf_release <-dma_buf_release
      queue0:src-23389   [003] ..... 21461.194425: system_heap_do_allocate.constprop.0 <-system_uncached_heap_allocate
 mppjpegenc0:src-23401   [002] ..... 21461.201185: system_heap_dma_buf_release <-dma_buf_release
      queue0:src-23389   [003] ..... 21461.227723: system_heap_do_allocate.constprop.0 <-system_uncached_heap_allocate
 mppjpegenc0:src-23401   [002] ..... 21461.234486: system_heap_dma_buf_release <-dma_buf_release
      queue0:src-23389   [003] ..... 21461.260984: system_heap_do_allocate.constprop.0 <-system_uncached_heap_allocate
 mppjpegenc0:src-23401   [003] ..... 21461.267661: system_heap_dma_buf_release <-dma_buf_release
      queue0:src-23389   [003] ..... 21461.294267: system_heap_do_allocate.constprop.0 <-system_uncached_heap_allocate
 mppjpegenc0:src-23401   [002] ..... 21461.301035: system_heap_dma_buf_release <-dma_buf_release
      queue0:src-23389   [003] ..... 21461.327534: system_heap_do_allocate.constprop.0 <-system_uncached_heap_allocate
 mppjpegenc0:src-23401   [002] ..... 21461.334300: system_heap_dma_buf_release <-dma_buf_release
      queue0:src-23389   [003] ..... 21461.360829: system_heap_do_allocate.constprop.0 <-system_uncached_heap_allocate
 mppjpegenc0:src-23401   [002] ..... 21461.367546: system_heap_dma_buf_release <-dma_buf_release
      queue0:src-23389   [003] ..... 21461.394104: system_heap_do_allocate.constprop.0 <-system_uncached_heap_allocate
 mppjpegenc0:src-23401   [002] ..... 21461.400847: system_heap_dma_buf_release <-dma_buf_release
      queue0:src-23389   [003] ..... 21461.427383: system_heap_do_allocate.constprop.0 <-system_uncached_heap_allocate
 mppjpegenc0:src-23401   [002] ..... 21461.434197: system_heap_dma_buf_release <-dma_buf_release
      queue0:src-23389   [003] ..... 21461.460675: system_heap_do_allocate.constprop.0 <-system_uncached_heap_allocate
 mppjpegenc0:src-23401   [002] ..... 21461.467346: system_heap_dma_buf_release <-dma_buf_release
      queue0:src-23389   [003] ..... 21461.493950: system_heap_do_allocate.constprop.0 <-system_uncached_heap_allocate
 mppjpegenc0:src-23401   [002] ..... 21461.500698: system_heap_dma_buf_release <-dma_buf_release
      queue0:src-23389   [003] ..... 21461.527235: system_heap_do_allocate.constprop.0 <-system_uncached_heap_allocate
 mppjpegenc0:src-23401   [002] ..... 21461.533966: system_heap_dma_buf_release <-dma_buf_release
      queue0:src-23389   [003] ..... 21461.560511: system_heap_do_allocate.constprop.0 <-system_uncached_heap_allocate
 mppjpegenc0:src-23401   [002] ..... 21461.567208: system_heap_dma_buf_release <-dma_buf_release
      queue0:src-23389   [003] ..... 21461.593793: system_heap_do_allocate.constprop.0 <-system_uncached_heap_allocate
 mppjpegenc0:src-23401   [002] ..... 21461.600587: system_heap_dma_buf_release <-dma_buf_release
      queue0:src-23389   [003] ..... 21461.627072: system_heap_do_allocate.constprop.0 <-system_uncached_heap_allocate
 mppjpegenc0:src-23401   [002] ..... 21461.633857: system_heap_dma_buf_release <-dma_buf_release
      queue0:src-23389   [003] ..... 21461.660342: system_heap_do_allocate.constprop.0 <-system_uncached_heap_allocate
 mppjpegenc0:src-23401   [002] ..... 21461.667078: system_heap_dma_buf_release <-dma_buf_release
      queue0:src-23389   [003] ..... 21461.693631: system_heap_do_allocate.constprop.0 <-system_uncached_heap_allocate
 mppjpegenc0:src-23401   [000] ..... 21461.700359: system_heap_dma_buf_release <-dma_buf_release
      queue0:src-23389   [003] ..... 21461.726903: system_heap_do_allocate.constprop.0 <-system_uncached_heap_allocate
 mppjpegenc0:src-23401   [000] ..... 21461.733611: system_heap_dma_buf_release <-dma_buf_release
      queue0:src-23389   [003] ..... 21461.760190: system_heap_do_allocate.constprop.0 <-system_uncached_heap_allocate
 mppjpegenc0:src-23401   [000] ..... 21461.766912: system_heap_dma_buf_release <-dma_buf_release
      queue0:src-23389   [003] ..... 21461.793466: system_heap_do_allocate.constprop.0 <-system_uncached_heap_allocate
 mppjpegenc0:src-23401   [000] ..... 21461.800231: system_heap_dma_buf_release <-dma_buf_release
      queue0:src-23389   [003] ..... 21461.826741: system_heap_do_allocate.constprop.0 <-system_uncached_heap_allocate
 mppjpegenc0:src-23401   [000] ..... 21461.833496: system_heap_dma_buf_release <-dma_buf_release
      queue0:src-23389   [003] ..... 21461.860022: system_heap_do_allocate.constprop.0 <-system_uncached_heap_allocate
 mppjpegenc0:src-23401   [000] ..... 21461.866752: system_heap_dma_buf_release <-dma_buf_release
      queue0:src-23389   [003] ..... 21461.893307: system_heap_do_allocate.constprop.0 <-system_uncached_heap_allocate
 mppjpegenc0:src-23401   [000] ..... 21461.900054: system_heap_dma_buf_release <-dma_buf_release
      queue0:src-23389   [003] ..... 21461.926587: system_heap_do_allocate.constprop.0 <-system_uncached_heap_allocate
 mppjpegenc0:src-23401   [000] ..... 21461.933369: system_heap_dma_buf_release <-dma_buf_release
      queue0:src-23389   [003] ..... 21461.959875: system_heap_do_allocate.constprop.0 <-system_uncached_heap_allocate
 mppjpegenc0:src-23401   [000] ..... 21461.966626: system_heap_dma_buf_release <-dma_buf_release
      queue0:src-23389   [003] ..... 21461.993145: system_heap_do_allocate.constprop.0 <-system_uncached_heap_allocate
 mppjpegenc0:src-23401   [000] ..... 21461.999852: system_heap_dma_buf_release <-dma_buf_release
      queue0:src-23389   [003] ..... 21462.026430: system_heap_do_allocate.constprop.0 <-system_uncached_heap_allocate
 mppjpegenc0:src-23401   [000] ..... 21462.033183: system_heap_dma_buf_release <-dma_buf_release
      queue0:src-23389   [003] ..... 21462.059727: system_heap_do_allocate.constprop.0 <-system_uncached_heap_allocate
 mppjpegenc0:src-23401   [000] ..... 21462.066432: system_heap_dma_buf_release <-dma_buf_release
      queue0:src-23389   [003] ..... 21462.092986: system_heap_do_allocate.constprop.0 <-system_uncached_heap_allocate
 mppjpegenc0:src-23401   [000] ..... 21462.099606: system_heap_dma_buf_release <-dma_buf_release
      queue0:src-23389   [003] ..... 21462.126268: system_heap_do_allocate.constprop.0 <-system_uncached_heap_allocate
 mppjpegenc0:src-23401   [000] ..... 21462.132997: system_heap_dma_buf_release <-dma_buf_release
      queue0:src-23389   [003] ..... 21462.159550: system_heap_do_allocate.constprop.0 <-system_uncached_heap_allocate
 mppjpegenc0:src-23401   [000] ..... 21462.166319: system_heap_dma_buf_release <-dma_buf_release
      queue0:src-23389   [003] ..... 21462.192829: system_heap_do_allocate.constprop.0 <-system_uncached_heap_allocate
 mppjpegenc0:src-23401   [000] ..... 21462.199581: system_heap_dma_buf_release <-dma_buf_release
      queue0:src-23389   [003] ..... 21462.226102: system_heap_do_allocate.constprop.0 <-system_uncached_heap_allocate
 mppjpegenc0:src-23401   [000] ..... 21462.232839: system_heap_dma_buf_release <-dma_buf_release
      queue0:src-23389   [003] ..... 21462.259334: system_heap_do_allocate.constprop.0 <-system_uncached_heap_allocate
 mppjpegenc0:src-23401   [000] ..... 21462.266109: system_heap_dma_buf_release <-dma_buf_release
      queue0:src-23389   [003] ..... 21462.292668: system_heap_do_allocate.constprop.0 <-system_uncached_heap_allocate
 mppjpegenc0:src-23401   [000] ..... 21462.299412: system_heap_dma_buf_release <-dma_buf_release
      queue0:src-23389   [003] ..... 21462.325945: system_heap_do_allocate.constprop.0 <-system_uncached_heap_allocate
 mppjpegenc0:src-23401   [002] ..... 21462.332578: system_heap_dma_buf_release <-dma_buf_release
      queue0:src-23389   [001] ..... 21462.359138: system_heap_do_allocate.constprop.0 <-system_uncached_heap_allocate
 mppjpegenc0:src-23401   [002] ..... 21462.365752: system_heap_dma_buf_release <-dma_buf_release
      queue0:src-23389   [001] ..... 21462.392507: system_heap_do_allocate.constprop.0 <-system_uncached_heap_allocate
 mppjpegenc0:src-23401   [002] ..... 21462.398998: system_heap_dma_buf_release <-dma_buf_release
      queue0:src-23389   [001] ..... 21462.425791: system_heap_do_allocate.constprop.0 <-system_uncached_heap_allocate
 mppjpegenc0:src-23401   [002] ..... 21462.432247: system_heap_dma_buf_release <-dma_buf_release
      queue0:src-23389   [001] ..... 21462.458976: system_heap_do_allocate.constprop.0 <-system_uncached_heap_allocate
 mppjpegenc0:src-23401   [002] ..... 21462.465542: system_heap_dma_buf_release <-dma_buf_release
      queue0:src-23389   [001] ..... 21462.492315: system_heap_do_allocate.constprop.0 <-system_uncached_heap_allocate
 mppjpegenc0:src-23401   [002] ..... 21462.498947: system_heap_dma_buf_release <-dma_buf_release
      queue0:src-23389   [001] ..... 21462.525625: system_heap_do_allocate.constprop.0 <-system_uncached_heap_allocate
 mppjpegenc0:src-23401   [002] ..... 21462.532165: system_heap_dma_buf_release <-dma_buf_release
      queue0:src-23389   [001] ..... 21462.558839: system_heap_do_allocate.constprop.0 <-system_uncached_heap_allocate
 mppjpegenc0:src-23401   [002] ..... 21462.565450: system_heap_dma_buf_release <-dma_buf_release
      queue0:src-23389   [001] ..... 21462.592196: system_heap_do_allocate.constprop.0 <-system_uncached_heap_allocate
 mppjpegenc0:src-23401   [002] ..... 21462.598726: system_heap_dma_buf_release <-dma_buf_release
      queue0:src-23389   [001] ..... 21462.625458: system_heap_do_allocate.constprop.0 <-system_uncached_heap_allocate
 mppjpegenc0:src-23401   [002] ..... 21462.631905: system_heap_dma_buf_release <-dma_buf_release
      queue0:src-23389   [001] ..... 21462.658664: system_heap_do_allocate.constprop.0 <-system_uncached_heap_allocate
 mppjpegenc0:src-23401   [002] ..... 21462.665196: system_heap_dma_buf_release <-dma_buf_release
      queue0:src-23389   [001] ..... 21462.692033: system_heap_do_allocate.constprop.0 <-system_uncached_heap_allocate
 mppjpegenc0:src-23401   [002] ..... 21462.698565: system_heap_dma_buf_release <-dma_buf_release
      queue0:src-23389   [001] ..... 21462.725300: system_heap_do_allocate.constprop.0 <-system_uncached_heap_allocate
 mppjpegenc0:src-23401   [002] ..... 21462.731741: system_heap_dma_buf_release <-dma_buf_release
      queue0:src-23389   [001] ..... 21462.758503: system_heap_do_allocate.constprop.0 <-system_uncached_heap_allocate
 mppjpegenc0:src-23401   [002] ..... 21462.765091: system_heap_dma_buf_release <-dma_buf_release
      queue0:src-23389   [001] ..... 21462.791845: system_heap_do_allocate.constprop.0 <-system_uncached_heap_allocate
 mppjpegenc0:src-23401   [002] ..... 21462.798415: system_heap_dma_buf_release <-dma_buf_release
      queue0:src-23389   [001] ..... 21462.825141: system_heap_do_allocate.constprop.0 <-system_uncached_heap_allocate
 mppjpegenc0:src-23401   [002] ..... 21462.831535: system_heap_dma_buf_release <-dma_buf_release
      queue0:src-23389   [001] ..... 21462.858415: system_heap_do_allocate.constprop.0 <-system_uncached_heap_allocate
 mppjpegenc0:src-23401   [002] ..... 21462.865090: system_heap_dma_buf_release <-dma_buf_release
      queue0:src-23389   [001] ..... 21462.891672: system_heap_do_allocate.constprop.0 <-system_uncached_heap_allocate
 mppjpegenc0:src-23401   [002] ..... 21462.898155: system_heap_dma_buf_release <-dma_buf_release
      queue0:src-23389   [001] ..... 21462.924980: system_heap_do_allocate.constprop.0 <-system_uncached_heap_allocate
 mppjpegenc0:src-23401   [002] ..... 21462.931364: system_heap_dma_buf_release <-dma_buf_release
      queue0:src-23389   [001] ..... 21462.958262: system_heap_do_allocate.constprop.0 <-system_uncached_heap_allocate
 mppjpegenc0:src-23401   [002] ..... 21462.964995: system_heap_dma_buf_release <-dma_buf_release
      queue0:src-23389   [001] ..... 21462.991497: system_heap_do_allocate.constprop.0 <-system_uncached_heap_allocate
 mppjpegenc0:src-23401   [002] ..... 21462.998090: system_heap_dma_buf_release <-dma_buf_release
      queue0:src-23389   [001] ..... 21463.024819: system_heap_do_allocate.constprop.0 <-system_uncached_heap_allocate
 mppjpegenc0:src-23401   [002] ..... 21463.031205: system_heap_dma_buf_release <-dma_buf_release
      queue0:src-23389   [002] ..... 21463.058108: system_heap_do_allocate.constprop.0 <-system_uncached_heap_allocate
 mppjpegenc0:src-23401   [002] ..... 21463.065229: system_heap_dma_buf_release <-dma_buf_release
      queue0:src-23389   [002] ..... 21463.091343: system_heap_do_allocate.constprop.0 <-system_uncached_heap_allocate
 mppjpegenc0:src-23401   [002] ..... 21463.097886: system_heap_dma_buf_release <-dma_buf_release
      queue0:src-23389   [002] ..... 21463.124678: system_heap_do_allocate.constprop.0 <-system_uncached_heap_allocate
 mppjpegenc0:src-23401   [002] ..... 21463.131133: system_heap_dma_buf_release <-dma_buf_release
      queue0:src-23389   [002] ..... 21463.157949: system_heap_do_allocate.constprop.0 <-system_uncached_heap_allocate
 mppjpegenc0:src-23401   [002] ..... 21463.164492: system_heap_dma_buf_release <-dma_buf_release
      queue0:src-23389   [002] ..... 21463.191135: system_heap_do_allocate.constprop.0 <-system_uncached_heap_allocate
 mppjpegenc0:src-23401   [002] ..... 21463.197713: system_heap_dma_buf_release <-dma_buf_release
      queue0:src-23389   [002] ..... 21463.224466: system_heap_do_allocate.constprop.0 <-system_uncached_heap_allocate
 mppjpegenc0:src-23401   [002] ..... 21463.230920: system_heap_dma_buf_release <-dma_buf_release
      queue0:src-23389   [002] ..... 21463.257741: system_heap_do_allocate.constprop.0 <-system_uncached_heap_allocate
 mppjpegenc0:src-23401   [002] ..... 21463.264287: system_heap_dma_buf_release <-dma_buf_release
      queue0:src-23389   [002] ..... 21463.290974: system_heap_do_allocate.constprop.0 <-system_uncached_heap_allocate
 mppjpegenc0:src-23401   [002] ..... 21463.297565: system_heap_dma_buf_release <-dma_buf_release
      queue0:src-23389   [002] ..... 21463.324306: system_heap_do_allocate.constprop.0 <-system_uncached_heap_allocate
 mppjpegenc0:src-23401   [002] ..... 21463.330770: system_heap_dma_buf_release <-dma_buf_release
      queue0:src-23389   [002] ..... 21463.357579: system_heap_do_allocate.constprop.0 <-system_uncached_heap_allocate
 mppjpegenc0:src-23401   [002] ..... 21463.364107: system_heap_dma_buf_release <-dma_buf_release
      queue0:src-23389   [002] ..... 21463.390818: system_heap_do_allocate.constprop.0 <-system_uncached_heap_allocate
 mppjpegenc0:src-23401   [002] ..... 21463.397359: system_heap_dma_buf_release <-dma_buf_release
      queue0:src-23389   [002] ..... 21463.424154: system_heap_do_allocate.constprop.0 <-system_uncached_heap_allocate
 mppjpegenc0:src-23401   [002] ..... 21463.430680: system_heap_dma_buf_release <-dma_buf_release
      queue0:src-23389   [002] ..... 21463.457418: system_heap_do_allocate.constprop.0 <-system_uncached_heap_allocate
 mppjpegenc0:src-23401   [002] ..... 21463.463836: system_heap_dma_buf_release <-dma_buf_release
      queue0:src-23389   [002] ..... 21463.490652: system_heap_do_allocate.constprop.0 <-system_uncached_heap_allocate
 mppjpegenc0:src-23401   [002] ..... 21463.497191: system_heap_dma_buf_release <-dma_buf_release
      queue0:src-23389   [002] ..... 21463.524017: system_heap_do_allocate.constprop.0 <-system_uncached_heap_allocate
 mppjpegenc0:src-23401   [002] ..... 21463.530557: system_heap_dma_buf_release <-dma_buf_release
      queue0:src-23389   [002] ..... 21463.557260: system_heap_do_allocate.constprop.0 <-system_uncached_heap_allocate
 mppjpegenc0:src-23401   [002] ..... 21463.563784: system_heap_dma_buf_release <-dma_buf_release
      queue0:src-23389   [002] ..... 21463.590495: system_heap_do_allocate.constprop.0 <-system_uncached_heap_allocate
 mppjpegenc0:src-23401   [002] ..... 21463.597012: system_heap_dma_buf_release <-dma_buf_release
      queue0:src-23389   [002] ..... 21463.623875: system_heap_do_allocate.constprop.0 <-system_uncached_heap_allocate
 mppjpegenc0:src-23401   [002] ..... 21463.630391: system_heap_dma_buf_release <-dma_buf_release
      queue0:src-23389   [002] ..... 21463.657101: system_heap_do_allocate.constprop.0 <-system_uncached_heap_allocate
 mppjpegenc0:src-23401   [002] ..... 21463.663593: system_heap_dma_buf_release <-dma_buf_release
      queue0:src-23389   [002] ..... 21463.690388: system_heap_do_allocate.constprop.0 <-system_uncached_heap_allocate
 mppjpegenc0:src-23401   [002] ..... 21463.696950: system_heap_dma_buf_release <-dma_buf_release
      queue0:src-23389   [002] ..... 21463.723729: system_heap_do_allocate.constprop.0 <-system_uncached_heap_allocate
 mppjpegenc0:src-23401   [002] ..... 21463.730266: system_heap_dma_buf_release <-dma_buf_release
      queue0:src-23389   [002] ..... 21463.756996: system_heap_do_allocate.constprop.0 <-system_uncached_heap_allocate
 mppjpegenc0:src-23401   [002] ..... 21463.763530: system_heap_dma_buf_release <-dma_buf_release
      queue0:src-23389   [002] ..... 21463.790278: system_heap_do_allocate.constprop.0 <-system_uncached_heap_allocate
 mppjpegenc0:src-23401   [002] ..... 21463.796868: system_heap_dma_buf_release <-dma_buf_release
      queue0:src-23389   [002] ..... 21463.823542: system_heap_do_allocate.constprop.0 <-system_uncached_heap_allocate
 mppjpegenc0:src-23401   [002] ..... 21463.830061: system_heap_dma_buf_release <-dma_buf_release
      queue0:src-23389   [002] ..... 21463.856835: system_heap_do_allocate.constprop.0 <-system_uncached_heap_allocate
 mppjpegenc0:src-23401   [002] ..... 21463.863282: system_heap_dma_buf_release <-dma_buf_release
      queue0:src-23389   [002] ..... 21463.890118: system_heap_do_allocate.constprop.0 <-system_uncached_heap_allocate
 mppjpegenc0:src-23401   [002] ..... 21463.896660: system_heap_dma_buf_release <-dma_buf_release
      queue0:src-23389   [002] ..... 21463.923351: system_heap_do_allocate.constprop.0 <-system_uncached_heap_allocate
 mppjpegenc0:src-23401   [002] ..... 21463.929917: system_heap_dma_buf_release <-dma_buf_release
      queue0:src-23389   [002] ..... 21463.956711: system_heap_do_allocate.constprop.0 <-system_uncached_heap_allocate
 mppjpegenc0:src-23401   [002] ..... 21463.963164: system_heap_dma_buf_release <-dma_buf_release
      queue0:src-23389   [002] ..... 21463.989959: system_heap_do_allocate.constprop.0 <-system_uncached_heap_allocate
 mppjpegenc0:src-23401   [002] ..... 21463.996539: system_heap_dma_buf_release <-dma_buf_release
      queue0:src-23389   [002] ..... 21464.023191: system_heap_do_allocate.constprop.0 <-system_uncached_heap_allocate
 mppjpegenc0:src-23401   [002] ..... 21464.029743: system_heap_dma_buf_release <-dma_buf_release
      queue0:src-23389   [002] ..... 21464.056479: system_heap_do_allocate.constprop.0 <-system_uncached_heap_allocate
 mppjpegenc0:src-23401   [002] ..... 21464.062911: system_heap_dma_buf_release <-dma_buf_release
      queue0:src-23389   [002] ..... 21464.089719: system_heap_do_allocate.constprop.0 <-system_uncached_heap_allocate
 mppjpegenc0:src-23401   [002] ..... 21464.096132: system_heap_dma_buf_release <-dma_buf_release
      queue0:src-23389   [002] ..... 21464.123030: system_heap_do_allocate.constprop.0 <-system_uncached_heap_allocate
 mppjpegenc0:src-23401   [002] ..... 21464.129581: system_heap_dma_buf_release <-dma_buf_release
      queue0:src-23389   [002] ..... 21464.156361: system_heap_do_allocate.constprop.0 <-system_uncached_heap_allocate
 mppjpegenc0:src-23401   [002] ..... 21464.162848: system_heap_dma_buf_release <-dma_buf_release
      queue0:src-23389   [002] ..... 21464.189639: system_heap_do_allocate.constprop.0 <-system_uncached_heap_allocate
 mppjpegenc0:src-23401   [002] ..... 21464.196042: system_heap_dma_buf_release <-dma_buf_release
      queue0:src-23389   [002] ..... 21464.222877: system_heap_do_allocate.constprop.0 <-system_uncached_heap_allocate
 mppjpegenc0:src-23401   [002] ..... 21464.229426: system_heap_dma_buf_release <-dma_buf_release
      queue0:src-23389   [002] ..... 21464.256201: system_heap_do_allocate.constprop.0 <-system_uncached_heap_allocate
 mppjpegenc0:src-23401   [002] ..... 21464.262660: system_heap_dma_buf_release <-dma_buf_release
      queue0:src-23389   [002] ..... 21464.289476: system_heap_do_allocate.constprop.0 <-system_uncached_heap_allocate
 mppjpegenc0:src-23401   [002] ..... 21464.295882: system_heap_dma_buf_release <-dma_buf_release
      queue0:src-23389   [002] ..... 21464.322717: system_heap_do_allocate.constprop.0 <-system_uncached_heap_allocate
 mppjpegenc0:src-23401   [002] ..... 21464.329188: system_heap_dma_buf_release <-dma_buf_release
      queue0:src-23389   [002] ..... 21464.356039: system_heap_do_allocate.constprop.0 <-system_uncached_heap_allocate
 mppjpegenc0:src-23401   [002] ..... 21464.362457: system_heap_dma_buf_release <-dma_buf_release
      queue0:src-23389   [002] ..... 21464.389319: system_heap_do_allocate.constprop.0 <-system_uncached_heap_allocate
 mppjpegenc0:src-23401   [002] ..... 21464.395744: system_heap_dma_buf_release <-dma_buf_release
      queue0:src-23389   [002] ..... 21464.422553: system_heap_do_allocate.constprop.0 <-system_uncached_heap_allocate
 mppjpegenc0:src-23401   [002] ..... 21464.429012: system_heap_dma_buf_release <-dma_buf_release
      queue0:src-23389   [002] ..... 21464.455859: system_heap_do_allocate.constprop.0 <-system_uncached_heap_allocate
 mppjpegenc0:src-23401   [002] ..... 21464.462370: system_heap_dma_buf_release <-dma_buf_release
      queue0:src-23389   [002] ..... 21464.489159: system_heap_do_allocate.constprop.0 <-system_uncached_heap_allocate
 mppjpegenc0:src-23401   [002] ..... 21464.495603: system_heap_dma_buf_release <-dma_buf_release
      queue0:src-23389   [002] ..... 21464.522439: system_heap_do_allocate.constprop.0 <-system_uncached_heap_allocate
 mppjpegenc0:src-23401   [002] ..... 21464.528930: system_heap_dma_buf_release <-dma_buf_release
      queue0:src-23389   [002] ..... 21464.555678: system_heap_do_allocate.constprop.0 <-system_uncached_heap_allocate
 mppjpegenc0:src-23401   [002] ..... 21464.562141: system_heap_dma_buf_release <-dma_buf_release
      queue0:src-23389   [002] ..... 21464.589000: system_heap_do_allocate.constprop.0 <-system_uncached_heap_allocate
 mppjpegenc0:src-23401   [002] ..... 21464.595412: system_heap_dma_buf_release <-dma_buf_release
      queue0:src-23389   [002] ..... 21464.622297: system_heap_do_allocate.constprop.0 <-system_uncached_heap_allocate
 mppjpegenc0:src-23401   [002] ..... 21464.628845: system_heap_dma_buf_release <-dma_buf_release
      queue0:src-23389   [002] ..... 21464.655528: system_heap_do_allocate.constprop.0 <-system_uncached_heap_allocate
 mppjpegenc0:src-23401   [002] ..... 21464.662031: system_heap_dma_buf_release <-dma_buf_release
      queue0:src-23389   [002] ..... 21464.688839: system_heap_do_allocate.constprop.0 <-system_uncached_heap_allocate
 mppjpegenc0:src-23401   [002] ..... 21464.695296: system_heap_dma_buf_release <-dma_buf_release
      queue0:src-23389   [002] ..... 21464.722117: system_heap_do_allocate.constprop.0 <-system_uncached_heap_allocate
 mppjpegenc0:src-23401   [002] ..... 21464.728678: system_heap_dma_buf_release <-dma_buf_release
      queue0:src-23389   [002] ..... 21464.755351: system_heap_do_allocate.constprop.0 <-system_uncached_heap_allocate
 mppjpegenc0:src-23401   [002] ..... 21464.761902: system_heap_dma_buf_release <-dma_buf_release
      queue0:src-23389   [002] ..... 21464.788680: system_heap_do_allocate.constprop.0 <-system_uncached_heap_allocate
 mppjpegenc0:src-23401   [002] ..... 21464.795141: system_heap_dma_buf_release <-dma_buf_release
      queue0:src-23389   [002] ..... 21464.821960: system_heap_do_allocate.constprop.0 <-system_uncached_heap_allocate
 mppjpegenc0:src-23401   [002] ..... 21464.828512: system_heap_dma_buf_release <-dma_buf_release
      queue0:src-23389   [002] ..... 21464.855183: system_heap_do_allocate.constprop.0 <-system_uncached_heap_allocate
 mppjpegenc0:src-23401   [002] ..... 21464.861728: system_heap_dma_buf_release <-dma_buf_release
      queue0:src-23389   [002] ..... 21464.888520: system_heap_do_allocate.constprop.0 <-system_uncached_heap_allocate
 mppjpegenc0:src-23401   [002] ..... 21464.894971: system_heap_dma_buf_release <-dma_buf_release
      queue0:src-23389   [002] ..... 21464.921803: system_heap_do_allocate.constprop.0 <-system_uncached_heap_allocate
 mppjpegenc0:src-23401   [002] ..... 21464.928229: system_heap_dma_buf_release <-dma_buf_release
      queue0:src-23389   [002] ..... 21464.955029: system_heap_do_allocate.constprop.0 <-system_uncached_heap_allocate
 mppjpegenc0:src-23401   [002] ..... 21464.961568: system_heap_dma_buf_release <-dma_buf_release
      queue0:src-23389   [002] ..... 21464.988330: system_heap_do_allocate.constprop.0 <-system_uncached_heap_allocate
 mppjpegenc0:src-23401   [002] ..... 21464.994788: system_heap_dma_buf_release <-dma_buf_release
      queue0:src-23389   [002] ..... 21465.021638: system_heap_do_allocate.constprop.0 <-system_uncached_heap_allocate
 mppjpegenc0:src-23401   [002] ..... 21465.028045: system_heap_dma_buf_release <-dma_buf_release
      queue0:src-23389   [002] ..... 21465.054857: system_heap_do_allocate.constprop.0 <-system_uncached_heap_allocate
 mppjpegenc0:src-23401   [002] ..... 21465.061455: system_heap_dma_buf_release <-dma_buf_release
      queue0:src-23389   [002] ..... 21465.088168: system_heap_do_allocate.constprop.0 <-system_uncached_heap_allocate
 mppjpegenc0:src-23401   [001] ..... 21465.094868: system_heap_dma_buf_release <-dma_buf_release
      queue0:src-23389   [002] ..... 21465.121481: system_heap_do_allocate.constprop.0 <-system_uncached_heap_allocate
 mppjpegenc0:src-23401   [001] ..... 21465.128037: system_heap_dma_buf_release <-dma_buf_release
      queue0:src-23389   [002] ..... 21465.154700: system_heap_do_allocate.constprop.0 <-system_uncached_heap_allocate
 mppjpegenc0:src-23401   [001] ..... 21465.161346: system_heap_dma_buf_release <-dma_buf_release
      queue0:src-23389   [002] ..... 21465.188032: system_heap_do_allocate.constprop.0 <-system_uncached_heap_allocate
 mppjpegenc0:src-23401   [001] ..... 21465.194617: system_heap_dma_buf_release <-dma_buf_release
      queue0:src-23389   [002] ..... 21465.221309: system_heap_do_allocate.constprop.0 <-system_uncached_heap_allocate
 mppjpegenc0:src-23401   [001] ..... 21465.227808: system_heap_dma_buf_release <-dma_buf_release
      queue0:src-23389   [002] ..... 21465.254545: system_heap_do_allocate.constprop.0 <-system_uncached_heap_allocate
 mppjpegenc0:src-23401   [001] ..... 21465.261198: system_heap_dma_buf_release <-dma_buf_release
      queue0:src-23389   [002] ..... 21465.287852: system_heap_do_allocate.constprop.0 <-system_uncached_heap_allocate
 mppjpegenc0:src-23401   [001] ..... 21465.294503: system_heap_dma_buf_release <-dma_buf_release
      queue0:src-23389   [002] ..... 21465.321150: system_heap_do_allocate.constprop.0 <-system_uncached_heap_allocate
 mppjpegenc0:src-23401   [001] ..... 21465.327680: system_heap_dma_buf_release <-dma_buf_release
      queue0:src-23389   [002] ..... 21465.354385: system_heap_do_allocate.constprop.0 <-system_uncached_heap_allocate
 mppjpegenc0:src-23401   [001] ..... 21465.361105: system_heap_dma_buf_release <-dma_buf_release
      queue0:src-23389   [002] ..... 21465.387707: system_heap_do_allocate.constprop.0 <-system_uncached_heap_allocate
 mppjpegenc0:src-23401   [001] ..... 21465.394317: system_heap_dma_buf_release <-dma_buf_release
      queue0:src-23389   [002] ..... 21465.420982: system_heap_do_allocate.constprop.0 <-system_uncached_heap_allocate
 mppjpegenc0:src-23401   [001] ..... 21465.427448: system_heap_dma_buf_release <-dma_buf_release
      queue0:src-23389   [002] ..... 21465.454264: system_heap_do_allocate.constprop.0 <-system_uncached_heap_allocate
 mppjpegenc0:src-23401   [001] ..... 21465.460947: system_heap_dma_buf_release <-dma_buf_release
      queue0:src-23389   [002] ..... 21465.487547: system_heap_do_allocate.constprop.0 <-system_uncached_heap_allocate
 mppjpegenc0:src-23401   [001] ..... 21465.494218: system_heap_dma_buf_release <-dma_buf_release
      queue0:src-23389   [002] ..... 21465.520825: system_heap_do_allocate.constprop.0 <-system_uncached_heap_allocate
 mppjpegenc0:src-23401   [001] ..... 21465.527276: system_heap_dma_buf_release <-dma_buf_release
      queue0:src-23389   [002] ..... 21465.554102: system_heap_do_allocate.constprop.0 <-system_uncached_heap_allocate
 mppjpegenc0:src-23401   [001] ..... 21465.560773: system_heap_dma_buf_release <-dma_buf_release
      queue0:src-23389   [002] ..... 21465.587338: system_heap_do_allocate.constprop.0 <-system_uncached_heap_allocate
 mppjpegenc0:src-23401   [001] ..... 21465.594054: system_heap_dma_buf_release <-dma_buf_release
      queue0:src-23389   [002] ..... 21465.620664: system_heap_do_allocate.constprop.0 <-system_uncached_heap_allocate
 mppjpegenc0:src-23401   [001] ..... 21465.627162: system_heap_dma_buf_release <-dma_buf_release
      queue0:src-23389   [002] ..... 21465.653945: system_heap_do_allocate.constprop.0 <-system_uncached_heap_allocate
 mppjpegenc0:src-23401   [001] ..... 21465.660609: system_heap_dma_buf_release <-dma_buf_release
      queue0:src-23389   [002] ..... 21465.687173: system_heap_do_allocate.constprop.0 <-system_uncached_heap_allocate
 mppjpegenc0:src-23401   [001] ..... 21465.693922: system_heap_dma_buf_release <-dma_buf_release
      queue0:src-23389   [002] ..... 21465.720511: system_heap_do_allocate.constprop.0 <-system_uncached_heap_allocate
 mppjpegenc0:src-23401   [001] ..... 21465.727015: system_heap_dma_buf_release <-dma_buf_release
      queue0:src-23389   [002] ..... 21465.753789: system_heap_do_allocate.constprop.0 <-system_uncached_heap_allocate
 mppjpegenc0:src-23401   [001] ..... 21465.760354: system_heap_dma_buf_release <-dma_buf_release
      queue0:src-23389   [002] ..... 21465.787015: system_heap_do_allocate.constprop.0 <-system_uncached_heap_allocate
 mppjpegenc0:src-23401   [001] ..... 21465.793780: system_heap_dma_buf_release <-dma_buf_release
      queue0:src-23389   [002] ..... 21465.820269: system_heap_do_allocate.constprop.0 <-system_uncached_heap_allocate
 mppjpegenc0:src-23401   [001] ..... 21465.826812: system_heap_dma_buf_release <-dma_buf_release
      queue0:src-23389   [002] ..... 21465.853578: system_heap_do_allocate.constprop.0 <-system_uncached_heap_allocate
 mppjpegenc0:src-23401   [001] ..... 21465.860122: system_heap_dma_buf_release <-dma_buf_release
      queue0:src-23389   [002] ..... 21465.886816: system_heap_do_allocate.constprop.0 <-system_uncached_heap_allocate
 mppjpegenc0:src-23401   [001] ..... 21465.893359: system_heap_dma_buf_release <-dma_buf_release
      queue0:src-23389   [002] ..... 21465.920141: system_heap_do_allocate.constprop.0 <-system_uncached_heap_allocate
 mppjpegenc0:src-23401   [001] ..... 21465.926762: system_heap_dma_buf_release <-dma_buf_release
      queue0:src-23389   [002] ..... 21465.953415: system_heap_do_allocate.constprop.0 <-system_uncached_heap_allocate
 mppjpegenc0:src-23401   [001] ..... 21465.959946: system_heap_dma_buf_release <-dma_buf_release
      queue0:src-23389   [002] ..... 21465.986651: system_heap_do_allocate.constprop.0 <-system_uncached_heap_allocate
 mppjpegenc0:src-23401   [001] ..... 21465.993303: system_heap_dma_buf_release <-dma_buf_release
      queue0:src-23389   [002] ..... 21466.019980: system_heap_do_allocate.constprop.0 <-system_uncached_heap_allocate
 mppjpegenc0:src-23401   [001] ..... 21466.026564: system_heap_dma_buf_release <-dma_buf_release
      queue0:src-23389   [002] ..... 21466.053256: system_heap_do_allocate.constprop.0 <-system_uncached_heap_allocate
 mppjpegenc0:src-23401   [002] ..... 21466.060664: system_heap_dma_buf_release <-dma_buf_release
      queue0:src-23389   [002] ..... 21466.086490: system_heap_do_allocate.constprop.0 <-system_uncached_heap_allocate
 mppjpegenc0:src-23401   [001] ..... 21466.093164: system_heap_dma_buf_release <-dma_buf_release
      queue0:src-23389   [001] ..... 21466.119968: system_heap_do_allocate.constprop.0 <-system_uncached_heap_allocate
 mppjpegenc0:src-23401   [001] ..... 21466.126497: system_heap_dma_buf_release <-dma_buf_release
      queue0:src-23389   [002] ..... 21466.153107: system_heap_do_allocate.constprop.0 <-system_uncached_heap_allocate
 mppjpegenc0:src-23401   [001] ..... 21466.159516: system_heap_dma_buf_release <-dma_buf_release
      queue0:src-23389   [002] ..... 21466.186332: system_heap_do_allocate.constprop.0 <-system_uncached_heap_allocate
 mppjpegenc0:src-23401   [002] ..... 21466.193136: system_heap_dma_buf_release <-dma_buf_release
      queue0:src-23389   [001] ..... 21466.219678: system_heap_do_allocate.constprop.0 <-system_uncached_heap_allocate
 mppjpegenc0:src-23401   [002] ..... 21466.226111: system_heap_dma_buf_release <-dma_buf_release
      queue0:src-23389   [001] ..... 21466.252982: system_heap_do_allocate.constprop.0 <-system_uncached_heap_allocate
 mppjpegenc0:src-23401   [002] ..... 21466.259405: system_heap_dma_buf_release <-dma_buf_release
      queue0:src-23389   [001] ..... 21466.286267: system_heap_do_allocate.constprop.0 <-system_uncached_heap_allocate
 mppjpegenc0:src-23401   [002] ..... 21466.292914: system_heap_dma_buf_release <-dma_buf_release
      queue0:src-23389   [001] ..... 21466.319458: system_heap_do_allocate.constprop.0 <-system_uncached_heap_allocate
 mppjpegenc0:src-23401   [002] ..... 21466.325989: system_heap_dma_buf_release <-dma_buf_release
      queue0:src-23389   [001] ..... 21466.352824: system_heap_do_allocate.constprop.0 <-system_uncached_heap_allocate
 mppjpegenc0:src-23401   [002] ..... 21466.359245: system_heap_dma_buf_release <-dma_buf_release
      queue0:src-23389   [001] ..... 21466.386098: system_heap_do_allocate.constprop.0 <-system_uncached_heap_allocate
 mppjpegenc0:src-23401   [002] ..... 21466.392655: system_heap_dma_buf_release <-dma_buf_release
      queue0:src-23389   [001] ..... 21466.419288: system_heap_do_allocate.constprop.0 <-system_uncached_heap_allocate
 mppjpegenc0:src-23401   [002] ..... 21466.425825: system_heap_dma_buf_release <-dma_buf_release
      queue0:src-23389   [001] ..... 21466.452661: system_heap_do_allocate.constprop.0 <-system_uncached_heap_allocate
 mppjpegenc0:src-23401   [002] ..... 21466.459086: system_heap_dma_buf_release <-dma_buf_release
      queue0:src-23389   [001] ..... 21466.485944: system_heap_do_allocate.constprop.0 <-system_uncached_heap_allocate
 mppjpegenc0:src-23401   [002] ..... 21466.492541: system_heap_dma_buf_release <-dma_buf_release
      queue0:src-23389   [001] ..... 21466.519124: system_heap_do_allocate.constprop.0 <-system_uncached_heap_allocate
 mppjpegenc0:src-23401   [002] ..... 21466.525669: system_heap_dma_buf_release <-dma_buf_release
      queue0:src-23389   [001] ..... 21466.552508: system_heap_do_allocate.constprop.0 <-system_uncached_heap_allocate
 mppjpegenc0:src-23401   [002] ..... 21466.558958: system_heap_dma_buf_release <-dma_buf_release
      queue0:src-23389   [001] ..... 21466.585781: system_heap_do_allocate.constprop.0 <-system_uncached_heap_allocate
 mppjpegenc0:src-23401   [002] ..... 21466.592289: system_heap_dma_buf_release <-dma_buf_release
      queue0:src-23389   [001] ..... 21466.618969: system_heap_do_allocate.constprop.0 <-system_uncached_heap_allocate
 mppjpegenc0:src-23401   [002] ..... 21466.625523: system_heap_dma_buf_release <-dma_buf_release
      queue0:src-23389   [001] ..... 21466.652348: system_heap_do_allocate.constprop.0 <-system_uncached_heap_allocate
 mppjpegenc0:src-23401   [002] ..... 21466.658823: system_heap_dma_buf_release <-dma_buf_release
      queue0:src-23389   [001] ..... 21466.685625: system_heap_do_allocate.constprop.0 <-system_uncached_heap_allocate
 mppjpegenc0:src-23401   [002] ..... 21466.692059: system_heap_dma_buf_release <-dma_buf_release
      queue0:src-23389   [001] ..... 21466.718808: system_heap_do_allocate.constprop.0 <-system_uncached_heap_allocate
 mppjpegenc0:src-23401   [002] ..... 21466.725356: system_heap_dma_buf_release <-dma_buf_release
      queue0:src-23389   [001] ..... 21466.752186: system_heap_do_allocate.constprop.0 <-system_uncached_heap_allocate
 mppjpegenc0:src-23401   [002] ..... 21466.758700: system_heap_dma_buf_release <-dma_buf_release
      queue0:src-23389   [001] ..... 21466.785463: system_heap_do_allocate.constprop.0 <-system_uncached_heap_allocate
 mppjpegenc0:src-23401   [002] ..... 21466.791859: system_heap_dma_buf_release <-dma_buf_release
      queue0:src-23389   [001] ..... 21466.818659: system_heap_do_allocate.constprop.0 <-system_uncached_heap_allocate
 mppjpegenc0:src-23401   [002] ..... 21466.825173: system_heap_dma_buf_release <-dma_buf_release
      queue0:src-23389   [001] ..... 21466.852028: system_heap_do_allocate.constprop.0 <-system_uncached_heap_allocate
 mppjpegenc0:src-23401   [002] ..... 21466.858502: system_heap_dma_buf_release <-dma_buf_release
      queue0:src-23389   [001] ..... 21466.885305: system_heap_do_allocate.constprop.0 <-system_uncached_heap_allocate
 mppjpegenc0:src-23401   [002] ..... 21466.891749: system_heap_dma_buf_release <-dma_buf_release
      queue0:src-23389   [001] ..... 21466.918494: system_heap_do_allocate.constprop.0 <-system_uncached_heap_allocate
 mppjpegenc0:src-23401   [002] ..... 21466.925084: system_heap_dma_buf_release <-dma_buf_release
      queue0:src-23389   [001] ..... 21466.951817: system_heap_do_allocate.constprop.0 <-system_uncached_heap_allocate
 mppjpegenc0:src-23401   [002] ..... 21466.958429: system_heap_dma_buf_release <-dma_buf_release
      queue0:src-23389   [001] ..... 21466.985145: system_heap_do_allocate.constprop.0 <-system_uncached_heap_allocate
 mppjpegenc0:src-23401   [002] ..... 21466.991564: system_heap_dma_buf_release <-dma_buf_release
      queue0:src-23389   [001] ..... 21467.018443: system_heap_do_allocate.constprop.0 <-system_uncached_heap_allocate
 mppjpegenc0:src-23401   [002] ..... 21467.025076: system_heap_dma_buf_release <-dma_buf_release
      queue0:src-23389   [001] ..... 21467.051675: system_heap_do_allocate.constprop.0 <-system_uncached_heap_allocate
 mppjpegenc0:src-23401   [002] ..... 21467.058091: system_heap_dma_buf_release <-dma_buf_release
      queue0:src-23389   [001] ..... 21467.084993: system_heap_do_allocate.constprop.0 <-system_uncached_heap_allocate
 mppjpegenc0:src-23401   [002] ..... 21467.091476: system_heap_dma_buf_release <-dma_buf_release
      queue0:src-23389   [001] ..... 21467.118264: system_heap_do_allocate.constprop.0 <-system_uncached_heap_allocate
 mppjpegenc0:src-23401   [001] ..... 21467.125032: system_heap_dma_buf_release <-dma_buf_release
      queue0:src-23389   [001] ..... 21467.151486: system_heap_do_allocate.constprop.0 <-system_uncached_heap_allocate
 mppjpegenc0:src-23401   [002] ..... 21467.157994: system_heap_dma_buf_release <-dma_buf_release
      queue0:src-23389   [001] ..... 21467.184826: system_heap_do_allocate.constprop.0 <-system_uncached_heap_allocate
 mppjpegenc0:src-23401   [002] ..... 21467.191222: system_heap_dma_buf_release <-dma_buf_release
      queue0:src-23389   [001] ..... 21467.218098: system_heap_do_allocate.constprop.0 <-system_uncached_heap_allocate
 mppjpegenc0:src-23401   [002] ..... 21467.224642: system_heap_dma_buf_release <-dma_buf_release
      queue0:src-23389   [001] ..... 21467.251314: system_heap_do_allocate.constprop.0 <-system_uncached_heap_allocate
 mppjpegenc0:src-23401   [002] ..... 21467.257842: system_heap_dma_buf_release <-dma_buf_release
      queue0:src-23389   [001] ..... 21467.284579: system_heap_do_allocate.constprop.0 <-system_uncached_heap_allocate
 mppjpegenc0:src-23401   [002] ..... 21467.291020: system_heap_dma_buf_release <-dma_buf_release
      queue0:src-23389   [001] ..... 21467.317933: system_heap_do_allocate.constprop.0 <-system_uncached_heap_allocate
 mppjpegenc0:src-23401   [002] ..... 21467.324433: system_heap_dma_buf_release <-dma_buf_release
      queue0:src-23389   [001] ..... 21467.351128: system_heap_do_allocate.constprop.0 <-system_uncached_heap_allocate
 mppjpegenc0:src-23401   [002] ..... 21467.357668: system_heap_dma_buf_release <-dma_buf_release
      queue0:src-23389   [001] ..... 21467.384504: system_heap_do_allocate.constprop.0 <-system_uncached_heap_allocate
 mppjpegenc0:src-23401   [002] ..... 21467.390907: system_heap_dma_buf_release <-dma_buf_release
      queue0:src-23389   [001] ..... 21467.417782: system_heap_do_allocate.constprop.0 <-system_uncached_heap_allocate
 mppjpegenc0:src-23401   [002] ..... 21467.424354: system_heap_dma_buf_release <-dma_buf_release
      queue0:src-23389   [001] ..... 21467.450967: system_heap_do_allocate.constprop.0 <-system_uncached_heap_allocate
 mppjpegenc0:src-23401   [002] ..... 21467.457525: system_heap_dma_buf_release <-dma_buf_release
      queue0:src-23389   [001] ..... 21467.484345: system_heap_do_allocate.constprop.0 <-system_uncached_heap_allocate
 mppjpegenc0:src-23401   [002] ..... 21467.490837: system_heap_dma_buf_release <-dma_buf_release
      queue0:src-23389   [001] ..... 21467.517624: system_heap_do_allocate.constprop.0 <-system_uncached_heap_allocate
 mppjpegenc0:src-23401   [002] ..... 21467.524051: system_heap_dma_buf_release <-dma_buf_release
      queue0:src-23389   [001] ..... 21467.550808: system_heap_do_allocate.constprop.0 <-system_uncached_heap_allocate
 mppjpegenc0:src-23401   [002] ..... 21467.557263: system_heap_dma_buf_release <-dma_buf_release
      queue0:src-23389   [001] ..... 21467.584185: system_heap_do_allocate.constprop.0 <-system_uncached_heap_allocate
 mppjpegenc0:src-23401   [002] ..... 21467.590720: system_heap_dma_buf_release <-dma_buf_release
      queue0:src-23389   [001] ..... 21467.617459: system_heap_do_allocate.constprop.0 <-system_uncached_heap_allocate
 mppjpegenc0:src-23401   [002] ..... 21467.623821: system_heap_dma_buf_release <-dma_buf_release
      queue0:src-23389   [001] ..... 21467.650650: system_heap_do_allocate.constprop.0 <-system_uncached_heap_allocate
 mppjpegenc0:src-23401   [002] ..... 21467.657115: system_heap_dma_buf_release <-dma_buf_release
      queue0:src-23389   [001] ..... 21467.684038: system_heap_do_allocate.constprop.0 <-system_uncached_heap_allocate
 mppjpegenc0:src-23401   [002] ..... 21467.690582: system_heap_dma_buf_release <-dma_buf_release
      queue0:src-23389   [001] ..... 21467.717301: system_heap_do_allocate.constprop.0 <-system_uncached_heap_allocate
 mppjpegenc0:src-23401   [002] ..... 21467.723718: system_heap_dma_buf_release <-dma_buf_release
      queue0:src-23389   [001] ..... 21467.750488: system_heap_do_allocate.constprop.0 <-system_uncached_heap_allocate
 mppjpegenc0:src-23401   [002] ..... 21467.757006: system_heap_dma_buf_release <-dma_buf_release
      queue0:src-23389   [001] ..... 21467.783827: system_heap_do_allocate.constprop.0 <-system_uncached_heap_allocate
 mppjpegenc0:src-23401   [002] ..... 21467.790319: system_heap_dma_buf_release <-dma_buf_release
      queue0:src-23389   [001] ..... 21467.817143: system_heap_do_allocate.constprop.0 <-system_uncached_heap_allocate
 mppjpegenc0:src-23401   [002] ..... 21467.823547: system_heap_dma_buf_release <-dma_buf_release
      queue0:src-23389   [001] ..... 21467.850335: system_heap_do_allocate.constprop.0 <-system_uncached_heap_allocate
 mppjpegenc0:src-23401   [002] ..... 21467.857002: system_heap_dma_buf_release <-dma_buf_release
      queue0:src-23389   [001] ..... 21467.883688: system_heap_do_allocate.constprop.0 <-system_uncached_heap_allocate
 mppjpegenc0:src-23401   [002] ..... 21467.890252: system_heap_dma_buf_release <-dma_buf_release
      queue0:src-23389   [001] ..... 21467.916983: system_heap_do_allocate.constprop.0 <-system_uncached_heap_allocate
 mppjpegenc0:src-23401   [002] ..... 21467.923341: system_heap_dma_buf_release <-dma_buf_release
      queue0:src-23389   [001] ..... 21467.950195: system_heap_do_allocate.constprop.0 <-system_uncached_heap_allocate
 mppjpegenc0:src-23401   [002] ..... 21467.956885: system_heap_dma_buf_release <-dma_buf_release
      queue0:src-23389   [001] ..... 21467.983465: system_heap_do_allocate.constprop.0 <-system_uncached_heap_allocate
 mppjpegenc0:src-23401   [002] ..... 21467.989968: system_heap_dma_buf_release <-dma_buf_release
      queue0:src-23389   [001] ..... 21468.016819: system_heap_do_allocate.constprop.0 <-system_uncached_heap_allocate
 mppjpegenc0:src-23401   [002] ..... 21468.023180: system_heap_dma_buf_release <-dma_buf_release
      queue0:src-23389   [001] ..... 21468.050111: system_heap_do_allocate.constprop.0 <-system_uncached_heap_allocate
 mppjpegenc0:src-23401   [002] ..... 21468.056643: system_heap_dma_buf_release <-dma_buf_release
      queue0:src-23389   [001] ..... 21468.083313: system_heap_do_allocate.constprop.0 <-system_uncached_heap_allocate
 mppjpegenc0:src-23401   [002] ..... 21468.089838: system_heap_dma_buf_release <-dma_buf_release
      queue0:src-23389   [001] ..... 21468.116655: system_heap_do_allocate.constprop.0 <-system_uncached_heap_allocate
 mppjpegenc0:src-23401   [002] ..... 21468.123074: system_heap_dma_buf_release <-dma_buf_release
      queue0:src-23389   [001] ..... 21468.150022: system_heap_do_allocate.constprop.0 <-system_uncached_heap_allocate
 mppjpegenc0:src-23401   [001] ..... 21468.156846: system_heap_dma_buf_release <-dma_buf_release
      queue0:src-23389   [001] ..... 21468.183131: system_heap_do_allocate.constprop.0 <-system_uncached_heap_allocate
 mppjpegenc0:src-23401   [002] ..... 21468.189647: system_heap_dma_buf_release <-dma_buf_release
      queue0:src-23389   [001] ..... 21468.216510: system_heap_do_allocate.constprop.0 <-system_uncached_heap_allocate
 mppjpegenc0:src-23401   [002] ..... 21468.222908: system_heap_dma_buf_release <-dma_buf_release
      queue0:src-23389   [001] ..... 21468.249735: system_heap_do_allocate.constprop.0 <-system_uncached_heap_allocate
 mppjpegenc0:src-23401   [002] ..... 21468.256213: system_heap_dma_buf_release <-dma_buf_release
      queue0:src-23389   [001] ..... 21468.282971: system_heap_do_allocate.constprop.0 <-system_uncached_heap_allocate
 mppjpegenc0:src-23401   [002] ..... 21468.289474: system_heap_dma_buf_release <-dma_buf_release
      queue0:src-23389   [001] ..... 21468.316304: system_heap_do_allocate.constprop.0 <-system_uncached_heap_allocate
 mppjpegenc0:src-23401   [002] ..... 21468.322823: system_heap_dma_buf_release <-dma_buf_release
      queue0:src-23389   [001] ..... 21468.349575: system_heap_do_allocate.constprop.0 <-system_uncached_heap_allocate
 mppjpegenc0:src-23401   [002] ..... 21468.356009: system_heap_dma_buf_release <-dma_buf_release
      queue0:src-23389   [001] ..... 21468.382808: system_heap_do_allocate.constprop.0 <-system_uncached_heap_allocate
 mppjpegenc0:src-23401   [002] ..... 21468.389324: system_heap_dma_buf_release <-dma_buf_release
      queue0:src-23389   [001] ..... 21468.416181: system_heap_do_allocate.constprop.0 <-system_uncached_heap_allocate
 mppjpegenc0:src-23401   [002] ..... 21468.422675: system_heap_dma_buf_release <-dma_buf_release
      queue0:src-23389   [001] ..... 21468.449418: system_heap_do_allocate.constprop.0 <-system_uncached_heap_allocate
 mppjpegenc0:src-23401   [002] ..... 21468.455832: system_heap_dma_buf_release <-dma_buf_release
      queue0:src-23389   [001] ..... 21468.482657: system_heap_do_allocate.constprop.0 <-system_uncached_heap_allocate
 mppjpegenc0:src-23401   [002] ..... 21468.489158: system_heap_dma_buf_release <-dma_buf_release
      queue0:src-23389   [001] ..... 21468.516035: system_heap_do_allocate.constprop.0 <-system_uncached_heap_allocate
 mppjpegenc0:src-23401   [002] ..... 21468.522528: system_heap_dma_buf_release <-dma_buf_release
      queue0:src-23389   [001] ..... 21468.549260: system_heap_do_allocate.constprop.0 <-system_uncached_heap_allocate
 mppjpegenc0:src-23401   [002] ..... 21468.555656: system_heap_dma_buf_release <-dma_buf_release
      queue0:src-23389   [001] ..... 21468.582494: system_heap_do_allocate.constprop.0 <-system_uncached_heap_allocate
 mppjpegenc0:src-23401   [002] ..... 21468.589053: system_heap_dma_buf_release <-dma_buf_release
      queue0:src-23389   [001] ..... 21468.615834: system_heap_do_allocate.constprop.0 <-system_uncached_heap_allocate
 mppjpegenc0:src-23401   [002] ..... 21468.622283: system_heap_dma_buf_release <-dma_buf_release
      queue0:src-23389   [001] ..... 21468.649102: system_heap_do_allocate.constprop.0 <-system_uncached_heap_allocate
 mppjpegenc0:src-23401   [002] ..... 21468.655495: system_heap_dma_buf_release <-dma_buf_release
      queue0:src-23389   [001] ..... 21468.682378: system_heap_do_allocate.constprop.0 <-system_uncached_heap_allocate
 mppjpegenc0:src-23401   [002] ..... 21468.689069: system_heap_dma_buf_release <-dma_buf_release
      queue0:src-23389   [001] ..... 21468.715673: system_heap_do_allocate.constprop.0 <-system_uncached_heap_allocate
 mppjpegenc0:src-23401   [002] ..... 21468.722221: system_heap_dma_buf_release <-dma_buf_release
      queue0:src-23389   [001] ..... 21468.749004: system_heap_do_allocate.constprop.0 <-system_uncached_heap_allocate
 mppjpegenc0:src-23401   [002] ..... 21468.755447: system_heap_dma_buf_release <-dma_buf_release
      queue0:src-23389   [001] ..... 21468.782264: system_heap_do_allocate.constprop.0 <-system_uncached_heap_allocate
 mppjpegenc0:src-23401   [002] ..... 21468.788952: system_heap_dma_buf_release <-dma_buf_release
      queue0:src-23389   [001] ..... 21468.815463: system_heap_do_allocate.constprop.0 <-system_uncached_heap_allocate
 mppjpegenc0:src-23401   [002] ..... 21468.821980: system_heap_dma_buf_release <-dma_buf_release
      queue0:src-23389   [001] ..... 21468.848822: system_heap_do_allocate.constprop.0 <-system_uncached_heap_allocate
 mppjpegenc0:src-23401   [002] ..... 21468.855252: system_heap_dma_buf_release <-dma_buf_release
      queue0:src-23389   [001] ..... 21468.882102: system_heap_do_allocate.constprop.0 <-system_uncached_heap_allocate
 mppjpegenc0:src-23401   [002] ..... 21468.888645: system_heap_dma_buf_release <-dma_buf_release
      queue0:src-23389   [001] ..... 21468.915285: system_heap_do_allocate.constprop.0 <-system_uncached_heap_allocate
 mppjpegenc0:src-23401   [002] ..... 21468.921817: system_heap_dma_buf_release <-dma_buf_release
      queue0:src-23389   [001] ..... 21468.948665: system_heap_do_allocate.constprop.0 <-system_uncached_heap_allocate
 mppjpegenc0:src-23401   [002] ..... 21468.955091: system_heap_dma_buf_release <-dma_buf_release
      queue0:src-23389   [001] ..... 21468.981944: system_heap_do_allocate.constprop.0 <-system_uncached_heap_allocate
 mppjpegenc0:src-23401   [002] ..... 21468.988518: system_heap_dma_buf_release <-dma_buf_release
      queue0:src-23389   [001] ..... 21469.015135: system_heap_do_allocate.constprop.0 <-system_uncached_heap_allocate
 mppjpegenc0:src-23401   [002] ..... 21469.021695: system_heap_dma_buf_release <-dma_buf_release
      queue0:src-23389   [001] ..... 21469.048502: system_heap_do_allocate.constprop.0 <-system_uncached_heap_allocate
 mppjpegenc0:src-23401   [002] ..... 21469.054964: system_heap_dma_buf_release <-dma_buf_release
