# tracer: function
#
# entries-in-buffer/entries-written: 1208/1208   #P:4
#
#                                _-----=> irqs-off/BH-disabled
#                               / _----=> need-resched
#                              | / _---=> hardirq/softirq
#                              || / _--=> preempt-depth
#                              ||| / _-=> migrate-disable
#                              |||| /     delay
#           TASK-PID     CPU#  |||||  TIMESTAMP  FUNCTION
#              | |         |   |||||     |         |
 mppjpegenc0:src-8082    [000] ..... 20147.162397: system_heap_dma_buf_release <-dma_buf_release
      queue0:src-8076    [001] ..... 20147.181639: system_heap_do_allocate.constprop.0 <-system_uncached_heap_allocate
 mppjpegenc0:src-8082    [002] ..... 20147.195270: system_heap_dma_buf_release <-dma_buf_release
      queue0:src-8076    [001] ..... 20147.214870: system_heap_do_allocate.constprop.0 <-system_uncached_heap_allocate
 mppjpegenc0:src-8082    [002] ..... 20147.228674: system_heap_dma_buf_release <-dma_buf_release
      queue0:src-8076    [001] ..... 20147.248160: system_heap_do_allocate.constprop.0 <-system_uncached_heap_allocate
 mppjpegenc0:src-8082    [002] ..... 20147.262375: system_heap_dma_buf_release <-dma_buf_release
      queue0:src-8076    [001] ..... 20147.281467: system_heap_do_allocate.constprop.0 <-system_uncached_heap_allocate
 mppjpegenc0:src-8082    [002] ..... 20147.295106: system_heap_dma_buf_release <-dma_buf_release
      queue0:src-8076    [001] ..... 20147.314702: system_heap_do_allocate.constprop.0 <-system_uncached_heap_allocate
 mppjpegenc0:src-8082    [002] ..... 20147.328440: system_heap_dma_buf_release <-dma_buf_release
      queue0:src-8076    [001] ..... 20147.348043: system_heap_do_allocate.constprop.0 <-system_uncached_heap_allocate
 mppjpegenc0:src-8082    [002] ..... 20147.361772: system_heap_dma_buf_release <-dma_buf_release
      queue0:src-8076    [001] ..... 20147.381311: system_heap_do_allocate.constprop.0 <-system_uncached_heap_allocate
 mppjpegenc0:src-8082    [002] ..... 20147.394938: system_heap_dma_buf_release <-dma_buf_release
      queue0:src-8076    [001] ..... 20147.414551: system_heap_do_allocate.constprop.0 <-system_uncached_heap_allocate
 mppjpegenc0:src-8082    [002] ..... 20147.428272: system_heap_dma_buf_release <-dma_buf_release
      queue0:src-8076    [001] ..... 20147.447859: system_heap_do_allocate.constprop.0 <-system_uncached_heap_allocate
 mppjpegenc0:src-8082    [002] ..... 20147.461796: system_heap_dma_buf_release <-dma_buf_release
      queue0:src-8076    [001] ..... 20147.481165: system_heap_do_allocate.constprop.0 <-system_uncached_heap_allocate
 mppjpegenc0:src-8082    [002] ..... 20147.494843: system_heap_dma_buf_release <-dma_buf_release
      queue0:src-8076    [001] ..... 20147.514412: system_heap_do_allocate.constprop.0 <-system_uncached_heap_allocate
 mppjpegenc0:src-8082    [002] ..... 20147.528183: system_heap_dma_buf_release <-dma_buf_release
      queue0:src-8076    [001] ..... 20147.547782: system_heap_do_allocate.constprop.0 <-system_uncached_heap_allocate
 mppjpegenc0:src-8082    [002] ..... 20147.561433: system_heap_dma_buf_release <-dma_buf_release
      queue0:src-8076    [001] ..... 20147.581008: system_heap_do_allocate.constprop.0 <-system_uncached_heap_allocate
 mppjpegenc0:src-8082    [002] ..... 20147.594759: system_heap_dma_buf_release <-dma_buf_release
      queue0:src-8076    [001] ..... 20147.614295: system_heap_do_allocate.constprop.0 <-system_uncached_heap_allocate
 mppjpegenc0:src-8082    [002] ..... 20147.629240: system_heap_dma_buf_release <-dma_buf_release
      queue0:src-8076    [001] ..... 20147.647573: system_heap_do_allocate.constprop.0 <-system_uncached_heap_allocate
 mppjpegenc0:src-8082    [002] ..... 20147.661906: system_heap_dma_buf_release <-dma_buf_release
      queue0:src-8076    [001] ..... 20147.680865: system_heap_do_allocate.constprop.0 <-system_uncached_heap_allocate
 mppjpegenc0:src-8082    [002] ..... 20147.694761: system_heap_dma_buf_release <-dma_buf_release
      queue0:src-8076    [001] ..... 20147.714138: system_heap_do_allocate.constprop.0 <-system_uncached_heap_allocate
 mppjpegenc0:src-8082    [002] ..... 20147.728065: system_heap_dma_buf_release <-dma_buf_release
      queue0:src-8076    [001] ..... 20147.747353: system_heap_do_allocate.constprop.0 <-system_uncached_heap_allocate
 mppjpegenc0:src-8082    [002] ..... 20147.761340: system_heap_dma_buf_release <-dma_buf_release
      queue0:src-8076    [001] ..... 20147.780692: system_heap_do_allocate.constprop.0 <-system_uncached_heap_allocate
 mppjpegenc0:src-8082    [002] ..... 20147.794658: system_heap_dma_buf_release <-dma_buf_release
      queue0:src-8076    [001] ..... 20147.813975: system_heap_do_allocate.constprop.0 <-system_uncached_heap_allocate
 mppjpegenc0:src-8082    [002] ..... 20147.828725: system_heap_dma_buf_release <-dma_buf_release
      queue0:src-8076    [001] ..... 20147.847190: system_heap_do_allocate.constprop.0 <-system_uncached_heap_allocate
 mppjpegenc0:src-8082    [002] ..... 20147.861168: system_heap_dma_buf_release <-dma_buf_release
      queue0:src-8076    [001] ..... 20147.880534: system_heap_do_allocate.constprop.0 <-system_uncached_heap_allocate
 mppjpegenc0:src-8082    [002] ..... 20147.894516: system_heap_dma_buf_release <-dma_buf_release
      queue0:src-8076    [001] ..... 20147.913812: system_heap_do_allocate.constprop.0 <-system_uncached_heap_allocate
 mppjpegenc0:src-8082    [002] ..... 20147.927710: system_heap_dma_buf_release <-dma_buf_release
      queue0:src-8076    [001] ..... 20147.947088: system_heap_do_allocate.constprop.0 <-system_uncached_heap_allocate
 mppjpegenc0:src-8082    [002] ..... 20147.961082: system_heap_dma_buf_release <-dma_buf_release
      queue0:src-8076    [001] ..... 20147.980374: system_heap_do_allocate.constprop.0 <-system_uncached_heap_allocate
 mppjpegenc0:src-8082    [002] ..... 20147.994399: system_heap_dma_buf_release <-dma_buf_release
      queue0:src-8076    [001] ..... 20148.013661: system_heap_do_allocate.constprop.0 <-system_uncached_heap_allocate
 mppjpegenc0:src-8082    [002] ..... 20148.028107: system_heap_dma_buf_release <-dma_buf_release
      queue0:src-8076    [001] ..... 20148.046906: system_heap_do_allocate.constprop.0 <-system_uncached_heap_allocate
 mppjpegenc0:src-8082    [002] ..... 20148.060792: system_heap_dma_buf_release <-dma_buf_release
      queue0:src-8076    [001] ..... 20148.080217: system_heap_do_allocate.constprop.0 <-system_uncached_heap_allocate
 mppjpegenc0:src-8082    [002] ..... 20148.094162: system_heap_dma_buf_release <-dma_buf_release
      queue0:src-8076    [001] ..... 20148.113496: system_heap_do_allocate.constprop.0 <-system_uncached_heap_allocate
 mppjpegenc0:src-8082    [002] ..... 20148.127383: system_heap_dma_buf_release <-dma_buf_release
      queue0:src-8076    [001] ..... 20148.146729: system_heap_do_allocate.constprop.0 <-system_uncached_heap_allocate
 mppjpegenc0:src-8082    [002] ..... 20148.160570: system_heap_dma_buf_release <-dma_buf_release
      queue0:src-8076    [001] ..... 20148.180058: system_heap_do_allocate.constprop.0 <-system_uncached_heap_allocate
 mppjpegenc0:src-8082    [002] ..... 20148.193981: system_heap_dma_buf_release <-dma_buf_release
      queue0:src-8076    [001] ..... 20148.213337: system_heap_do_allocate.constprop.0 <-system_uncached_heap_allocate
 mppjpegenc0:src-8082    [002] ..... 20148.227181: system_heap_dma_buf_release <-dma_buf_release
      queue0:src-8076    [001] ..... 20148.246613: system_heap_do_allocate.constprop.0 <-system_uncached_heap_allocate
 mppjpegenc0:src-8082    [002] ..... 20148.260474: system_heap_dma_buf_release <-dma_buf_release
      queue0:src-8076    [001] ..... 20148.279901: system_heap_do_allocate.constprop.0 <-system_uncached_heap_allocate
 mppjpegenc0:src-8082    [002] ..... 20148.294072: system_heap_dma_buf_release <-dma_buf_release
      queue0:src-8076    [001] ..... 20148.313176: system_heap_do_allocate.constprop.0 <-system_uncached_heap_allocate
 mppjpegenc0:src-8082    [002] ..... 20148.327147: system_heap_dma_buf_release <-dma_buf_release
      queue0:src-8076    [001] ..... 20148.346454: system_heap_do_allocate.constprop.0 <-system_uncached_heap_allocate
 mppjpegenc0:src-8082    [002] ..... 20148.360300: system_heap_dma_buf_release <-dma_buf_release
      queue0:src-8076    [001] ..... 20148.379726: system_heap_do_allocate.constprop.0 <-system_uncached_heap_allocate
 mppjpegenc0:src-8082    [002] ..... 20148.393817: system_heap_dma_buf_release <-dma_buf_release
      queue0:src-8076    [001] ..... 20148.413014: system_heap_do_allocate.constprop.0 <-system_uncached_heap_allocate
 mppjpegenc0:src-8082    [002] ..... 20148.426946: system_heap_dma_buf_release <-dma_buf_release
      queue0:src-8076    [001] ..... 20148.446298: system_heap_do_allocate.constprop.0 <-system_uncached_heap_allocate
 mppjpegenc0:src-8082    [002] ..... 20148.460044: system_heap_dma_buf_release <-dma_buf_release
      queue0:src-8076    [001] ..... 20148.479550: system_heap_do_allocate.constprop.0 <-system_uncached_heap_allocate
 mppjpegenc0:src-8082    [002] ..... 20148.493538: system_heap_dma_buf_release <-dma_buf_release
      queue0:src-8076    [001] ..... 20148.512856: system_heap_do_allocate.constprop.0 <-system_uncached_heap_allocate
 mppjpegenc0:src-8082    [002] ..... 20148.526890: system_heap_dma_buf_release <-dma_buf_release
      queue0:src-8076    [001] ..... 20148.546140: system_heap_do_allocate.constprop.0 <-system_uncached_heap_allocate
 mppjpegenc0:src-8082    [002] ..... 20148.559917: system_heap_dma_buf_release <-dma_buf_release
      queue0:src-8076    [001] ..... 20148.579406: system_heap_do_allocate.constprop.0 <-system_uncached_heap_allocate
 mppjpegenc0:src-8082    [002] ..... 20148.593316: system_heap_dma_buf_release <-dma_buf_release
      queue0:src-8076    [001] ..... 20148.612703: system_heap_do_allocate.constprop.0 <-system_uncached_heap_allocate
 mppjpegenc0:src-8082    [002] ..... 20148.626759: system_heap_dma_buf_release <-dma_buf_release
      queue0:src-8076    [001] ..... 20148.645975: system_heap_do_allocate.constprop.0 <-system_uncached_heap_allocate
 mppjpegenc0:src-8082    [002] ..... 20148.659809: system_heap_dma_buf_release <-dma_buf_release
      queue0:src-8076    [001] ..... 20148.679240: system_heap_do_allocate.constprop.0 <-system_uncached_heap_allocate
 mppjpegenc0:src-8082    [002] ..... 20148.693505: system_heap_dma_buf_release <-dma_buf_release
      queue0:src-8076    [001] ..... 20148.712541: system_heap_do_allocate.constprop.0 <-system_uncached_heap_allocate
 mppjpegenc0:src-8082    [002] ..... 20148.726351: system_heap_dma_buf_release <-dma_buf_release
      queue0:src-8076    [001] ..... 20148.745817: system_heap_do_allocate.constprop.0 <-system_uncached_heap_allocate
 mppjpegenc0:src-8082    [002] ..... 20148.760287: system_heap_dma_buf_release <-dma_buf_release
      queue0:src-8076    [001] ..... 20148.779069: system_heap_do_allocate.constprop.0 <-system_uncached_heap_allocate
 mppjpegenc0:src-8082    [002] ..... 20148.793051: system_heap_dma_buf_release <-dma_buf_release
      queue0:src-8076    [001] ..... 20148.812380: system_heap_do_allocate.constprop.0 <-system_uncached_heap_allocate
 mppjpegenc0:src-8082    [002] ..... 20148.826255: system_heap_dma_buf_release <-dma_buf_release
      queue0:src-8076    [001] ..... 20148.845660: system_heap_do_allocate.constprop.0 <-system_uncached_heap_allocate
 mppjpegenc0:src-8082    [002] ..... 20148.859259: system_heap_dma_buf_release <-dma_buf_release
      queue0:src-8076    [001] ..... 20148.878913: system_heap_do_allocate.constprop.0 <-system_uncached_heap_allocate
 mppjpegenc0:src-8082    [002] ..... 20148.892854: system_heap_dma_buf_release <-dma_buf_release
      queue0:src-8076    [001] ..... 20148.912227: system_heap_do_allocate.constprop.0 <-system_uncached_heap_allocate
 mppjpegenc0:src-8082    [002] ..... 20148.926116: system_heap_dma_buf_release <-dma_buf_release
      queue0:src-8076    [001] ..... 20148.945497: system_heap_do_allocate.constprop.0 <-system_uncached_heap_allocate
 mppjpegenc0:src-8082    [002] ..... 20148.959105: system_heap_dma_buf_release <-dma_buf_release
      queue0:src-8076    [001] ..... 20148.978772: system_heap_do_allocate.constprop.0 <-system_uncached_heap_allocate
 mppjpegenc0:src-8082    [002] ..... 20148.992566: system_heap_dma_buf_release <-dma_buf_release
      queue0:src-8076    [001] ..... 20149.012074: system_heap_do_allocate.constprop.0 <-system_uncached_heap_allocate
 mppjpegenc0:src-8082    [002] ..... 20149.026441: system_heap_dma_buf_release <-dma_buf_release
      queue0:src-8076    [001] ..... 20149.045338: system_heap_do_allocate.constprop.0 <-system_uncached_heap_allocate
 mppjpegenc0:src-8082    [002] ..... 20149.059223: system_heap_dma_buf_release <-dma_buf_release
      queue0:src-8076    [001] ..... 20149.078616: system_heap_do_allocate.constprop.0 <-system_uncached_heap_allocate
 mppjpegenc0:src-8082    [002] ..... 20149.092378: system_heap_dma_buf_release <-dma_buf_release
      queue0:src-8076    [001] ..... 20149.111908: system_heap_do_allocate.constprop.0 <-system_uncached_heap_allocate
 mppjpegenc0:src-8082    [002] ..... 20149.125791: system_heap_dma_buf_release <-dma_buf_release
      queue0:src-8076    [001] ..... 20149.145176: system_heap_do_allocate.constprop.0 <-system_uncached_heap_allocate
 mppjpegenc0:src-8082    [002] ..... 20149.159262: system_heap_dma_buf_release <-dma_buf_release
      queue0:src-8076    [001] ..... 20149.178421: system_heap_do_allocate.constprop.0 <-system_uncached_heap_allocate
 mppjpegenc0:src-8082    [002] ..... 20149.192236: system_heap_dma_buf_release <-dma_buf_release
      queue0:src-8076    [001] ..... 20149.211710: system_heap_do_allocate.constprop.0 <-system_uncached_heap_allocate
 mppjpegenc0:src-8082    [002] ..... 20149.225654: system_heap_dma_buf_release <-dma_buf_release
      queue0:src-8076    [001] ..... 20149.245017: system_heap_do_allocate.constprop.0 <-system_uncached_heap_allocate
 mppjpegenc0:src-8082    [002] ..... 20149.258915: system_heap_dma_buf_release <-dma_buf_release
      queue0:src-8076    [001] ..... 20149.278297: system_heap_do_allocate.constprop.0 <-system_uncached_heap_allocate
 mppjpegenc0:src-8082    [002] ..... 20149.293301: system_heap_dma_buf_release <-dma_buf_release
      queue0:src-8076    [001] ..... 20149.311548: system_heap_do_allocate.constprop.0 <-system_uncached_heap_allocate
 mppjpegenc0:src-8082    [002] ..... 20149.325520: system_heap_dma_buf_release <-dma_buf_release
      queue0:src-8076    [001] ..... 20149.344866: system_heap_do_allocate.constprop.0 <-system_uncached_heap_allocate
 mppjpegenc0:src-8082    [002] ..... 20149.358660: system_heap_dma_buf_release <-dma_buf_release
      queue0:src-8076    [001] ..... 20149.378140: system_heap_do_allocate.constprop.0 <-system_uncached_heap_allocate
 mppjpegenc0:src-8082    [002] ..... 20149.392040: system_heap_dma_buf_release <-dma_buf_release
      queue0:src-8076    [001] ..... 20149.411346: system_heap_do_allocate.constprop.0 <-system_uncached_heap_allocate
 mppjpegenc0:src-8082    [002] ..... 20149.425368: system_heap_dma_buf_release <-dma_buf_release
      queue0:src-8076    [001] ..... 20149.444692: system_heap_do_allocate.constprop.0 <-system_uncached_heap_allocate
 mppjpegenc0:src-8082    [002] ..... 20149.458640: system_heap_dma_buf_release <-dma_buf_release
      queue0:src-8076    [001] ..... 20149.477980: system_heap_do_allocate.constprop.0 <-system_uncached_heap_allocate
 mppjpegenc0:src-8082    [002] ..... 20149.491716: system_heap_dma_buf_release <-dma_buf_release
      queue0:src-8076    [001] ..... 20149.511226: system_heap_do_allocate.constprop.0 <-system_uncached_heap_allocate
 mppjpegenc0:src-8082    [002] ..... 20149.525183: system_heap_dma_buf_release <-dma_buf_release
      queue0:src-8076    [001] ..... 20149.544535: system_heap_do_allocate.constprop.0 <-system_uncached_heap_allocate
 mppjpegenc0:src-8082    [002] ..... 20149.558515: system_heap_dma_buf_release <-dma_buf_release
      queue0:src-8076    [001] ..... 20149.577807: system_heap_do_allocate.constprop.0 <-system_uncached_heap_allocate
 mppjpegenc0:src-8082    [002] ..... 20149.591633: system_heap_dma_buf_release <-dma_buf_release
      queue0:src-8076    [001] ..... 20149.611074: system_heap_do_allocate.constprop.0 <-system_uncached_heap_allocate
 mppjpegenc0:src-8082    [002] ..... 20149.625039: system_heap_dma_buf_release <-dma_buf_release
      queue0:src-8076    [001] ..... 20149.644374: system_heap_do_allocate.constprop.0 <-system_uncached_heap_allocate
 mppjpegenc0:src-8082    [002] ..... 20149.658213: system_heap_dma_buf_release <-dma_buf_release
      queue0:src-8076    [001] ..... 20149.677644: system_heap_do_allocate.constprop.0 <-system_uncached_heap_allocate
 mppjpegenc0:src-8082    [002] ..... 20149.691791: system_heap_dma_buf_release <-dma_buf_release
      queue0:src-8076    [001] ..... 20149.710886: system_heap_do_allocate.constprop.0 <-system_uncached_heap_allocate
 mppjpegenc0:src-8082    [000] ..... 20149.724840: system_heap_dma_buf_release <-dma_buf_release
      queue0:src-8076    [001] ..... 20149.744226: system_heap_do_allocate.constprop.0 <-system_uncached_heap_allocate
 mppjpegenc0:src-8082    [000] ..... 20149.758773: system_heap_dma_buf_release <-dma_buf_release
      queue0:src-8076    [001] ..... 20149.777491: system_heap_do_allocate.constprop.0 <-system_uncached_heap_allocate
 mppjpegenc0:src-8082    [000] ..... 20149.791345: system_heap_dma_buf_release <-dma_buf_release
      queue0:src-8076    [001] ..... 20149.810735: system_heap_do_allocate.constprop.0 <-system_uncached_heap_allocate
 mppjpegenc0:src-8082    [000] ..... 20149.824713: system_heap_dma_buf_release <-dma_buf_release
      queue0:src-8076    [001] ..... 20149.844071: system_heap_do_allocate.constprop.0 <-system_uncached_heap_allocate
 mppjpegenc0:src-8082    [000] ..... 20149.858048: system_heap_dma_buf_release <-dma_buf_release
      queue0:src-8076    [001] ..... 20149.877338: system_heap_do_allocate.constprop.0 <-system_uncached_heap_allocate
 mppjpegenc0:src-8082    [000] ..... 20149.891179: system_heap_dma_buf_release <-dma_buf_release
      queue0:src-8076    [001] ..... 20149.910611: system_heap_do_allocate.constprop.0 <-system_uncached_heap_allocate
 mppjpegenc0:src-8082    [000] ..... 20149.924456: system_heap_dma_buf_release <-dma_buf_release
      queue0:src-8076    [001] ..... 20149.943913: system_heap_do_allocate.constprop.0 <-system_uncached_heap_allocate
 mppjpegenc0:src-8082    [000] ..... 20149.957847: system_heap_dma_buf_release <-dma_buf_release
      queue0:src-8076    [001] ..... 20149.977174: system_heap_do_allocate.constprop.0 <-system_uncached_heap_allocate
 mppjpegenc0:src-8082    [000] ..... 20149.991238: system_heap_dma_buf_release <-dma_buf_release
      queue0:src-8076    [001] ..... 20150.010449: system_heap_do_allocate.constprop.0 <-system_uncached_heap_allocate
 mppjpegenc0:src-8082    [000] ..... 20150.024337: system_heap_dma_buf_release <-dma_buf_release
      queue0:src-8076    [001] ..... 20150.043756: system_heap_do_allocate.constprop.0 <-system_uncached_heap_allocate
 mppjpegenc0:src-8082    [000] ..... 20150.057702: system_heap_dma_buf_release <-dma_buf_release
      queue0:src-8076    [001] ..... 20150.077021: system_heap_do_allocate.constprop.0 <-system_uncached_heap_allocate
 mppjpegenc0:src-8082    [000] ..... 20150.090989: system_heap_dma_buf_release <-dma_buf_release
      queue0:src-8076    [001] ..... 20150.110274: system_heap_do_allocate.constprop.0 <-system_uncached_heap_allocate
 mppjpegenc0:src-8082    [000] ..... 20150.125301: system_heap_dma_buf_release <-dma_buf_release
      queue0:src-8076    [001] ..... 20150.143563: system_heap_do_allocate.constprop.0 <-system_uncached_heap_allocate
 mppjpegenc0:src-8082    [000] ..... 20150.157510: system_heap_dma_buf_release <-dma_buf_release
      queue0:src-8076    [001] ..... 20150.176874: system_heap_do_allocate.constprop.0 <-system_uncached_heap_allocate
 mppjpegenc0:src-8082    [000] ..... 20150.190658: system_heap_dma_buf_release <-dma_buf_release
      queue0:src-8076    [001] ..... 20150.210128: system_heap_do_allocate.constprop.0 <-system_uncached_heap_allocate
 mppjpegenc0:src-8082    [000] ..... 20150.224020: system_heap_dma_buf_release <-dma_buf_release
      queue0:src-8076    [001] ..... 20150.243386: system_heap_do_allocate.constprop.0 <-system_uncached_heap_allocate
 mppjpegenc0:src-8082    [000] ..... 20150.257439: system_heap_dma_buf_release <-dma_buf_release
      queue0:src-8076    [001] ..... 20150.276720: system_heap_do_allocate.constprop.0 <-system_uncached_heap_allocate
 mppjpegenc0:src-8082    [000] ..... 20150.290692: system_heap_dma_buf_release <-dma_buf_release
      queue0:src-8076    [001] ..... 20150.309979: system_heap_do_allocate.constprop.0 <-system_uncached_heap_allocate
 mppjpegenc0:src-8082    [000] ..... 20150.323924: system_heap_dma_buf_release <-dma_buf_release
      queue0:src-8076    [001] ..... 20150.343223: system_heap_do_allocate.constprop.0 <-system_uncached_heap_allocate
 mppjpegenc0:src-8082    [000] ..... 20150.357197: system_heap_dma_buf_release <-dma_buf_release
      queue0:src-8076    [001] ..... 20150.376537: system_heap_do_allocate.constprop.0 <-system_uncached_heap_allocate
 mppjpegenc0:src-8082    [000] ..... 20150.390767: system_heap_dma_buf_release <-dma_buf_release
      queue0:src-8076    [001] ..... 20150.409820: system_heap_do_allocate.constprop.0 <-system_uncached_heap_allocate
 mppjpegenc0:src-8082    [000] ..... 20150.423659: system_heap_dma_buf_release <-dma_buf_release
      queue0:src-8076    [001] ..... 20150.443071: system_heap_do_allocate.constprop.0 <-system_uncached_heap_allocate
 mppjpegenc0:src-8082    [000] ..... 20150.457002: system_heap_dma_buf_release <-dma_buf_release
      queue0:src-8076    [001] ..... 20150.476377: system_heap_do_allocate.constprop.0 <-system_uncached_heap_allocate
 mppjpegenc0:src-8082    [000] ..... 20150.490385: system_heap_dma_buf_release <-dma_buf_release
      queue0:src-8076    [001] ..... 20150.509659: system_heap_do_allocate.constprop.0 <-system_uncached_heap_allocate
 mppjpegenc0:src-8082    [000] ..... 20150.523535: system_heap_dma_buf_release <-dma_buf_release
      queue0:src-8076    [001] ..... 20150.542894: system_heap_do_allocate.constprop.0 <-system_uncached_heap_allocate
 mppjpegenc0:src-8082    [000] ..... 20150.556820: system_heap_dma_buf_release <-dma_buf_release
      queue0:src-8076    [001] ..... 20150.576230: system_heap_do_allocate.constprop.0 <-system_uncached_heap_allocate
 mppjpegenc0:src-8082    [000] ..... 20150.590120: system_heap_dma_buf_release <-dma_buf_release
      queue0:src-8076    [001] ..... 20150.609499: system_heap_do_allocate.constprop.0 <-system_uncached_heap_allocate
 mppjpegenc0:src-8082    [000] ..... 20150.623465: system_heap_dma_buf_release <-dma_buf_release
      queue0:src-8076    [001] ..... 20150.642774: system_heap_do_allocate.constprop.0 <-system_uncached_heap_allocate
 mppjpegenc0:src-8082    [000] ..... 20150.656769: system_heap_dma_buf_release <-dma_buf_release
      queue0:src-8076    [002] ..... 20150.676058: system_heap_do_allocate.constprop.0 <-system_uncached_heap_allocate
 mppjpegenc0:src-8082    [000] ..... 20150.690008: system_heap_dma_buf_release <-dma_buf_release
      queue0:src-8076    [002] ..... 20150.709335: system_heap_do_allocate.constprop.0 <-system_uncached_heap_allocate
 mppjpegenc0:src-8082    [000] ..... 20150.724136: system_heap_dma_buf_release <-dma_buf_release
      queue0:src-8076    [002] ..... 20150.742621: system_heap_do_allocate.constprop.0 <-system_uncached_heap_allocate
 mppjpegenc0:src-8082    [000] ..... 20150.756662: system_heap_dma_buf_release <-dma_buf_release
      queue0:src-8076    [002] ..... 20150.775871: system_heap_do_allocate.constprop.0 <-system_uncached_heap_allocate
 mppjpegenc0:src-8082    [000] ..... 20150.789852: system_heap_dma_buf_release <-dma_buf_release
      queue0:src-8076    [002] ..... 20150.809184: system_heap_do_allocate.constprop.0 <-system_uncached_heap_allocate
 mppjpegenc0:src-8082    [000] ..... 20150.823151: system_heap_dma_buf_release <-dma_buf_release
      queue0:src-8076    [002] ..... 20150.842463: system_heap_do_allocate.constprop.0 <-system_uncached_heap_allocate
 mppjpegenc0:src-8082    [000] ..... 20150.856467: system_heap_dma_buf_release <-dma_buf_release
      queue0:src-8076    [001] ..... 20150.875729: system_heap_do_allocate.constprop.0 <-system_uncached_heap_allocate
 mppjpegenc0:src-8082    [000] ..... 20150.889723: system_heap_dma_buf_release <-dma_buf_release
      queue0:src-8076    [001] ..... 20150.909017: system_heap_do_allocate.constprop.0 <-system_uncached_heap_allocate
 mppjpegenc0:src-8082    [000] ..... 20150.922904: system_heap_dma_buf_release <-dma_buf_release
      queue0:src-8076    [001] ..... 20150.942298: system_heap_do_allocate.constprop.0 <-system_uncached_heap_allocate
 mppjpegenc0:src-8082    [000] ..... 20150.956167: system_heap_dma_buf_release <-dma_buf_release
      queue0:src-8076    [001] ..... 20150.975558: system_heap_do_allocate.constprop.0 <-system_uncached_heap_allocate
 mppjpegenc0:src-8082    [000] ..... 20150.989521: system_heap_dma_buf_release <-dma_buf_release
      queue0:src-8076    [001] ..... 20151.008857: system_heap_do_allocate.constprop.0 <-system_uncached_heap_allocate
 mppjpegenc0:src-8082    [000] ..... 20151.022814: system_heap_dma_buf_release <-dma_buf_release
      queue0:src-8076    [001] ..... 20151.042142: system_heap_do_allocate.constprop.0 <-system_uncached_heap_allocate
 mppjpegenc0:src-8082    [000] ..... 20151.056054: system_heap_dma_buf_release <-dma_buf_release
      queue0:src-8076    [001] ..... 20151.075382: system_heap_do_allocate.constprop.0 <-system_uncached_heap_allocate
 mppjpegenc0:src-8082    [000] ..... 20151.089382: system_heap_dma_buf_release <-dma_buf_release
      queue0:src-8076    [001] ..... 20151.108699: system_heap_do_allocate.constprop.0 <-system_uncached_heap_allocate
 mppjpegenc0:src-8082    [000] ..... 20151.122654: system_heap_dma_buf_release <-dma_buf_release
      queue0:src-8076    [001] ..... 20151.141981: system_heap_do_allocate.constprop.0 <-system_uncached_heap_allocate
 mppjpegenc0:src-8082    [000] ..... 20151.156795: system_heap_dma_buf_release <-dma_buf_release
      queue0:src-8076    [001] ..... 20151.175231: system_heap_do_allocate.constprop.0 <-system_uncached_heap_allocate
 mppjpegenc0:src-8082    [000] ..... 20151.189557: system_heap_dma_buf_release <-dma_buf_release
      queue0:src-8076    [001] ..... 20151.208538: system_heap_do_allocate.constprop.0 <-system_uncached_heap_allocate
 mppjpegenc0:src-8082    [000] ..... 20151.222529: system_heap_dma_buf_release <-dma_buf_release
      queue0:src-8076    [001] ..... 20151.241819: system_heap_do_allocate.constprop.0 <-system_uncached_heap_allocate
 mppjpegenc0:src-8082    [000] ..... 20151.255564: system_heap_dma_buf_release <-dma_buf_release
      queue0:src-8076    [001] ..... 20151.275072: system_heap_do_allocate.constprop.0 <-system_uncached_heap_allocate
 mppjpegenc0:src-8082    [000] ..... 20151.288993: system_heap_dma_buf_release <-dma_buf_release
      queue0:src-8076    [001] ..... 20151.308376: system_heap_do_allocate.constprop.0 <-system_uncached_heap_allocate
 mppjpegenc0:src-8082    [000] ..... 20151.322322: system_heap_dma_buf_release <-dma_buf_release
      queue0:src-8076    [001] ..... 20151.341655: system_heap_do_allocate.constprop.0 <-system_uncached_heap_allocate
 mppjpegenc0:src-8082    [000] ..... 20151.355489: system_heap_dma_buf_release <-dma_buf_release
      queue0:src-8076    [001] ..... 20151.374912: system_heap_do_allocate.constprop.0 <-system_uncached_heap_allocate
 mppjpegenc0:src-8082    [000] ..... 20151.388817: system_heap_dma_buf_release <-dma_buf_release
      queue0:src-8076    [001] ..... 20151.408226: system_heap_do_allocate.constprop.0 <-system_uncached_heap_allocate
 mppjpegenc0:src-8082    [000] ..... 20151.422167: system_heap_dma_buf_release <-dma_buf_release
      queue0:src-8076    [001] ..... 20151.441496: system_heap_do_allocate.constprop.0 <-system_uncached_heap_allocate
 mppjpegenc0:src-8082    [000] ..... 20151.455729: system_heap_dma_buf_release <-dma_buf_release
      queue0:src-8076    [001] ..... 20151.474751: system_heap_do_allocate.constprop.0 <-system_uncached_heap_allocate
 mppjpegenc0:src-8082    [000] ..... 20151.488650: system_heap_dma_buf_release <-dma_buf_release
      queue0:src-8076    [001] ..... 20151.508069: system_heap_do_allocate.constprop.0 <-system_uncached_heap_allocate
 mppjpegenc0:src-8082    [000] ..... 20151.522011: system_heap_dma_buf_release <-dma_buf_release
      queue0:src-8076    [001] ..... 20151.541331: system_heap_do_allocate.constprop.0 <-system_uncached_heap_allocate
 mppjpegenc0:src-8082    [000] ..... 20151.555316: system_heap_dma_buf_release <-dma_buf_release
      queue0:src-8076    [001] ..... 20151.574617: system_heap_do_allocate.constprop.0 <-system_uncached_heap_allocate
 mppjpegenc0:src-8082    [000] ..... 20151.588583: system_heap_dma_buf_release <-dma_buf_release
      queue0:src-8076    [001] ..... 20151.607907: system_heap_do_allocate.constprop.0 <-system_uncached_heap_allocate
 mppjpegenc0:src-8082    [000] ..... 20151.621844: system_heap_dma_buf_release <-dma_buf_release
      queue0:src-8076    [001] ..... 20151.641194: system_heap_do_allocate.constprop.0 <-system_uncached_heap_allocate
 mppjpegenc0:src-8082    [000] ..... 20151.654991: system_heap_dma_buf_release <-dma_buf_release
      queue0:src-8076    [001] ..... 20151.674449: system_heap_do_allocate.constprop.0 <-system_uncached_heap_allocate
 mppjpegenc0:src-8082    [000] ..... 20151.688329: system_heap_dma_buf_release <-dma_buf_release
      queue0:src-8076    [001] ..... 20151.707758: system_heap_do_allocate.constprop.0 <-system_uncached_heap_allocate
 mppjpegenc0:src-8082    [002] ..... 20151.722257: system_heap_dma_buf_release <-dma_buf_release
      queue0:src-8076    [001] ..... 20151.741024: system_heap_do_allocate.constprop.0 <-system_uncached_heap_allocate
 mppjpegenc0:src-8082    [003] ..... 20151.754762: system_heap_dma_buf_release <-dma_buf_release
      queue0:src-8076    [001] ..... 20151.774292: system_heap_do_allocate.constprop.0 <-system_uncached_heap_allocate
 mppjpegenc0:src-8082    [003] ..... 20151.788049: system_heap_dma_buf_release <-dma_buf_release
      queue0:src-8076    [001] ..... 20151.807535: system_heap_do_allocate.constprop.0 <-system_uncached_heap_allocate
 mppjpegenc0:src-8082    [003] ..... 20151.821448: system_heap_dma_buf_release <-dma_buf_release
      queue0:src-8076    [001] ..... 20151.840851: system_heap_do_allocate.constprop.0 <-system_uncached_heap_allocate
 mppjpegenc0:src-8082    [003] ..... 20151.854802: system_heap_dma_buf_release <-dma_buf_release
      queue0:src-8076    [001] ..... 20151.874134: system_heap_do_allocate.constprop.0 <-system_uncached_heap_allocate
 mppjpegenc0:src-8082    [003] ..... 20151.887959: system_heap_dma_buf_release <-dma_buf_release
      queue0:src-8076    [001] ..... 20151.907351: system_heap_do_allocate.constprop.0 <-system_uncached_heap_allocate
 mppjpegenc0:src-8082    [003] ..... 20151.921215: system_heap_dma_buf_release <-dma_buf_release
      queue0:src-8076    [001] ..... 20151.940693: system_heap_do_allocate.constprop.0 <-system_uncached_heap_allocate
 mppjpegenc0:src-8082    [003] ..... 20151.954610: system_heap_dma_buf_release <-dma_buf_release
      queue0:src-8076    [001] ..... 20151.973971: system_heap_do_allocate.constprop.0 <-system_uncached_heap_allocate
 mppjpegenc0:src-8082    [003] ..... 20151.987903: system_heap_dma_buf_release <-dma_buf_release
      queue0:src-8076    [001] ..... 20152.007171: system_heap_do_allocate.constprop.0 <-system_uncached_heap_allocate
 mppjpegenc0:src-8082    [003] ..... 20152.021061: system_heap_dma_buf_release <-dma_buf_release
      queue0:src-8076    [001] ..... 20152.040531: system_heap_do_allocate.constprop.0 <-system_uncached_heap_allocate
 mppjpegenc0:src-8082    [003] ..... 20152.054375: system_heap_dma_buf_release <-dma_buf_release
      queue0:src-8076    [001] ..... 20152.073812: system_heap_do_allocate.constprop.0 <-system_uncached_heap_allocate
 mppjpegenc0:src-8082    [003] ..... 20152.087585: system_heap_dma_buf_release <-dma_buf_release
      queue0:src-8076    [001] ..... 20152.107009: system_heap_do_allocate.constprop.0 <-system_uncached_heap_allocate
 mppjpegenc0:src-8082    [003] ..... 20152.120962: system_heap_dma_buf_release <-dma_buf_release
      queue0:src-8076    [001] ..... 20152.140372: system_heap_do_allocate.constprop.0 <-system_uncached_heap_allocate
 mppjpegenc0:src-8082    [003] ..... 20152.154222: system_heap_dma_buf_release <-dma_buf_release
      queue0:src-8076    [001] ..... 20152.173656: system_heap_do_allocate.constprop.0 <-system_uncached_heap_allocate
 mppjpegenc0:src-8082    [003] ..... 20152.187550: system_heap_dma_buf_release <-dma_buf_release
      queue0:src-8076    [001] ..... 20152.206855: system_heap_do_allocate.constprop.0 <-system_uncached_heap_allocate
 mppjpegenc0:src-8082    [003] ..... 20152.220783: system_heap_dma_buf_release <-dma_buf_release
      queue0:src-8076    [001] ..... 20152.240219: system_heap_do_allocate.constprop.0 <-system_uncached_heap_allocate
 mppjpegenc0:src-8082    [003] ..... 20152.254158: system_heap_dma_buf_release <-dma_buf_release
      queue0:src-8076    [001] ..... 20152.273490: system_heap_do_allocate.constprop.0 <-system_uncached_heap_allocate
 mppjpegenc0:src-8082    [003] ..... 20152.287333: system_heap_dma_buf_release <-dma_buf_release
      queue0:src-8076    [001] ..... 20152.306732: system_heap_do_allocate.constprop.0 <-system_uncached_heap_allocate
 mppjpegenc0:src-8082    [003] ..... 20152.320561: system_heap_dma_buf_release <-dma_buf_release
      queue0:src-8076    [001] ..... 20152.340083: system_heap_do_allocate.constprop.0 <-system_uncached_heap_allocate
 mppjpegenc0:src-8082    [003] ..... 20152.354004: system_heap_dma_buf_release <-dma_buf_release
      queue0:src-8076    [001] ..... 20152.373334: system_heap_do_allocate.constprop.0 <-system_uncached_heap_allocate
 mppjpegenc0:src-8082    [003] ..... 20152.387389: system_heap_dma_buf_release <-dma_buf_release
      queue0:src-8076    [001] ..... 20152.406600: system_heap_do_allocate.constprop.0 <-system_uncached_heap_allocate
 mppjpegenc0:src-8082    [003] ..... 20152.420391: system_heap_dma_buf_release <-dma_buf_release
      queue0:src-8076    [001] ..... 20152.439914: system_heap_do_allocate.constprop.0 <-system_uncached_heap_allocate
 mppjpegenc0:src-8082    [003] ..... 20152.453811: system_heap_dma_buf_release <-dma_buf_release
      queue0:src-8076    [001] ..... 20152.473178: system_heap_do_allocate.constprop.0 <-system_uncached_heap_allocate
 mppjpegenc0:src-8082    [003] ..... 20152.487076: system_heap_dma_buf_release <-dma_buf_release
      queue0:src-8076    [001] ..... 20152.506424: system_heap_do_allocate.constprop.0 <-system_uncached_heap_allocate
 mppjpegenc0:src-8082    [003] ..... 20152.520281: system_heap_dma_buf_release <-dma_buf_release
      queue0:src-8076    [001] ..... 20152.539725: system_heap_do_allocate.constprop.0 <-system_uncached_heap_allocate
 mppjpegenc0:src-8082    [003] ..... 20152.553523: system_heap_dma_buf_release <-dma_buf_release
      queue0:src-8076    [001] ..... 20152.573017: system_heap_do_allocate.constprop.0 <-system_uncached_heap_allocate
 mppjpegenc0:src-8082    [003] ..... 20152.586803: system_heap_dma_buf_release <-dma_buf_release
      queue0:src-8076    [001] ..... 20152.606283: system_heap_do_allocate.constprop.0 <-system_uncached_heap_allocate
 mppjpegenc0:src-8082    [003] ..... 20152.620183: system_heap_dma_buf_release <-dma_buf_release
      queue0:src-8076    [001] ..... 20152.639544: system_heap_do_allocate.constprop.0 <-system_uncached_heap_allocate
 mppjpegenc0:src-8082    [003] ..... 20152.653450: system_heap_dma_buf_release <-dma_buf_release
      queue0:src-8076    [001] ..... 20152.672856: system_heap_do_allocate.constprop.0 <-system_uncached_heap_allocate
 mppjpegenc0:src-8082    [002] ..... 20152.686804: system_heap_dma_buf_release <-dma_buf_release
      queue0:src-8076    [001] ..... 20152.706138: system_heap_do_allocate.constprop.0 <-system_uncached_heap_allocate
 mppjpegenc0:src-8082    [002] ..... 20152.720797: system_heap_dma_buf_release <-dma_buf_release
      queue0:src-8076    [001] ..... 20152.739492: system_heap_do_allocate.constprop.0 <-system_uncached_heap_allocate
 mppjpegenc0:src-8082    [002] ..... 20152.753809: system_heap_dma_buf_release <-dma_buf_release
      queue0:src-8076    [001] ..... 20152.772700: system_heap_do_allocate.constprop.0 <-system_uncached_heap_allocate
 mppjpegenc0:src-8082    [002] ..... 20152.786579: system_heap_dma_buf_release <-dma_buf_release
      queue0:src-8076    [001] ..... 20152.805977: system_heap_do_allocate.constprop.0 <-system_uncached_heap_allocate
 mppjpegenc0:src-8082    [002] ..... 20152.819696: system_heap_dma_buf_release <-dma_buf_release
      queue0:src-8076    [001] ..... 20152.839253: system_heap_do_allocate.constprop.0 <-system_uncached_heap_allocate
 mppjpegenc0:src-8082    [002] ..... 20152.853151: system_heap_dma_buf_release <-dma_buf_release
      queue0:src-8076    [001] ..... 20152.872536: system_heap_do_allocate.constprop.0 <-system_uncached_heap_allocate
 mppjpegenc0:src-8082    [002] ..... 20152.886493: system_heap_dma_buf_release <-dma_buf_release
      queue0:src-8076    [001] ..... 20152.905820: system_heap_do_allocate.constprop.0 <-system_uncached_heap_allocate
 mppjpegenc0:src-8082    [002] ..... 20152.919615: system_heap_dma_buf_release <-dma_buf_release
      queue0:src-8076    [001] ..... 20152.939065: system_heap_do_allocate.constprop.0 <-system_uncached_heap_allocate
 mppjpegenc0:src-8082    [002] ..... 20152.953020: system_heap_dma_buf_release <-dma_buf_release
      queue0:src-8076    [001] ..... 20152.972397: system_heap_do_allocate.constprop.0 <-system_uncached_heap_allocate
 mppjpegenc0:src-8082    [002] ..... 20152.986330: system_heap_dma_buf_release <-dma_buf_release
      queue0:src-8076    [001] ..... 20153.005660: system_heap_do_allocate.constprop.0 <-system_uncached_heap_allocate
 mppjpegenc0:src-8082    [002] ..... 20153.020192: system_heap_dma_buf_release <-dma_buf_release
      queue0:src-8076    [001] ..... 20153.038908: system_heap_do_allocate.constprop.0 <-system_uncached_heap_allocate
 mppjpegenc0:src-8082    [002] ..... 20153.052778: system_heap_dma_buf_release <-dma_buf_release
      queue0:src-8076    [001] ..... 20153.072223: system_heap_do_allocate.constprop.0 <-system_uncached_heap_allocate
 mppjpegenc0:src-8082    [002] ..... 20153.086789: system_heap_dma_buf_release <-dma_buf_release
      queue0:src-8076    [001] ..... 20153.105493: system_heap_do_allocate.constprop.0 <-system_uncached_heap_allocate
 mppjpegenc0:src-8082    [002] ..... 20153.119392: system_heap_dma_buf_release <-dma_buf_release
      queue0:src-8076    [001] ..... 20153.138769: system_heap_do_allocate.constprop.0 <-system_uncached_heap_allocate
 mppjpegenc0:src-8082    [002] ..... 20153.152655: system_heap_dma_buf_release <-dma_buf_release
      queue0:src-8076    [001] ..... 20153.172063: system_heap_do_allocate.constprop.0 <-system_uncached_heap_allocate
 mppjpegenc0:src-8082    [002] ..... 20153.185893: system_heap_dma_buf_release <-dma_buf_release
      queue0:src-8076    [001] ..... 20153.205335: system_heap_do_allocate.constprop.0 <-system_uncached_heap_allocate
 mppjpegenc0:src-8082    [002] ..... 20153.219096: system_heap_dma_buf_release <-dma_buf_release
      queue0:src-8076    [001] ..... 20153.238615: system_heap_do_allocate.constprop.0 <-system_uncached_heap_allocate
 mppjpegenc0:src-8082    [002] ..... 20153.252390: system_heap_dma_buf_release <-dma_buf_release
      queue0:src-8076    [001] ..... 20153.271907: system_heap_do_allocate.constprop.0 <-system_uncached_heap_allocate
 mppjpegenc0:src-8082    [002] ..... 20153.285762: system_heap_dma_buf_release <-dma_buf_release
      queue0:src-8076    [001] ..... 20153.305176: system_heap_do_allocate.constprop.0 <-system_uncached_heap_allocate
 mppjpegenc0:src-8082    [002] ..... 20153.319060: system_heap_dma_buf_release <-dma_buf_release
      queue0:src-8076    [001] ..... 20153.338413: system_heap_do_allocate.constprop.0 <-system_uncached_heap_allocate
 mppjpegenc0:src-8082    [002] ..... 20153.352258: system_heap_dma_buf_release <-dma_buf_release
      queue0:src-8076    [001] ..... 20153.371752: system_heap_do_allocate.constprop.0 <-system_uncached_heap_allocate
 mppjpegenc0:src-8082    [003] ..... 20153.385691: system_heap_dma_buf_release <-dma_buf_release
      queue0:src-8076    [001] ..... 20153.405012: system_heap_do_allocate.constprop.0 <-system_uncached_heap_allocate
 mppjpegenc0:src-8082    [003] ..... 20153.418923: system_heap_dma_buf_release <-dma_buf_release
      queue0:src-8076    [001] ..... 20153.438260: system_heap_do_allocate.constprop.0 <-system_uncached_heap_allocate
 mppjpegenc0:src-8082    [003] ..... 20153.452129: system_heap_dma_buf_release <-dma_buf_release
      queue0:src-8076    [001] ..... 20153.471532: system_heap_do_allocate.constprop.0 <-system_uncached_heap_allocate
 mppjpegenc0:src-8082    [003] ..... 20153.485448: system_heap_dma_buf_release <-dma_buf_release
      queue0:src-8076    [001] ..... 20153.504858: system_heap_do_allocate.constprop.0 <-system_uncached_heap_allocate
 mppjpegenc0:src-8082    [003] ..... 20153.518747: system_heap_dma_buf_release <-dma_buf_release
      queue0:src-8076    [001] ..... 20153.538138: system_heap_do_allocate.constprop.0 <-system_uncached_heap_allocate
 mppjpegenc0:src-8082    [003] ..... 20153.552057: system_heap_dma_buf_release <-dma_buf_release
      queue0:src-8076    [001] ..... 20153.571341: system_heap_do_allocate.constprop.0 <-system_uncached_heap_allocate
 mppjpegenc0:src-8082    [003] ..... 20153.585404: system_heap_dma_buf_release <-dma_buf_release
      queue0:src-8076    [001] ..... 20153.604696: system_heap_do_allocate.constprop.0 <-system_uncached_heap_allocate
 mppjpegenc0:src-8082    [003] ..... 20153.618674: system_heap_dma_buf_release <-dma_buf_release
      queue0:src-8076    [001] ..... 20153.637970: system_heap_do_allocate.constprop.0 <-system_uncached_heap_allocate
 mppjpegenc0:src-8082    [003] ..... 20153.651811: system_heap_dma_buf_release <-dma_buf_release
      queue0:src-8076    [001] ..... 20153.671177: system_heap_do_allocate.constprop.0 <-system_uncached_heap_allocate
 mppjpegenc0:src-8082    [003] ..... 20153.685173: system_heap_dma_buf_release <-dma_buf_release
      queue0:src-8076    [001] ..... 20153.704538: system_heap_do_allocate.constprop.0 <-system_uncached_heap_allocate
 mppjpegenc0:src-8082    [003] ..... 20153.718595: system_heap_dma_buf_release <-dma_buf_release
      queue0:src-8076    [001] ..... 20153.737813: system_heap_do_allocate.constprop.0 <-system_uncached_heap_allocate
 mppjpegenc0:src-8082    [003] ..... 20153.752424: system_heap_dma_buf_release <-dma_buf_release
      queue0:src-8076    [001] ..... 20153.771050: system_heap_do_allocate.constprop.0 <-system_uncached_heap_allocate
 mppjpegenc0:src-8082    [003] ..... 20153.784960: system_heap_dma_buf_release <-dma_buf_release
      queue0:src-8076    [001] ..... 20153.804378: system_heap_do_allocate.constprop.0 <-system_uncached_heap_allocate
 mppjpegenc0:src-8082    [003] ..... 20153.818370: system_heap_dma_buf_release <-dma_buf_release
      queue0:src-8076    [001] ..... 20153.837660: system_heap_do_allocate.constprop.0 <-system_uncached_heap_allocate
 mppjpegenc0:src-8082    [003] ..... 20153.852213: system_heap_dma_buf_release <-dma_buf_release
      queue0:src-8076    [001] ..... 20153.870866: system_heap_do_allocate.constprop.0 <-system_uncached_heap_allocate
 mppjpegenc0:src-8082    [003] ..... 20153.884760: system_heap_dma_buf_release <-dma_buf_release
      queue0:src-8076    [001] ..... 20153.904229: system_heap_do_allocate.constprop.0 <-system_uncached_heap_allocate
 mppjpegenc0:src-8082    [003] ..... 20153.918078: system_heap_dma_buf_release <-dma_buf_release
      queue0:src-8076    [001] ..... 20153.937492: system_heap_do_allocate.constprop.0 <-system_uncached_heap_allocate
 mppjpegenc0:src-8082    [003] ..... 20153.951406: system_heap_dma_buf_release <-dma_buf_release
      queue0:src-8076    [001] ..... 20153.970711: system_heap_do_allocate.constprop.0 <-system_uncached_heap_allocate
 mppjpegenc0:src-8082    [003] ..... 20153.984733: system_heap_dma_buf_release <-dma_buf_release
      queue0:src-8076    [001] ..... 20154.004068: system_heap_do_allocate.constprop.0 <-system_uncached_heap_allocate
 mppjpegenc0:src-8082    [003] ..... 20154.018316: system_heap_dma_buf_release <-dma_buf_release
      queue0:src-8076    [001] ..... 20154.037335: system_heap_do_allocate.constprop.0 <-system_uncached_heap_allocate
 mppjpegenc0:src-8082    [003] ..... 20154.051104: system_heap_dma_buf_release <-dma_buf_release
      queue0:src-8076    [001] ..... 20154.070612: system_heap_do_allocate.constprop.0 <-system_uncached_heap_allocate
 mppjpegenc0:src-8082    [003] ..... 20154.084550: system_heap_dma_buf_release <-dma_buf_release
      queue0:src-8076    [001] ..... 20154.103865: system_heap_do_allocate.constprop.0 <-system_uncached_heap_allocate
 mppjpegenc0:src-8082    [003] ..... 20154.117870: system_heap_dma_buf_release <-dma_buf_release
      queue0:src-8076    [001] ..... 20154.137174: system_heap_do_allocate.constprop.0 <-system_uncached_heap_allocate
 mppjpegenc0:src-8082    [003] ..... 20154.151028: system_heap_dma_buf_release <-dma_buf_release
      queue0:src-8076    [001] ..... 20154.170431: system_heap_do_allocate.constprop.0 <-system_uncached_heap_allocate
 mppjpegenc0:src-8082    [003] ..... 20154.184301: system_heap_dma_buf_release <-dma_buf_release
      queue0:src-8076    [001] ..... 20154.203760: system_heap_do_allocate.constprop.0 <-system_uncached_heap_allocate
 mppjpegenc0:src-8082    [003] ..... 20154.217766: system_heap_dma_buf_release <-dma_buf_release
      queue0:src-8076    [001] ..... 20154.237014: system_heap_do_allocate.constprop.0 <-system_uncached_heap_allocate
 mppjpegenc0:src-8082    [003] ..... 20154.250920: system_heap_dma_buf_release <-dma_buf_release
      queue0:src-8076    [001] ..... 20154.270264: system_heap_do_allocate.constprop.0 <-system_uncached_heap_allocate
 mppjpegenc0:src-8082    [003] ..... 20154.284067: system_heap_dma_buf_release <-dma_buf_release
      queue0:src-8076    [001] ..... 20154.303549: system_heap_do_allocate.constprop.0 <-system_uncached_heap_allocate
 mppjpegenc0:src-8082    [003] ..... 20154.318515: system_heap_dma_buf_release <-dma_buf_release
      queue0:src-8076    [001] ..... 20154.336875: system_heap_do_allocate.constprop.0 <-system_uncached_heap_allocate
 mppjpegenc0:src-8082    [003] ..... 20154.350768: system_heap_dma_buf_release <-dma_buf_release
      queue0:src-8076    [001] ..... 20154.370124: system_heap_do_allocate.constprop.0 <-system_uncached_heap_allocate
 mppjpegenc0:src-8082    [003] ..... 20154.384046: system_heap_dma_buf_release <-dma_buf_release
      queue0:src-8076    [001] ..... 20154.403394: system_heap_do_allocate.constprop.0 <-system_uncached_heap_allocate
 mppjpegenc0:src-8082    [003] ..... 20154.417345: system_heap_dma_buf_release <-dma_buf_release
      queue0:src-8076    [001] ..... 20154.436665: system_heap_do_allocate.constprop.0 <-system_uncached_heap_allocate
 mppjpegenc0:src-8082    [003] ..... 20154.450616: system_heap_dma_buf_release <-dma_buf_release
      queue0:src-8076    [001] ..... 20154.469952: system_heap_do_allocate.constprop.0 <-system_uncached_heap_allocate
 mppjpegenc0:src-8082    [003] ..... 20154.483874: system_heap_dma_buf_release <-dma_buf_release
      queue0:src-8076    [001] ..... 20154.503222: system_heap_do_allocate.constprop.0 <-system_uncached_heap_allocate
 mppjpegenc0:src-8082    [003] ..... 20154.517215: system_heap_dma_buf_release <-dma_buf_release
      queue0:src-8076    [001] ..... 20154.536534: system_heap_do_allocate.constprop.0 <-system_uncached_heap_allocate
 mppjpegenc0:src-8082    [003] ..... 20154.550493: system_heap_dma_buf_release <-dma_buf_release
      queue0:src-8076    [001] ..... 20154.569814: system_heap_do_allocate.constprop.0 <-system_uncached_heap_allocate
 mppjpegenc0:src-8082    [003] ..... 20154.583667: system_heap_dma_buf_release <-dma_buf_release
      queue0:src-8076    [001] ..... 20154.603074: system_heap_do_allocate.constprop.0 <-system_uncached_heap_allocate
 mppjpegenc0:src-8082    [003] ..... 20154.617030: system_heap_dma_buf_release <-dma_buf_release
      queue0:src-8076    [001] ..... 20154.636375: system_heap_do_allocate.constprop.0 <-system_uncached_heap_allocate
 mppjpegenc0:src-8082    [003] ..... 20154.650410: system_heap_dma_buf_release <-dma_buf_release
      queue0:src-8076    [001] ..... 20154.669671: system_heap_do_allocate.constprop.0 <-system_uncached_heap_allocate
 mppjpegenc0:src-8082    [003] ..... 20154.683612: system_heap_dma_buf_release <-dma_buf_release
      queue0:src-8076    [001] ..... 20154.702903: system_heap_do_allocate.constprop.0 <-system_uncached_heap_allocate
 mppjpegenc0:src-8082    [003] ..... 20154.716918: system_heap_dma_buf_release <-dma_buf_release
      queue0:src-8076    [001] ..... 20154.736224: system_heap_do_allocate.constprop.0 <-system_uncached_heap_allocate
 mppjpegenc0:src-8082    [003] ..... 20154.750159: system_heap_dma_buf_release <-dma_buf_release
      queue0:src-8076    [000] ..... 20154.769550: system_heap_do_allocate.constprop.0 <-system_uncached_heap_allocate
 mppjpegenc0:src-8082    [003] ..... 20154.784033: system_heap_dma_buf_release <-dma_buf_release
      queue0:src-8076    [000] ..... 20154.802741: system_heap_do_allocate.constprop.0 <-system_uncached_heap_allocate
 mppjpegenc0:src-8082    [003] ..... 20154.818050: system_heap_dma_buf_release <-dma_buf_release
      queue0:src-8076    [000] ..... 20154.836073: system_heap_do_allocate.constprop.0 <-system_uncached_heap_allocate
 mppjpegenc0:src-8082    [003] ..... 20154.850004: system_heap_dma_buf_release <-dma_buf_release
      queue0:src-8076    [000] ..... 20154.869342: system_heap_do_allocate.constprop.0 <-system_uncached_heap_allocate
 mppjpegenc0:src-8082    [003] ..... 20154.883310: system_heap_dma_buf_release <-dma_buf_release
      queue0:src-8076    [000] ..... 20154.902627: system_heap_do_allocate.constprop.0 <-system_uncached_heap_allocate
 mppjpegenc0:src-8082    [003] ..... 20154.916653: system_heap_dma_buf_release <-dma_buf_release
      queue0:src-8076    [000] ..... 20154.935913: system_heap_do_allocate.constprop.0 <-system_uncached_heap_allocate
 mppjpegenc0:src-8082    [003] ..... 20154.949864: system_heap_dma_buf_release <-dma_buf_release
      queue0:src-8076    [000] ..... 20154.969181: system_heap_do_allocate.constprop.0 <-system_uncached_heap_allocate
 mppjpegenc0:src-8082    [003] ..... 20154.983062: system_heap_dma_buf_release <-dma_buf_release
      queue0:src-8076    [000] ..... 20155.002466: system_heap_do_allocate.constprop.0 <-system_uncached_heap_allocate
 mppjpegenc0:src-8082    [003] ..... 20155.016464: system_heap_dma_buf_release <-dma_buf_release
      queue0:src-8076    [000] ..... 20155.035768: system_heap_do_allocate.constprop.0 <-system_uncached_heap_allocate
 mppjpegenc0:src-8082    [003] ..... 20155.049735: system_heap_dma_buf_release <-dma_buf_release
      queue0:src-8076    [000] ..... 20155.069022: system_heap_do_allocate.constprop.0 <-system_uncached_heap_allocate
 mppjpegenc0:src-8082    [003] ..... 20155.082957: system_heap_dma_buf_release <-dma_buf_release
      queue0:src-8076    [000] ..... 20155.102303: system_heap_do_allocate.constprop.0 <-system_uncached_heap_allocate
 mppjpegenc0:src-8082    [003] ..... 20155.116224: system_heap_dma_buf_release <-dma_buf_release
      queue0:src-8076    [000] ..... 20155.135552: system_heap_do_allocate.constprop.0 <-system_uncached_heap_allocate
 mppjpegenc0:src-8082    [003] ..... 20155.149570: system_heap_dma_buf_release <-dma_buf_release
      queue0:src-8076    [000] ..... 20155.168865: system_heap_do_allocate.constprop.0 <-system_uncached_heap_allocate
 mppjpegenc0:src-8082    [003] ..... 20155.182825: system_heap_dma_buf_release <-dma_buf_release
      queue0:src-8076    [000] ..... 20155.202164: system_heap_do_allocate.constprop.0 <-system_uncached_heap_allocate
 mppjpegenc0:src-8082    [003] ..... 20155.216100: system_heap_dma_buf_release <-dma_buf_release
      queue0:src-8076    [000] ..... 20155.235392: system_heap_do_allocate.constprop.0 <-system_uncached_heap_allocate
 mppjpegenc0:src-8082    [003] ..... 20155.249365: system_heap_dma_buf_release <-dma_buf_release
      queue0:src-8076    [000] ..... 20155.268702: system_heap_do_allocate.constprop.0 <-system_uncached_heap_allocate
 mppjpegenc0:src-8082    [003] ..... 20155.282641: system_heap_dma_buf_release <-dma_buf_release
      queue0:src-8076    [000] ..... 20155.301979: system_heap_do_allocate.constprop.0 <-system_uncached_heap_allocate
 mppjpegenc0:src-8082    [003] ..... 20155.315962: system_heap_dma_buf_release <-dma_buf_release
      queue0:src-8076    [000] ..... 20155.335227: system_heap_do_allocate.constprop.0 <-system_uncached_heap_allocate
 mppjpegenc0:src-8082    [003] ..... 20155.349199: system_heap_dma_buf_release <-dma_buf_release
      queue0:src-8076    [000] ..... 20155.368544: system_heap_do_allocate.constprop.0 <-system_uncached_heap_allocate
 mppjpegenc0:src-8082    [003] ..... 20155.382585: system_heap_dma_buf_release <-dma_buf_release
      queue0:src-8076    [000] ..... 20155.401821: system_heap_do_allocate.constprop.0 <-system_uncached_heap_allocate
 mppjpegenc0:src-8082    [003] ..... 20155.415986: system_heap_dma_buf_release <-dma_buf_release
      queue0:src-8076    [000] ..... 20155.435069: system_heap_do_allocate.constprop.0 <-system_uncached_heap_allocate
 mppjpegenc0:src-8082    [003] ..... 20155.449106: system_heap_dma_buf_release <-dma_buf_release
      queue0:src-8076    [000] ..... 20155.468381: system_heap_do_allocate.constprop.0 <-system_uncached_heap_allocate
 mppjpegenc0:src-8082    [003] ..... 20155.482336: system_heap_dma_buf_release <-dma_buf_release
      queue0:src-8076    [000] ..... 20155.501661: system_heap_do_allocate.constprop.0 <-system_uncached_heap_allocate
 mppjpegenc0:src-8082    [003] ..... 20155.515527: system_heap_dma_buf_release <-dma_buf_release
      queue0:src-8076    [000] ..... 20155.534939: system_heap_do_allocate.constprop.0 <-system_uncached_heap_allocate
 mppjpegenc0:src-8082    [003] ..... 20155.548948: system_heap_dma_buf_release <-dma_buf_release
      queue0:src-8076    [000] ..... 20155.568224: system_heap_do_allocate.constprop.0 <-system_uncached_heap_allocate
 mppjpegenc0:src-8082    [003] ..... 20155.582538: system_heap_dma_buf_release <-dma_buf_release
      queue0:src-8076    [000] ..... 20155.601500: system_heap_do_allocate.constprop.0 <-system_uncached_heap_allocate
 mppjpegenc0:src-8082    [003] ..... 20155.615342: system_heap_dma_buf_release <-dma_buf_release
      queue0:src-8076    [000] ..... 20155.634780: system_heap_do_allocate.constprop.0 <-system_uncached_heap_allocate
 mppjpegenc0:src-8082    [003] ..... 20155.649104: system_heap_dma_buf_release <-dma_buf_release
      queue0:src-8076    [000] ..... 20155.668044: system_heap_do_allocate.constprop.0 <-system_uncached_heap_allocate
 mppjpegenc0:src-8082    [003] ..... 20155.681939: system_heap_dma_buf_release <-dma_buf_release
      queue0:src-8076    [000] ..... 20155.701329: system_heap_do_allocate.constprop.0 <-system_uncached_heap_allocate
 mppjpegenc0:src-8082    [003] ..... 20155.715190: system_heap_dma_buf_release <-dma_buf_release
      queue0:src-8076    [000] ..... 20155.734616: system_heap_do_allocate.constprop.0 <-system_uncached_heap_allocate
 mppjpegenc0:src-8082    [003] ..... 20155.748580: system_heap_dma_buf_release <-dma_buf_release
      queue0:src-8076    [000] ..... 20155.767900: system_heap_do_allocate.constprop.0 <-system_uncached_heap_allocate
 mppjpegenc0:src-8082    [003] ..... 20155.781788: system_heap_dma_buf_release <-dma_buf_release
      queue0:src-8076    [000] ..... 20155.801158: system_heap_do_allocate.constprop.0 <-system_uncached_heap_allocate
 mppjpegenc0:src-8082    [003] ..... 20155.814958: system_heap_dma_buf_release <-dma_buf_release
      queue0:src-8076    [000] ..... 20155.834459: system_heap_do_allocate.constprop.0 <-system_uncached_heap_allocate
 mppjpegenc0:src-8082    [003] ..... 20155.848449: system_heap_dma_buf_release <-dma_buf_release
      queue0:src-8076    [000] ..... 20155.867751: system_heap_do_allocate.constprop.0 <-system_uncached_heap_allocate
 mppjpegenc0:src-8082    [003] ..... 20155.881708: system_heap_dma_buf_release <-dma_buf_release
      queue0:src-8076    [000] ..... 20155.901017: system_heap_do_allocate.constprop.0 <-system_uncached_heap_allocate
 mppjpegenc0:src-8082    [003] ..... 20155.915130: system_heap_dma_buf_release <-dma_buf_release
      queue0:src-8076    [000] ..... 20155.934286: system_heap_do_allocate.constprop.0 <-system_uncached_heap_allocate
 mppjpegenc0:src-8082    [003] ..... 20155.948236: system_heap_dma_buf_release <-dma_buf_release
      queue0:src-8076    [000] ..... 20155.967544: system_heap_do_allocate.constprop.0 <-system_uncached_heap_allocate
 mppjpegenc0:src-8082    [003] ..... 20155.982540: system_heap_dma_buf_release <-dma_buf_release
      queue0:src-8076    [000] ..... 20156.000862: system_heap_do_allocate.constprop.0 <-system_uncached_heap_allocate
 mppjpegenc0:src-8082    [003] ..... 20156.014706: system_heap_dma_buf_release <-dma_buf_release
      queue0:src-8076    [000] ..... 20156.034137: system_heap_do_allocate.constprop.0 <-system_uncached_heap_allocate
 mppjpegenc0:src-8082    [003] ..... 20156.048070: system_heap_dma_buf_release <-dma_buf_release
      queue0:src-8076    [000] ..... 20156.067387: system_heap_do_allocate.constprop.0 <-system_uncached_heap_allocate
 mppjpegenc0:src-8082    [003] ..... 20156.081421: system_heap_dma_buf_release <-dma_buf_release
      queue0:src-8076    [000] ..... 20156.100701: system_heap_do_allocate.constprop.0 <-system_uncached_heap_allocate
 mppjpegenc0:src-8082    [003] ..... 20156.114693: system_heap_dma_buf_release <-dma_buf_release
      queue0:src-8076    [000] ..... 20156.133976: system_heap_do_allocate.constprop.0 <-system_uncached_heap_allocate
 mppjpegenc0:src-8082    [003] ..... 20156.149107: system_heap_dma_buf_release <-dma_buf_release
      queue0:src-8076    [000] ..... 20156.167225: system_heap_do_allocate.constprop.0 <-system_uncached_heap_allocate
 mppjpegenc0:src-8082    [003] ..... 20156.181165: system_heap_dma_buf_release <-dma_buf_release
      queue0:src-8076    [000] ..... 20156.200516: system_heap_do_allocate.constprop.0 <-system_uncached_heap_allocate
 mppjpegenc0:src-8082    [003] ..... 20156.214701: system_heap_dma_buf_release <-dma_buf_release
      queue0:src-8076    [000] ..... 20156.233819: system_heap_do_allocate.constprop.0 <-system_uncached_heap_allocate
 mppjpegenc0:src-8082    [003] ..... 20156.248498: system_heap_dma_buf_release <-dma_buf_release
      queue0:src-8076    [000] ..... 20156.267097: system_heap_do_allocate.constprop.0 <-system_uncached_heap_allocate
 mppjpegenc0:src-8082    [003] ..... 20156.281045: system_heap_dma_buf_release <-dma_buf_release
      queue0:src-8076    [000] ..... 20156.300384: system_heap_do_allocate.constprop.0 <-system_uncached_heap_allocate
 mppjpegenc0:src-8082    [003] ..... 20156.315131: system_heap_dma_buf_release <-dma_buf_release
      queue0:src-8076    [000] ..... 20156.333660: system_heap_do_allocate.constprop.0 <-system_uncached_heap_allocate
 mppjpegenc0:src-8082    [003] ..... 20156.347599: system_heap_dma_buf_release <-dma_buf_release
      queue0:src-8076    [000] ..... 20156.366894: system_heap_do_allocate.constprop.0 <-system_uncached_heap_allocate
 mppjpegenc0:src-8082    [003] ..... 20156.380936: system_heap_dma_buf_release <-dma_buf_release
      queue0:src-8076    [000] ..... 20156.400229: system_heap_do_allocate.constprop.0 <-system_uncached_heap_allocate
 mppjpegenc0:src-8082    [003] ..... 20156.414205: system_heap_dma_buf_release <-dma_buf_release
      queue0:src-8076    [000] ..... 20156.433503: system_heap_do_allocate.constprop.0 <-system_uncached_heap_allocate
 mppjpegenc0:src-8082    [003] ..... 20156.447340: system_heap_dma_buf_release <-dma_buf_release
      queue0:src-8076    [000] ..... 20156.466743: system_heap_do_allocate.constprop.0 <-system_uncached_heap_allocate
 mppjpegenc0:src-8082    [003] ..... 20156.480709: system_heap_dma_buf_release <-dma_buf_release
      queue0:src-8076    [000] ..... 20156.500054: system_heap_do_allocate.constprop.0 <-system_uncached_heap_allocate
 mppjpegenc0:src-8082    [003] ..... 20156.514127: system_heap_dma_buf_release <-dma_buf_release
      queue0:src-8076    [000] ..... 20156.533338: system_heap_do_allocate.constprop.0 <-system_uncached_heap_allocate
 mppjpegenc0:src-8082    [003] ..... 20156.547158: system_heap_dma_buf_release <-dma_buf_release
      queue0:src-8076    [000] ..... 20156.566618: system_heap_do_allocate.constprop.0 <-system_uncached_heap_allocate
 mppjpegenc0:src-8082    [003] ..... 20156.580470: system_heap_dma_buf_release <-dma_buf_release
      queue0:src-8076    [000] ..... 20156.599901: system_heap_do_allocate.constprop.0 <-system_uncached_heap_allocate
 mppjpegenc0:src-8082    [003] ..... 20156.614154: system_heap_dma_buf_release <-dma_buf_release
      queue0:src-8076    [000] ..... 20156.633173: system_heap_do_allocate.constprop.0 <-system_uncached_heap_allocate
 mppjpegenc0:src-8082    [003] ..... 20156.647127: system_heap_dma_buf_release <-dma_buf_release
      queue0:src-8076    [000] ..... 20156.666457: system_heap_do_allocate.constprop.0 <-system_uncached_heap_allocate
 mppjpegenc0:src-8082    [003] ..... 20156.680327: system_heap_dma_buf_release <-dma_buf_release
      queue0:src-8076    [001] ..... 20156.699763: system_heap_do_allocate.constprop.0 <-system_uncached_heap_allocate
 mppjpegenc0:src-8082    [003] ..... 20156.713713: system_heap_dma_buf_release <-dma_buf_release
      queue0:src-8076    [001] ..... 20156.733010: system_heap_do_allocate.constprop.0 <-system_uncached_heap_allocate
 mppjpegenc0:src-8082    [003] ..... 20156.746918: system_heap_dma_buf_release <-dma_buf_release
      queue0:src-8076    [001] ..... 20156.766293: system_heap_do_allocate.constprop.0 <-system_uncached_heap_allocate
 mppjpegenc0:src-8082    [003] ..... 20156.780205: system_heap_dma_buf_release <-dma_buf_release
      queue0:src-8076    [001] ..... 20156.799543: system_heap_do_allocate.constprop.0 <-system_uncached_heap_allocate
 mppjpegenc0:src-8082    [000] ..... 20156.814010: system_heap_dma_buf_release <-dma_buf_release
      queue0:src-8076    [001] ..... 20156.832864: system_heap_do_allocate.constprop.0 <-system_uncached_heap_allocate
 mppjpegenc0:src-8082    [000] ..... 20156.846664: system_heap_dma_buf_release <-dma_buf_release
      queue0:src-8076    [001] ..... 20156.866130: system_heap_do_allocate.constprop.0 <-system_uncached_heap_allocate
 mppjpegenc0:src-8082    [000] ..... 20156.880017: system_heap_dma_buf_release <-dma_buf_release
      queue0:src-8076    [001] ..... 20156.899386: system_heap_do_allocate.constprop.0 <-system_uncached_heap_allocate
 mppjpegenc0:src-8082    [000] ..... 20156.913349: system_heap_dma_buf_release <-dma_buf_release
      queue0:src-8076    [001] ..... 20156.932709: system_heap_do_allocate.constprop.0 <-system_uncached_heap_allocate
 mppjpegenc0:src-8082    [000] ..... 20156.946594: system_heap_dma_buf_release <-dma_buf_release
      queue0:src-8076    [001] ..... 20156.965980: system_heap_do_allocate.constprop.0 <-system_uncached_heap_allocate
 mppjpegenc0:src-8082    [000] ..... 20156.979940: system_heap_dma_buf_release <-dma_buf_release
      queue0:src-8076    [001] ..... 20156.999221: system_heap_do_allocate.constprop.0 <-system_uncached_heap_allocate
 mppjpegenc0:src-8082    [000] ..... 20157.013171: system_heap_dma_buf_release <-dma_buf_release
      queue0:src-8076    [001] ..... 20157.032564: system_heap_do_allocate.constprop.0 <-system_uncached_heap_allocate
 mppjpegenc0:src-8082    [000] ..... 20157.046468: system_heap_dma_buf_release <-dma_buf_release
      queue0:src-8076    [001] ..... 20157.065816: system_heap_do_allocate.constprop.0 <-system_uncached_heap_allocate
 mppjpegenc0:src-8082    [000] ..... 20157.079541: system_heap_dma_buf_release <-dma_buf_release
      queue0:src-8076    [001] ..... 20157.099095: system_heap_do_allocate.constprop.0 <-system_uncached_heap_allocate
 mppjpegenc0:src-8082    [000] ..... 20157.112961: system_heap_dma_buf_release <-dma_buf_release
      queue0:src-8076    [001] ..... 20157.132389: system_heap_do_allocate.constprop.0 <-system_uncached_heap_allocate
 mppjpegenc0:src-8082    [000] ..... 20157.146287: system_heap_dma_buf_release <-dma_buf_release
      queue0:src-8076    [001] ..... 20157.165655: system_heap_do_allocate.constprop.0 <-system_uncached_heap_allocate
 mppjpegenc0:src-8082    [000] ..... 20157.179571: system_heap_dma_buf_release <-dma_buf_release
      queue0:src-8076    [001] ..... 20157.198941: system_heap_do_allocate.constprop.0 <-system_uncached_heap_allocate
 mppjpegenc0:src-8082    [000] ..... 20157.212723: system_heap_dma_buf_release <-dma_buf_release
      queue0:src-8076    [001] ..... 20157.232228: system_heap_do_allocate.constprop.0 <-system_uncached_heap_allocate
 mppjpegenc0:src-8082    [000] ..... 20157.246114: system_heap_dma_buf_release <-dma_buf_release
      queue0:src-8076    [001] ..... 20157.265495: system_heap_do_allocate.constprop.0 <-system_uncached_heap_allocate
 mppjpegenc0:src-8082    [000] ..... 20157.279358: system_heap_dma_buf_release <-dma_buf_release
      queue0:src-8076    [001] ..... 20157.298774: system_heap_do_allocate.constprop.0 <-system_uncached_heap_allocate
 mppjpegenc0:src-8082    [000] ..... 20157.312706: system_heap_dma_buf_release <-dma_buf_release
      queue0:src-8076    [001] ..... 20157.332077: system_heap_do_allocate.constprop.0 <-system_uncached_heap_allocate
 mppjpegenc0:src-8082    [000] ..... 20157.345977: system_heap_dma_buf_release <-dma_buf_release
      queue0:src-8076    [001] ..... 20157.365336: system_heap_do_allocate.constprop.0 <-system_uncached_heap_allocate
 mppjpegenc0:src-8082    [000] ..... 20157.379179: system_heap_dma_buf_release <-dma_buf_release
      queue0:src-8076    [001] ..... 20157.398610: system_heap_do_allocate.constprop.0 <-system_uncached_heap_allocate
 mppjpegenc0:src-8082    [000] ..... 20157.412496: system_heap_dma_buf_release <-dma_buf_release
      queue0:src-8076    [001] ..... 20157.431914: system_heap_do_allocate.constprop.0 <-system_uncached_heap_allocate
 mppjpegenc0:src-8082    [000] ..... 20157.445836: system_heap_dma_buf_release <-dma_buf_release
      queue0:src-8076    [001] ..... 20157.465176: system_heap_do_allocate.constprop.0 <-system_uncached_heap_allocate
 mppjpegenc0:src-8082    [000] ..... 20157.478955: system_heap_dma_buf_release <-dma_buf_release
      queue0:src-8076    [001] ..... 20157.498417: system_heap_do_allocate.constprop.0 <-system_uncached_heap_allocate
 mppjpegenc0:src-8082    [000] ..... 20157.512239: system_heap_dma_buf_release <-dma_buf_release
      queue0:src-8076    [001] ..... 20157.531764: system_heap_do_allocate.constprop.0 <-system_uncached_heap_allocate
 mppjpegenc0:src-8082    [000] ..... 20157.545727: system_heap_dma_buf_release <-dma_buf_release
      queue0:src-8076    [001] ..... 20157.565015: system_heap_do_allocate.constprop.0 <-system_uncached_heap_allocate
 mppjpegenc0:src-8082    [000] ..... 20157.578966: system_heap_dma_buf_release <-dma_buf_release
      queue0:src-8076    [001] ..... 20157.598288: system_heap_do_allocate.constprop.0 <-system_uncached_heap_allocate
 mppjpegenc0:src-8082    [000] ..... 20157.612866: system_heap_dma_buf_release <-dma_buf_release
      queue0:src-8076    [001] ..... 20157.631558: system_heap_do_allocate.constprop.0 <-system_uncached_heap_allocate
 mppjpegenc0:src-8082    [000] ..... 20157.645381: system_heap_dma_buf_release <-dma_buf_release
      queue0:src-8076    [001] ..... 20157.664851: system_heap_do_allocate.constprop.0 <-system_uncached_heap_allocate
 mppjpegenc0:src-8082    [000] ..... 20157.678766: system_heap_dma_buf_release <-dma_buf_release
      queue0:src-8076    [001] ..... 20157.698132: system_heap_do_allocate.constprop.0 <-system_uncached_heap_allocate
 mppjpegenc0:src-8082    [000] ..... 20157.713026: system_heap_dma_buf_release <-dma_buf_release
      queue0:src-8076    [001] ..... 20157.731392: system_heap_do_allocate.constprop.0 <-system_uncached_heap_allocate
 mppjpegenc0:src-8082    [000] ..... 20157.745326: system_heap_dma_buf_release <-dma_buf_release
      queue0:src-8076    [001] ..... 20157.764700: system_heap_do_allocate.constprop.0 <-system_uncached_heap_allocate
 mppjpegenc0:src-8082    [000] ..... 20157.778597: system_heap_dma_buf_release <-dma_buf_release
      queue0:src-8076    [001] ..... 20157.797971: system_heap_do_allocate.constprop.0 <-system_uncached_heap_allocate
 mppjpegenc0:src-8082    [000] ..... 20157.812002: system_heap_dma_buf_release <-dma_buf_release
      queue0:src-8076    [001] ..... 20157.831317: system_heap_do_allocate.constprop.0 <-system_uncached_heap_allocate
 mppjpegenc0:src-8082    [000] ..... 20157.845476: system_heap_dma_buf_release <-dma_buf_release
      queue0:src-8076    [001] ..... 20157.864537: system_heap_do_allocate.constprop.0 <-system_uncached_heap_allocate
 mppjpegenc0:src-8082    [000] ..... 20157.878421: system_heap_dma_buf_release <-dma_buf_release
      queue0:src-8076    [001] ..... 20157.897818: system_heap_do_allocate.constprop.0 <-system_uncached_heap_allocate
 mppjpegenc0:src-8082    [000] ..... 20157.911679: system_heap_dma_buf_release <-dma_buf_release
      queue0:src-8076    [001] ..... 20157.931103: system_heap_do_allocate.constprop.0 <-system_uncached_heap_allocate
 mppjpegenc0:src-8082    [000] ..... 20157.945048: system_heap_dma_buf_release <-dma_buf_release
      queue0:src-8076    [001] ..... 20157.964396: system_heap_do_allocate.constprop.0 <-system_uncached_heap_allocate
 mppjpegenc0:src-8082    [000] ..... 20157.978305: system_heap_dma_buf_release <-dma_buf_release
      queue0:src-8076    [001] ..... 20157.997652: system_heap_do_allocate.constprop.0 <-system_uncached_heap_allocate
 mppjpegenc0:src-8082    [000] ..... 20158.011394: system_heap_dma_buf_release <-dma_buf_release
      queue0:src-8076    [001] ..... 20158.030923: system_heap_do_allocate.constprop.0 <-system_uncached_heap_allocate
 mppjpegenc0:src-8082    [000] ..... 20158.044841: system_heap_dma_buf_release <-dma_buf_release
      queue0:src-8076    [001] ..... 20158.064228: system_heap_do_allocate.constprop.0 <-system_uncached_heap_allocate
 mppjpegenc0:src-8082    [000] ..... 20158.078139: system_heap_dma_buf_release <-dma_buf_release
      queue0:src-8076    [001] ..... 20158.097496: system_heap_do_allocate.constprop.0 <-system_uncached_heap_allocate
 mppjpegenc0:src-8082    [000] ..... 20158.111867: system_heap_dma_buf_release <-dma_buf_release
      queue0:src-8076    [001] ..... 20158.130783: system_heap_do_allocate.constprop.0 <-system_uncached_heap_allocate
 mppjpegenc0:src-8082    [000] ..... 20158.144706: system_heap_dma_buf_release <-dma_buf_release
      queue0:src-8076    [001] ..... 20158.164065: system_heap_do_allocate.constprop.0 <-system_uncached_heap_allocate
 mppjpegenc0:src-8082    [000] ..... 20158.178388: system_heap_dma_buf_release <-dma_buf_release
      queue0:src-8076    [001] ..... 20158.197335: system_heap_do_allocate.constprop.0 <-system_uncached_heap_allocate
 mppjpegenc0:src-8082    [000] ..... 20158.211239: system_heap_dma_buf_release <-dma_buf_release
      queue0:src-8076    [001] ..... 20158.230589: system_heap_do_allocate.constprop.0 <-system_uncached_heap_allocate
 mppjpegenc0:src-8082    [000] ..... 20158.244511: system_heap_dma_buf_release <-dma_buf_release
      queue0:src-8076    [001] ..... 20158.263906: system_heap_do_allocate.constprop.0 <-system_uncached_heap_allocate
 mppjpegenc0:src-8082    [000] ..... 20158.277794: system_heap_dma_buf_release <-dma_buf_release
      queue0:src-8076    [001] ..... 20158.297176: system_heap_do_allocate.constprop.0 <-system_uncached_heap_allocate
 mppjpegenc0:src-8082    [000] ..... 20158.311002: system_heap_dma_buf_release <-dma_buf_release
      queue0:src-8076    [001] ..... 20158.330458: system_heap_do_allocate.constprop.0 <-system_uncached_heap_allocate
 mppjpegenc0:src-8082    [000] ..... 20158.344365: system_heap_dma_buf_release <-dma_buf_release
      queue0:src-8076    [001] ..... 20158.363754: system_heap_do_allocate.constprop.0 <-system_uncached_heap_allocate
 mppjpegenc0:src-8082    [000] ..... 20158.377877: system_heap_dma_buf_release <-dma_buf_release
      queue0:src-8076    [001] ..... 20158.397023: system_heap_do_allocate.constprop.0 <-system_uncached_heap_allocate
 mppjpegenc0:src-8082    [000] ..... 20158.410853: system_heap_dma_buf_release <-dma_buf_release
      queue0:src-8076    [001] ..... 20158.430278: system_heap_do_allocate.constprop.0 <-system_uncached_heap_allocate
 mppjpegenc0:src-8082    [000] ..... 20158.443988: system_heap_dma_buf_release <-dma_buf_release
      queue0:src-8076    [001] ..... 20158.463549: system_heap_do_allocate.constprop.0 <-system_uncached_heap_allocate
 mppjpegenc0:src-8082    [000] ..... 20158.477431: system_heap_dma_buf_release <-dma_buf_release
      queue0:src-8076    [001] ..... 20158.496859: system_heap_do_allocate.constprop.0 <-system_uncached_heap_allocate
 mppjpegenc0:src-8082    [000] ..... 20158.510669: system_heap_dma_buf_release <-dma_buf_release
      queue0:src-8076    [001] ..... 20158.530143: system_heap_do_allocate.constprop.0 <-system_uncached_heap_allocate
 mppjpegenc0:src-8082    [000] ..... 20158.543988: system_heap_dma_buf_release <-dma_buf_release
      queue0:src-8076    [001] ..... 20158.563384: system_heap_do_allocate.constprop.0 <-system_uncached_heap_allocate
 mppjpegenc0:src-8082    [000] ..... 20158.577273: system_heap_dma_buf_release <-dma_buf_release
      queue0:src-8076    [001] ..... 20158.596695: system_heap_do_allocate.constprop.0 <-system_uncached_heap_allocate
 mppjpegenc0:src-8082    [000] ..... 20158.610536: system_heap_dma_buf_release <-dma_buf_release
      queue0:src-8076    [001] ..... 20158.629992: system_heap_do_allocate.constprop.0 <-system_uncached_heap_allocate
 mppjpegenc0:src-8082    [000] ..... 20158.644796: system_heap_dma_buf_release <-dma_buf_release
      queue0:src-8076    [001] ..... 20158.663223: system_heap_do_allocate.constprop.0 <-system_uncached_heap_allocate
 mppjpegenc0:src-8082    [000] ..... 20158.677113: system_heap_dma_buf_release <-dma_buf_release
      queue0:src-8076    [001] ..... 20158.696539: system_heap_do_allocate.constprop.0 <-system_uncached_heap_allocate
 mppjpegenc0:src-8082    [000] ..... 20158.710375: system_heap_dma_buf_release <-dma_buf_release
      queue0:src-8076    [001] ..... 20158.729822: system_heap_do_allocate.constprop.0 <-system_uncached_heap_allocate
 mppjpegenc0:src-8082    [000] ..... 20158.743496: system_heap_dma_buf_release <-dma_buf_release
      queue0:src-8076    [001] ..... 20158.763060: system_heap_do_allocate.constprop.0 <-system_uncached_heap_allocate
 mppjpegenc0:src-8082    [000] ..... 20158.777035: system_heap_dma_buf_release <-dma_buf_release
      queue0:src-8076    [001] ..... 20158.796376: system_heap_do_allocate.constprop.0 <-system_uncached_heap_allocate
 mppjpegenc0:src-8082    [000] ..... 20158.810278: system_heap_dma_buf_release <-dma_buf_release
      queue0:src-8076    [001] ..... 20158.829665: system_heap_do_allocate.constprop.0 <-system_uncached_heap_allocate
 mppjpegenc0:src-8082    [003] ..... 20158.844325: system_heap_dma_buf_release <-dma_buf_release
      queue0:src-8076    [001] ..... 20158.862915: system_heap_do_allocate.constprop.0 <-system_uncached_heap_allocate
 mppjpegenc0:src-8082    [000] ..... 20158.877644: system_heap_dma_buf_release <-dma_buf_release
      queue0:src-8076    [001] ..... 20158.896229: system_heap_do_allocate.constprop.0 <-system_uncached_heap_allocate
 mppjpegenc0:src-8082    [000] ..... 20158.910188: system_heap_dma_buf_release <-dma_buf_release
      queue0:src-8076    [001] ..... 20158.929501: system_heap_do_allocate.constprop.0 <-system_uncached_heap_allocate
 mppjpegenc0:src-8082    [000] ..... 20158.943267: system_heap_dma_buf_release <-dma_buf_release
      queue0:src-8076    [001] ..... 20158.962744: system_heap_do_allocate.constprop.0 <-system_uncached_heap_allocate
 mppjpegenc0:src-8082    [000] ..... 20158.976600: system_heap_dma_buf_release <-dma_buf_release
      queue0:src-8076    [001] ..... 20158.996062: system_heap_do_allocate.constprop.0 <-system_uncached_heap_allocate
 mppjpegenc0:src-8082    [000] ..... 20159.010048: system_heap_dma_buf_release <-dma_buf_release
      queue0:src-8076    [001] ..... 20159.029340: system_heap_do_allocate.constprop.0 <-system_uncached_heap_allocate
 mppjpegenc0:src-8082    [000] ..... 20159.043295: system_heap_dma_buf_release <-dma_buf_release
      queue0:src-8076    [001] ..... 20159.062609: system_heap_do_allocate.constprop.0 <-system_uncached_heap_allocate
 mppjpegenc0:src-8082    [000] ..... 20159.076435: system_heap_dma_buf_release <-dma_buf_release
      queue0:src-8076    [001] ..... 20159.095911: system_heap_do_allocate.constprop.0 <-system_uncached_heap_allocate
 mppjpegenc0:src-8082    [000] ..... 20159.109824: system_heap_dma_buf_release <-dma_buf_release
      queue0:src-8076    [001] ..... 20159.129181: system_heap_do_allocate.constprop.0 <-system_uncached_heap_allocate
 mppjpegenc0:src-8082    [000] ..... 20159.143145: system_heap_dma_buf_release <-dma_buf_release
      queue0:src-8076    [001] ..... 20159.162430: system_heap_do_allocate.constprop.0 <-system_uncached_heap_allocate
 mppjpegenc0:src-8082    [000] ..... 20159.176354: system_heap_dma_buf_release <-dma_buf_release
      queue0:src-8076    [001] ..... 20159.195753: system_heap_do_allocate.constprop.0 <-system_uncached_heap_allocate
 mppjpegenc0:src-8082    [000] ..... 20159.209724: system_heap_dma_buf_release <-dma_buf_release
      queue0:src-8076    [001] ..... 20159.229015: system_heap_do_allocate.constprop.0 <-system_uncached_heap_allocate
 mppjpegenc0:src-8082    [000] ..... 20159.242885: system_heap_dma_buf_release <-dma_buf_release
      queue0:src-8076    [001] ..... 20159.262255: system_heap_do_allocate.constprop.0 <-system_uncached_heap_allocate
 mppjpegenc0:src-8082    [000] ..... 20159.276225: system_heap_dma_buf_release <-dma_buf_release
      queue0:src-8076    [001] ..... 20159.295550: system_heap_do_allocate.constprop.0 <-system_uncached_heap_allocate
 mppjpegenc0:src-8082    [000] ..... 20159.309542: system_heap_dma_buf_release <-dma_buf_release
      queue0:src-8076    [001] ..... 20159.328872: system_heap_do_allocate.constprop.0 <-system_uncached_heap_allocate
 mppjpegenc0:src-8082    [000] ..... 20159.342827: system_heap_dma_buf_release <-dma_buf_release
      queue0:src-8076    [001] ..... 20159.362136: system_heap_do_allocate.constprop.0 <-system_uncached_heap_allocate
 mppjpegenc0:src-8082    [000] ..... 20159.376066: system_heap_dma_buf_release <-dma_buf_release
      queue0:src-8076    [001] ..... 20159.395415: system_heap_do_allocate.constprop.0 <-system_uncached_heap_allocate
 mppjpegenc0:src-8082    [000] ..... 20159.409433: system_heap_dma_buf_release <-dma_buf_release
      queue0:src-8076    [001] ..... 20159.428705: system_heap_do_allocate.constprop.0 <-system_uncached_heap_allocate
 mppjpegenc0:src-8082    [000] ..... 20159.442657: system_heap_dma_buf_release <-dma_buf_release
      queue0:src-8076    [001] ..... 20159.461975: system_heap_do_allocate.constprop.0 <-system_uncached_heap_allocate
 mppjpegenc0:src-8082    [000] ..... 20159.475922: system_heap_dma_buf_release <-dma_buf_release
      queue0:src-8076    [001] ..... 20159.495232: system_heap_do_allocate.constprop.0 <-system_uncached_heap_allocate
 mppjpegenc0:src-8082    [000] ..... 20159.509221: system_heap_dma_buf_release <-dma_buf_release
      queue0:src-8076    [001] ..... 20159.528545: system_heap_do_allocate.constprop.0 <-system_uncached_heap_allocate
 mppjpegenc0:src-8082    [000] ..... 20159.542604: system_heap_dma_buf_release <-dma_buf_release
      queue0:src-8076    [001] ..... 20159.561817: system_heap_do_allocate.constprop.0 <-system_uncached_heap_allocate
 mppjpegenc0:src-8082    [000] ..... 20159.575678: system_heap_dma_buf_release <-dma_buf_release
      queue0:src-8076    [001] ..... 20159.595067: system_heap_do_allocate.constprop.0 <-system_uncached_heap_allocate
 mppjpegenc0:src-8082    [000] ..... 20159.609053: system_heap_dma_buf_release <-dma_buf_release
      queue0:src-8076    [001] ..... 20159.628380: system_heap_do_allocate.constprop.0 <-system_uncached_heap_allocate
 mppjpegenc0:src-8082    [000] ..... 20159.642336: system_heap_dma_buf_release <-dma_buf_release
      queue0:src-8076    [001] ..... 20159.661659: system_heap_do_allocate.constprop.0 <-system_uncached_heap_allocate
 mppjpegenc0:src-8082    [000] ..... 20159.675517: system_heap_dma_buf_release <-dma_buf_release
      queue0:src-8076    [001] ..... 20159.694930: system_heap_do_allocate.constprop.0 <-system_uncached_heap_allocate
 mppjpegenc0:src-8082    [000] ..... 20159.708878: system_heap_dma_buf_release <-dma_buf_release
      queue0:src-8076    [001] ..... 20159.728244: system_heap_do_allocate.constprop.0 <-system_uncached_heap_allocate
 mppjpegenc0:src-8082    [000] ..... 20159.742187: system_heap_dma_buf_release <-dma_buf_release
      queue0:src-8076    [001] ..... 20159.761494: system_heap_do_allocate.constprop.0 <-system_uncached_heap_allocate
 mppjpegenc0:src-8082    [000] ..... 20159.775378: system_heap_dma_buf_release <-dma_buf_release
      queue0:src-8076    [001] ..... 20159.794771: system_heap_do_allocate.constprop.0 <-system_uncached_heap_allocate
 mppjpegenc0:src-8082    [000] ..... 20159.808689: system_heap_dma_buf_release <-dma_buf_release
      queue0:src-8076    [001] ..... 20159.828093: system_heap_do_allocate.constprop.0 <-system_uncached_heap_allocate
 mppjpegenc0:src-8082    [000] ..... 20159.842076: system_heap_dma_buf_release <-dma_buf_release
      queue0:src-8076    [001] ..... 20159.861416: system_heap_do_allocate.constprop.0 <-system_uncached_heap_allocate
 mppjpegenc0:src-8082    [000] ..... 20159.875534: system_heap_dma_buf_release <-dma_buf_release
      queue0:src-8076    [001] ..... 20159.894573: system_heap_do_allocate.constprop.0 <-system_uncached_heap_allocate
 mppjpegenc0:src-8082    [000] ..... 20159.908512: system_heap_dma_buf_release <-dma_buf_release
      queue0:src-8076    [001] ..... 20159.927914: system_heap_do_allocate.constprop.0 <-system_uncached_heap_allocate
 mppjpegenc0:src-8082    [000] ..... 20159.942122: system_heap_dma_buf_release <-dma_buf_release
      queue0:src-8076    [001] ..... 20159.961177: system_heap_do_allocate.constprop.0 <-system_uncached_heap_allocate
 mppjpegenc0:src-8082    [000] ..... 20159.975055: system_heap_dma_buf_release <-dma_buf_release
      queue0:src-8076    [001] ..... 20159.994437: system_heap_do_allocate.constprop.0 <-system_uncached_heap_allocate
 mppjpegenc0:src-8082    [000] ..... 20160.008341: system_heap_dma_buf_release <-dma_buf_release
      queue0:src-8076    [001] ..... 20160.027760: system_heap_do_allocate.constprop.0 <-system_uncached_heap_allocate
 mppjpegenc0:src-8082    [000] ..... 20160.041698: system_heap_dma_buf_release <-dma_buf_release
      queue0:src-8076    [001] ..... 20160.061028: system_heap_do_allocate.constprop.0 <-system_uncached_heap_allocate
 mppjpegenc0:src-8082    [000] ..... 20160.074993: system_heap_dma_buf_release <-dma_buf_release
      queue0:src-8076    [001] ..... 20160.094257: system_heap_do_allocate.constprop.0 <-system_uncached_heap_allocate
 mppjpegenc0:src-8082    [000] ..... 20160.108170: system_heap_dma_buf_release <-dma_buf_release
      queue0:src-8076    [001] ..... 20160.127570: system_heap_do_allocate.constprop.0 <-system_uncached_heap_allocate
 mppjpegenc0:src-8082    [000] ..... 20160.141502: system_heap_dma_buf_release <-dma_buf_release
      queue0:src-8076    [001] ..... 20160.160854: system_heap_do_allocate.constprop.0 <-system_uncached_heap_allocate
 mppjpegenc0:src-8082    [000] ..... 20160.174617: system_heap_dma_buf_release <-dma_buf_release
      queue0:src-8076    [001] ..... 20160.194132: system_heap_do_allocate.constprop.0 <-system_uncached_heap_allocate
 mppjpegenc0:src-8082    [000] ..... 20160.208174: system_heap_dma_buf_release <-dma_buf_release
      queue0:src-8076    [001] ..... 20160.227416: system_heap_do_allocate.constprop.0 <-system_uncached_heap_allocate
 mppjpegenc0:src-8082    [000] ..... 20160.241366: system_heap_dma_buf_release <-dma_buf_release
      queue0:src-8076    [001] ..... 20160.260692: system_heap_do_allocate.constprop.0 <-system_uncached_heap_allocate
 mppjpegenc0:src-8082    [000] ..... 20160.274546: system_heap_dma_buf_release <-dma_buf_release
      queue0:src-8076    [001] ..... 20160.293976: system_heap_do_allocate.constprop.0 <-system_uncached_heap_allocate
 mppjpegenc0:src-8082    [000] ..... 20160.307986: system_heap_dma_buf_release <-dma_buf_release
      queue0:src-8076    [001] ..... 20160.327235: system_heap_do_allocate.constprop.0 <-system_uncached_heap_allocate
 mppjpegenc0:src-8082    [000] ..... 20160.341251: system_heap_dma_buf_release <-dma_buf_release
      queue0:src-8076    [001] ..... 20160.360536: system_heap_do_allocate.constprop.0 <-system_uncached_heap_allocate
 mppjpegenc0:src-8082    [000] ..... 20160.374498: system_heap_dma_buf_release <-dma_buf_release
      queue0:src-8076    [001] ..... 20160.393808: system_heap_do_allocate.constprop.0 <-system_uncached_heap_allocate
 mppjpegenc0:src-8082    [000] ..... 20160.407593: system_heap_dma_buf_release <-dma_buf_release
      queue0:src-8076    [001] ..... 20160.427070: system_heap_do_allocate.constprop.0 <-system_uncached_heap_allocate
 mppjpegenc0:src-8082    [000] ..... 20160.441046: system_heap_dma_buf_release <-dma_buf_release
      queue0:src-8076    [001] ..... 20160.460373: system_heap_do_allocate.constprop.0 <-system_uncached_heap_allocate
 mppjpegenc0:src-8082    [000] ..... 20160.474487: system_heap_dma_buf_release <-dma_buf_release
      queue0:src-8076    [001] ..... 20160.493644: system_heap_do_allocate.constprop.0 <-system_uncached_heap_allocate
 mppjpegenc0:src-8082    [000] ..... 20160.507369: system_heap_dma_buf_release <-dma_buf_release
      queue0:src-8076    [000] ..... 20160.526912: system_heap_do_allocate.constprop.0 <-system_uncached_heap_allocate
 mppjpegenc0:src-8082    [000] ..... 20160.540824: system_heap_dma_buf_release <-dma_buf_release
      queue0:src-8076    [001] ..... 20160.560200: system_heap_do_allocate.constprop.0 <-system_uncached_heap_allocate
 mppjpegenc0:src-8082    [000] ..... 20160.574034: system_heap_dma_buf_release <-dma_buf_release
      queue0:src-8076    [001] ..... 20160.593482: system_heap_do_allocate.constprop.0 <-system_uncached_heap_allocate
 mppjpegenc0:src-8082    [000] ..... 20160.607253: system_heap_dma_buf_release <-dma_buf_release
      queue0:src-8076    [001] ..... 20160.626687: system_heap_do_allocate.constprop.0 <-system_uncached_heap_allocate
 mppjpegenc0:src-8082    [000] ..... 20160.640564: system_heap_dma_buf_release <-dma_buf_release
      queue0:src-8076    [001] ..... 20160.660058: system_heap_do_allocate.constprop.0 <-system_uncached_heap_allocate
 mppjpegenc0:src-8082    [000] ..... 20160.673885: system_heap_dma_buf_release <-dma_buf_release
      queue0:src-8076    [001] ..... 20160.693330: system_heap_do_allocate.constprop.0 <-system_uncached_heap_allocate
 mppjpegenc0:src-8082    [000] ..... 20160.706935: system_heap_dma_buf_release <-dma_buf_release
      queue0:src-8076    [001] ..... 20160.726560: system_heap_do_allocate.constprop.0 <-system_uncached_heap_allocate
 mppjpegenc0:src-8082    [000] ..... 20160.740436: system_heap_dma_buf_release <-dma_buf_release
      queue0:src-8076    [001] ..... 20160.759892: system_heap_do_allocate.constprop.0 <-system_uncached_heap_allocate
 mppjpegenc0:src-8082    [000] ..... 20160.773805: system_heap_dma_buf_release <-dma_buf_release
      queue0:src-8076    [001] ..... 20160.793166: system_heap_do_allocate.constprop.0 <-system_uncached_heap_allocate
 mppjpegenc0:src-8082    [000] ..... 20160.806906: system_heap_dma_buf_release <-dma_buf_release
      queue0:src-8076    [001] ..... 20160.826410: system_heap_do_allocate.constprop.0 <-system_uncached_heap_allocate
 mppjpegenc0:src-8082    [000] ..... 20160.840264: system_heap_dma_buf_release <-dma_buf_release
      queue0:src-8076    [001] ..... 20160.859709: system_heap_do_allocate.constprop.0 <-system_uncached_heap_allocate
 mppjpegenc0:src-8082    [001] ..... 20160.873728: system_heap_dma_buf_release <-dma_buf_release
      queue0:src-8076    [001] ..... 20160.892993: system_heap_do_allocate.constprop.0 <-system_uncached_heap_allocate
 mppjpegenc0:src-8082    [001] ..... 20160.906787: system_heap_dma_buf_release <-dma_buf_release
      queue0:src-8076    [001] ..... 20160.926280: system_heap_do_allocate.constprop.0 <-system_uncached_heap_allocate
 mppjpegenc0:src-8082    [001] ..... 20160.940415: system_heap_dma_buf_release <-dma_buf_release
      queue0:src-8076    [001] ..... 20160.959549: system_heap_do_allocate.constprop.0 <-system_uncached_heap_allocate
 mppjpegenc0:src-8082    [001] ..... 20160.973336: system_heap_dma_buf_release <-dma_buf_release
      queue0:src-8076    [001] ..... 20160.992842: system_heap_do_allocate.constprop.0 <-system_uncached_heap_allocate
 mppjpegenc0:src-8082    [001] ..... 20161.006702: system_heap_dma_buf_release <-dma_buf_release
      queue0:src-8076    [001] ..... 20161.026088: system_heap_do_allocate.constprop.0 <-system_uncached_heap_allocate
 mppjpegenc0:src-8082    [001] ..... 20161.040047: system_heap_dma_buf_release <-dma_buf_release
      queue0:src-8076    [001] ..... 20161.059329: system_heap_do_allocate.constprop.0 <-system_uncached_heap_allocate
 mppjpegenc0:src-8082    [001] ..... 20161.073153: system_heap_dma_buf_release <-dma_buf_release
      queue0:src-8076    [001] ..... 20161.092690: system_heap_do_allocate.constprop.0 <-system_uncached_heap_allocate
 mppjpegenc0:src-8082    [001] ..... 20161.106498: system_heap_dma_buf_release <-dma_buf_release
      queue0:src-8076    [001] ..... 20161.125969: system_heap_do_allocate.constprop.0 <-system_uncached_heap_allocate
 mppjpegenc0:src-8082    [001] ..... 20161.139903: system_heap_dma_buf_release <-dma_buf_release
      queue0:src-8076    [001] ..... 20161.159277: system_heap_do_allocate.constprop.0 <-system_uncached_heap_allocate
 mppjpegenc0:src-8082    [001] ..... 20161.173166: system_heap_dma_buf_release <-dma_buf_release
      queue0:src-8076    [001] ..... 20161.192522: system_heap_do_allocate.constprop.0 <-system_uncached_heap_allocate
 mppjpegenc0:src-8082    [001] ..... 20161.206343: system_heap_dma_buf_release <-dma_buf_release
      queue0:src-8076    [001] ..... 20161.225727: system_heap_do_allocate.constprop.0 <-system_uncached_heap_allocate
 mppjpegenc0:src-8082    [001] ..... 20161.239908: system_heap_dma_buf_release <-dma_buf_release
      queue0:src-8076    [001] ..... 20161.259002: system_heap_do_allocate.constprop.0 <-system_uncached_heap_allocate
 mppjpegenc0:src-8082    [001] ..... 20161.272878: system_heap_dma_buf_release <-dma_buf_release
      queue0:src-8076    [001] ..... 20161.292366: system_heap_do_allocate.constprop.0 <-system_uncached_heap_allocate
 mppjpegenc0:src-8082    [001] ..... 20161.306238: system_heap_dma_buf_release <-dma_buf_release
      queue0:src-8076    [001] ..... 20161.325649: system_heap_do_allocate.constprop.0 <-system_uncached_heap_allocate
 mppjpegenc0:src-8082    [001] ..... 20161.339330: system_heap_dma_buf_release <-dma_buf_release
      queue0:src-8076    [001] ..... 20161.358911: system_heap_do_allocate.constprop.0 <-system_uncached_heap_allocate
 mppjpegenc0:src-8082    [001] ..... 20161.372755: system_heap_dma_buf_release <-dma_buf_release
      queue0:src-8076    [001] ..... 20161.392214: system_heap_do_allocate.constprop.0 <-system_uncached_heap_allocate
 mppjpegenc0:src-8082    [001] ..... 20161.406081: system_heap_dma_buf_release <-dma_buf_release
      queue0:src-8076    [001] ..... 20161.425490: system_heap_do_allocate.constprop.0 <-system_uncached_heap_allocate
 mppjpegenc0:src-8082    [001] ..... 20161.439256: system_heap_dma_buf_release <-dma_buf_release
      queue0:src-8076    [001] ..... 20161.458718: system_heap_do_allocate.constprop.0 <-system_uncached_heap_allocate
 mppjpegenc0:src-8082    [001] ..... 20161.472492: system_heap_dma_buf_release <-dma_buf_release
      queue0:src-8076    [001] ..... 20161.492057: system_heap_do_allocate.constprop.0 <-system_uncached_heap_allocate
 mppjpegenc0:src-8082    [001] ..... 20161.505886: system_heap_dma_buf_release <-dma_buf_release
      queue0:src-8076    [001] ..... 20161.525326: system_heap_do_allocate.constprop.0 <-system_uncached_heap_allocate
 mppjpegenc0:src-8082    [001] ..... 20161.539100: system_heap_dma_buf_release <-dma_buf_release
      queue0:src-8076    [001] ..... 20161.558563: system_heap_do_allocate.constprop.0 <-system_uncached_heap_allocate
 mppjpegenc0:src-8082    [001] ..... 20161.572466: system_heap_dma_buf_release <-dma_buf_release
      queue0:src-8076    [001] ..... 20161.591895: system_heap_do_allocate.constprop.0 <-system_uncached_heap_allocate
 mppjpegenc0:src-8082    [001] ..... 20161.605693: system_heap_dma_buf_release <-dma_buf_release
      queue0:src-8076    [001] ..... 20161.625166: system_heap_do_allocate.constprop.0 <-system_uncached_heap_allocate
 mppjpegenc0:src-8082    [001] ..... 20161.639013: system_heap_dma_buf_release <-dma_buf_release
      queue0:src-8076    [001] ..... 20161.658403: system_heap_do_allocate.constprop.0 <-system_uncached_heap_allocate
 mppjpegenc0:src-8082    [001] ..... 20161.672327: system_heap_dma_buf_release <-dma_buf_release
      queue0:src-8076    [001] ..... 20161.691710: system_heap_do_allocate.constprop.0 <-system_uncached_heap_allocate
 mppjpegenc0:src-8082    [001] ..... 20161.705696: system_heap_dma_buf_release <-dma_buf_release
      queue0:src-8076    [001] ..... 20161.725008: system_heap_do_allocate.constprop.0 <-system_uncached_heap_allocate
 mppjpegenc0:src-8082    [001] ..... 20161.738726: system_heap_dma_buf_release <-dma_buf_release
      queue0:src-8076    [001] ..... 20161.758238: system_heap_do_allocate.constprop.0 <-system_uncached_heap_allocate
 mppjpegenc0:src-8082    [001] ..... 20161.772035: system_heap_dma_buf_release <-dma_buf_release
      queue0:src-8076    [001] ..... 20161.791508: system_heap_do_allocate.constprop.0 <-system_uncached_heap_allocate
 mppjpegenc0:src-8082    [001] ..... 20161.805414: system_heap_dma_buf_release <-dma_buf_release
      queue0:src-8076    [001] ..... 20161.824850: system_heap_do_allocate.constprop.0 <-system_uncached_heap_allocate
 mppjpegenc0:src-8082    [001] ..... 20161.838661: system_heap_dma_buf_release <-dma_buf_release
      queue0:src-8076    [001] ..... 20161.858088: system_heap_do_allocate.constprop.0 <-system_uncached_heap_allocate
 mppjpegenc0:src-8082    [001] ..... 20161.872847: system_heap_dma_buf_release <-dma_buf_release
      queue0:src-8076    [001] ..... 20161.891588: system_heap_do_allocate.constprop.0 <-system_uncached_heap_allocate
 mppjpegenc0:src-8082    [001] ..... 20161.905741: system_heap_dma_buf_release <-dma_buf_release
      queue0:src-8076    [001] ..... 20161.924693: system_heap_do_allocate.constprop.0 <-system_uncached_heap_allocate
 mppjpegenc0:src-8082    [001] ..... 20161.938547: system_heap_dma_buf_release <-dma_buf_release
      queue0:src-8076    [001] ..... 20161.957984: system_heap_do_allocate.constprop.0 <-system_uncached_heap_allocate
 mppjpegenc0:src-8082    [001] ..... 20161.972307: system_heap_dma_buf_release <-dma_buf_release
      queue0:src-8076    [001] ..... 20161.991215: system_heap_do_allocate.constprop.0 <-system_uncached_heap_allocate
 mppjpegenc0:src-8082    [001] ..... 20162.005100: system_heap_dma_buf_release <-dma_buf_release
      queue0:src-8076    [001] ..... 20162.024530: system_heap_do_allocate.constprop.0 <-system_uncached_heap_allocate
 mppjpegenc0:src-8082    [001] ..... 20162.038350: system_heap_dma_buf_release <-dma_buf_release
      queue0:src-8076    [001] ..... 20162.057807: system_heap_do_allocate.constprop.0 <-system_uncached_heap_allocate
 mppjpegenc0:src-8082    [001] ..... 20162.072242: system_heap_dma_buf_release <-dma_buf_release
      queue0:src-8076    [001] ..... 20162.091005: system_heap_do_allocate.constprop.0 <-system_uncached_heap_allocate
 mppjpegenc0:src-8082    [001] ..... 20162.105027: system_heap_dma_buf_release <-dma_buf_release
      queue0:src-8076    [001] ..... 20162.124370: system_heap_do_allocate.constprop.0 <-system_uncached_heap_allocate
 mppjpegenc0:src-8082    [001] ..... 20162.138871: system_heap_dma_buf_release <-dma_buf_release
      queue0:src-8076    [001] ..... 20162.157647: system_heap_do_allocate.constprop.0 <-system_uncached_heap_allocate
 mppjpegenc0:src-8082    [001] ..... 20162.171329: system_heap_dma_buf_release <-dma_buf_release
      queue0:src-8076    [001] ..... 20162.190841: system_heap_do_allocate.constprop.0 <-system_uncached_heap_allocate
 mppjpegenc0:src-8082    [001] ..... 20162.204824: system_heap_dma_buf_release <-dma_buf_release
      queue0:src-8076    [001] ..... 20162.224222: system_heap_do_allocate.constprop.0 <-system_uncached_heap_allocate
 mppjpegenc0:src-8082    [001] ..... 20162.238383: system_heap_dma_buf_release <-dma_buf_release
      queue0:src-8076    [001] ..... 20162.257491: system_heap_do_allocate.constprop.0 <-system_uncached_heap_allocate
 mppjpegenc0:src-8082    [001] ..... 20162.271568: system_heap_dma_buf_release <-dma_buf_release
      queue0:src-8076    [001] ..... 20162.290722: system_heap_do_allocate.constprop.0 <-system_uncached_heap_allocate
 mppjpegenc0:src-8082    [001] ..... 20162.304647: system_heap_dma_buf_release <-dma_buf_release
      queue0:src-8076    [001] ..... 20162.324053: system_heap_do_allocate.constprop.0 <-system_uncached_heap_allocate
 mppjpegenc0:src-8082    [001] ..... 20162.338295: system_heap_dma_buf_release <-dma_buf_release
      queue0:src-8076    [001] ..... 20162.357328: system_heap_do_allocate.constprop.0 <-system_uncached_heap_allocate
 mppjpegenc0:src-8082    [001] ..... 20162.371349: system_heap_dma_buf_release <-dma_buf_release
      queue0:src-8076    [001] ..... 20162.390522: system_heap_do_allocate.constprop.0 <-system_uncached_heap_allocate
 mppjpegenc0:src-8082    [001] ..... 20162.404321: system_heap_dma_buf_release <-dma_buf_release
      queue0:src-8076    [001] ..... 20162.423898: system_heap_do_allocate.constprop.0 <-system_uncached_heap_allocate
 mppjpegenc0:src-8082    [001] ..... 20162.437691: system_heap_dma_buf_release <-dma_buf_release
      queue0:src-8076    [001] ..... 20162.457167: system_heap_do_allocate.constprop.0 <-system_uncached_heap_allocate
 mppjpegenc0:src-8082    [001] ..... 20162.471088: system_heap_dma_buf_release <-dma_buf_release
      queue0:src-8076    [001] ..... 20162.490404: system_heap_do_allocate.constprop.0 <-system_uncached_heap_allocate
 mppjpegenc0:src-8082    [001] ..... 20162.504212: system_heap_dma_buf_release <-dma_buf_release
      queue0:src-8076    [001] ..... 20162.523709: system_heap_do_allocate.constprop.0 <-system_uncached_heap_allocate
 mppjpegenc0:src-8082    [001] ..... 20162.537592: system_heap_dma_buf_release <-dma_buf_release
      queue0:src-8076    [001] ..... 20162.557004: system_heap_do_allocate.constprop.0 <-system_uncached_heap_allocate
 mppjpegenc0:src-8082    [001] ..... 20162.570733: system_heap_dma_buf_release <-dma_buf_release
      queue0:src-8076    [001] ..... 20162.590243: system_heap_do_allocate.constprop.0 <-system_uncached_heap_allocate
 mppjpegenc0:src-8082    [001] ..... 20162.604958: system_heap_dma_buf_release <-dma_buf_release
      queue0:src-8076    [001] ..... 20162.623492: system_heap_do_allocate.constprop.0 <-system_uncached_heap_allocate
 mppjpegenc0:src-8082    [001] ..... 20162.637367: system_heap_dma_buf_release <-dma_buf_release
      queue0:src-8076    [001] ..... 20162.656847: system_heap_do_allocate.constprop.0 <-system_uncached_heap_allocate
 mppjpegenc0:src-8082    [001] ..... 20162.670625: system_heap_dma_buf_release <-dma_buf_release
      queue0:src-8076    [001] ..... 20162.690090: system_heap_do_allocate.constprop.0 <-system_uncached_heap_allocate
 mppjpegenc0:src-8082    [001] ..... 20162.703973: system_heap_dma_buf_release <-dma_buf_release
      queue0:src-8076    [001] ..... 20162.723323: system_heap_do_allocate.constprop.0 <-system_uncached_heap_allocate
 mppjpegenc0:src-8082    [001] ..... 20162.737230: system_heap_dma_buf_release <-dma_buf_release
      queue0:src-8076    [001] ..... 20162.756686: system_heap_do_allocate.constprop.0 <-system_uncached_heap_allocate
 mppjpegenc0:src-8082    [001] ..... 20162.770521: system_heap_dma_buf_release <-dma_buf_release
      queue0:src-8076    [001] ..... 20162.789965: system_heap_do_allocate.constprop.0 <-system_uncached_heap_allocate
 mppjpegenc0:src-8082    [001] ..... 20162.804126: system_heap_dma_buf_release <-dma_buf_release
      queue0:src-8076    [001] ..... 20162.823168: system_heap_do_allocate.constprop.0 <-system_uncached_heap_allocate
 mppjpegenc0:src-8082    [001] ..... 20162.836972: system_heap_dma_buf_release <-dma_buf_release
      queue0:src-8076    [001] ..... 20162.856533: system_heap_do_allocate.constprop.0 <-system_uncached_heap_allocate
 mppjpegenc0:src-8082    [001] ..... 20162.870388: system_heap_dma_buf_release <-dma_buf_release
      queue0:src-8076    [001] ..... 20162.889831: system_heap_do_allocate.constprop.0 <-system_uncached_heap_allocate
 mppjpegenc0:src-8082    [001] ..... 20162.903544: system_heap_dma_buf_release <-dma_buf_release
      queue0:src-8076    [001] ..... 20162.923721: system_heap_do_allocate.constprop.0 <-system_uncached_heap_allocate
 mppjpegenc0:src-8082    [001] ..... 20162.939012: system_heap_dma_buf_release <-dma_buf_release
      queue0:src-8076    [001] ..... 20162.956339: system_heap_do_allocate.constprop.0 <-system_uncached_heap_allocate
 mppjpegenc0:src-8082    [001] ..... 20162.970573: system_heap_dma_buf_release <-dma_buf_release
      queue0:src-8076    [001] ..... 20162.989643: system_heap_do_allocate.constprop.0 <-system_uncached_heap_allocate
 mppjpegenc0:src-8082    [001] ..... 20163.003382: system_heap_dma_buf_release <-dma_buf_release
      queue0:src-8076    [001] ..... 20163.022886: system_heap_do_allocate.constprop.0 <-system_uncached_heap_allocate
 mppjpegenc0:src-8082    [001] ..... 20163.036897: system_heap_dma_buf_release <-dma_buf_release
      queue0:src-8076    [001] ..... 20163.056214: system_heap_do_allocate.constprop.0 <-system_uncached_heap_allocate
 mppjpegenc0:src-8082    [001] ..... 20163.070525: system_heap_dma_buf_release <-dma_buf_release
      queue0:src-8076    [001] ..... 20163.089487: system_heap_do_allocate.constprop.0 <-system_uncached_heap_allocate
 mppjpegenc0:src-8082    [001] ..... 20163.103178: system_heap_dma_buf_release <-dma_buf_release
      queue0:src-8076    [001] ..... 20163.122720: system_heap_do_allocate.constprop.0 <-system_uncached_heap_allocate
 mppjpegenc0:src-8082    [001] ..... 20163.136666: system_heap_dma_buf_release <-dma_buf_release
      queue0:src-8076    [001] ..... 20163.156054: system_heap_do_allocate.constprop.0 <-system_uncached_heap_allocate
 mppjpegenc0:src-8082    [001] ..... 20163.169924: system_heap_dma_buf_release <-dma_buf_release
      queue0:src-8076    [001] ..... 20163.189332: system_heap_do_allocate.constprop.0 <-system_uncached_heap_allocate
 mppjpegenc0:src-8082    [001] ..... 20163.203409: system_heap_dma_buf_release <-dma_buf_release
      queue0:src-8076    [001] ..... 20163.222566: system_heap_do_allocate.constprop.0 <-system_uncached_heap_allocate
 mppjpegenc0:src-8082    [001] ..... 20163.236418: system_heap_dma_buf_release <-dma_buf_release
      queue0:src-8076    [001] ..... 20163.255916: system_heap_do_allocate.constprop.0 <-system_uncached_heap_allocate
 mppjpegenc0:src-8082    [001] ..... 20163.269762: system_heap_dma_buf_release <-dma_buf_release
      queue0:src-8076    [001] ..... 20163.289168: system_heap_do_allocate.constprop.0 <-system_uncached_heap_allocate
 mppjpegenc0:src-8082    [001] ..... 20163.302958: system_heap_dma_buf_release <-dma_buf_release
      queue0:src-8076    [001] ..... 20163.322403: system_heap_do_allocate.constprop.0 <-system_uncached_heap_allocate
 mppjpegenc0:src-8082    [001] ..... 20163.336388: system_heap_dma_buf_release <-dma_buf_release
      queue0:src-8076    [001] ..... 20163.355705: system_heap_do_allocate.constprop.0 <-system_uncached_heap_allocate
 mppjpegenc0:src-8082    [001] ..... 20163.369580: system_heap_dma_buf_release <-dma_buf_release
      queue0:src-8076    [001] ..... 20163.389008: system_heap_do_allocate.constprop.0 <-system_uncached_heap_allocate
 mppjpegenc0:src-8082    [001] ..... 20163.402750: system_heap_dma_buf_release <-dma_buf_release
      queue0:src-8076    [001] ..... 20163.422241: system_heap_do_allocate.constprop.0 <-system_uncached_heap_allocate
 mppjpegenc0:src-8082    [001] ..... 20163.436110: system_heap_dma_buf_release <-dma_buf_release
      queue0:src-8076    [001] ..... 20163.455496: system_heap_do_allocate.constprop.0 <-system_uncached_heap_allocate
 mppjpegenc0:src-8082    [001] ..... 20163.469327: system_heap_dma_buf_release <-dma_buf_release
      queue0:src-8076    [001] ..... 20163.488847: system_heap_do_allocate.constprop.0 <-system_uncached_heap_allocate
 mppjpegenc0:src-8082    [001] ..... 20163.502624: system_heap_dma_buf_release <-dma_buf_release
      queue0:src-8076    [001] ..... 20163.522086: system_heap_do_allocate.constprop.0 <-system_uncached_heap_allocate
 mppjpegenc0:src-8082    [001] ..... 20163.536803: system_heap_dma_buf_release <-dma_buf_release
      queue0:src-8076    [001] ..... 20163.555324: system_heap_do_allocate.constprop.0 <-system_uncached_heap_allocate
 mppjpegenc0:src-8082    [001] ..... 20163.569589: system_heap_dma_buf_release <-dma_buf_release
      queue0:src-8076    [001] ..... 20163.588689: system_heap_do_allocate.constprop.0 <-system_uncached_heap_allocate
 mppjpegenc0:src-8082    [001] ..... 20163.602518: system_heap_dma_buf_release <-dma_buf_release
      queue0:src-8076    [001] ..... 20163.621967: system_heap_do_allocate.constprop.0 <-system_uncached_heap_allocate
 mppjpegenc0:src-8082    [001] ..... 20163.636636: system_heap_dma_buf_release <-dma_buf_release
      queue0:src-8076    [001] ..... 20163.655163: system_heap_do_allocate.constprop.0 <-system_uncached_heap_allocate
 mppjpegenc0:src-8082    [001] ..... 20163.669032: system_heap_dma_buf_release <-dma_buf_release
      queue0:src-8076    [001] ..... 20163.688528: system_heap_do_allocate.constprop.0 <-system_uncached_heap_allocate
 mppjpegenc0:src-8082    [001] ..... 20163.702460: system_heap_dma_buf_release <-dma_buf_release
      queue0:src-8076    [001] ..... 20163.721809: system_heap_do_allocate.constprop.0 <-system_uncached_heap_allocate
 mppjpegenc0:src-8082    [001] ..... 20163.735504: system_heap_dma_buf_release <-dma_buf_release
      queue0:src-8076    [001] ..... 20163.754999: system_heap_do_allocate.constprop.0 <-system_uncached_heap_allocate
 mppjpegenc0:src-8082    [001] ..... 20163.768824: system_heap_dma_buf_release <-dma_buf_release
      queue0:src-8076    [001] ..... 20163.788364: system_heap_do_allocate.constprop.0 <-system_uncached_heap_allocate
 mppjpegenc0:src-8082    [001] ..... 20163.802242: system_heap_dma_buf_release <-dma_buf_release
      queue0:src-8076    [001] ..... 20163.821651: system_heap_do_allocate.constprop.0 <-system_uncached_heap_allocate
 mppjpegenc0:src-8082    [001] ..... 20163.835467: system_heap_dma_buf_release <-dma_buf_release
      queue0:src-8076    [001] ..... 20163.854880: system_heap_do_allocate.constprop.0 <-system_uncached_heap_allocate
 mppjpegenc0:src-8082    [001] ..... 20163.868745: system_heap_dma_buf_release <-dma_buf_release
      queue0:src-8076    [001] ..... 20163.888216: system_heap_do_allocate.constprop.0 <-system_uncached_heap_allocate
 mppjpegenc0:src-8082    [001] ..... 20163.902482: system_heap_dma_buf_release <-dma_buf_release
      queue0:src-8076    [001] ..... 20163.921490: system_heap_do_allocate.constprop.0 <-system_uncached_heap_allocate
 mppjpegenc0:src-8082    [000] ..... 20163.935783: system_heap_dma_buf_release <-dma_buf_release
      queue0:src-8076    [001] ..... 20163.954683: system_heap_do_allocate.constprop.0 <-system_uncached_heap_allocate
 mppjpegenc0:src-8082    [000] ..... 20163.968516: system_heap_dma_buf_release <-dma_buf_release
      queue0:src-8076    [001] ..... 20163.988057: system_heap_do_allocate.constprop.0 <-system_uncached_heap_allocate
 mppjpegenc0:src-8082    [000] ..... 20164.001910: system_heap_dma_buf_release <-dma_buf_release
      queue0:src-8076    [001] ..... 20164.021332: system_heap_do_allocate.constprop.0 <-system_uncached_heap_allocate
 mppjpegenc0:src-8082    [000] ..... 20164.035034: system_heap_dma_buf_release <-dma_buf_release
      queue0:src-8076    [001] ..... 20164.054592: system_heap_do_allocate.constprop.0 <-system_uncached_heap_allocate
 mppjpegenc0:src-8082    [000] ..... 20164.068459: system_heap_dma_buf_release <-dma_buf_release
      queue0:src-8076    [001] ..... 20164.087908: system_heap_do_allocate.constprop.0 <-system_uncached_heap_allocate
 mppjpegenc0:src-8082    [000] ..... 20164.101828: system_heap_dma_buf_release <-dma_buf_release
      queue0:src-8076    [001] ..... 20164.121165: system_heap_do_allocate.constprop.0 <-system_uncached_heap_allocate
 mppjpegenc0:src-8082    [000] ..... 20164.135024: system_heap_dma_buf_release <-dma_buf_release
      queue0:src-8076    [001] ..... 20164.154426: system_heap_do_allocate.constprop.0 <-system_uncached_heap_allocate
 mppjpegenc0:src-8082    [000] ..... 20164.168211: system_heap_dma_buf_release <-dma_buf_release
      queue0:src-8076    [001] ..... 20164.187747: system_heap_do_allocate.constprop.0 <-system_uncached_heap_allocate
 mppjpegenc0:src-8082    [000] ..... 20164.202558: system_heap_dma_buf_release <-dma_buf_release
      queue0:src-8076    [001] ..... 20164.221008: system_heap_do_allocate.constprop.0 <-system_uncached_heap_allocate
 mppjpegenc0:src-8082    [000] ..... 20164.234828: system_heap_dma_buf_release <-dma_buf_release
      queue0:src-8076    [001] ..... 20164.254156: system_heap_do_allocate.constprop.0 <-system_uncached_heap_allocate
 mppjpegenc0:src-8082    [000] ..... 20164.267987: system_heap_dma_buf_release <-dma_buf_release
      queue0:src-8076    [001] ..... 20164.287531: system_heap_do_allocate.constprop.0 <-system_uncached_heap_allocate
 mppjpegenc0:src-8082    [000] ..... 20164.301405: system_heap_dma_buf_release <-dma_buf_release
      queue0:src-8076    [001] ..... 20164.320849: system_heap_do_allocate.constprop.0 <-system_uncached_heap_allocate
 mppjpegenc0:src-8082    [000] ..... 20164.334621: system_heap_dma_buf_release <-dma_buf_release
      queue0:src-8076    [001] ..... 20164.354083: system_heap_do_allocate.constprop.0 <-system_uncached_heap_allocate
 mppjpegenc0:src-8082    [000] ..... 20164.368061: system_heap_dma_buf_release <-dma_buf_release
      queue0:src-8076    [001] ..... 20164.387369: system_heap_do_allocate.constprop.0 <-system_uncached_heap_allocate
 mppjpegenc0:src-8082    [000] ..... 20164.401320: system_heap_dma_buf_release <-dma_buf_release
      queue0:src-8076    [001] ..... 20164.420689: system_heap_do_allocate.constprop.0 <-system_uncached_heap_allocate
 mppjpegenc0:src-8082    [000] ..... 20164.434466: system_heap_dma_buf_release <-dma_buf_release
      queue0:src-8076    [001] ..... 20164.453966: system_heap_do_allocate.constprop.0 <-system_uncached_heap_allocate
 mppjpegenc0:src-8082    [000] ..... 20164.467791: system_heap_dma_buf_release <-dma_buf_release
      queue0:src-8076    [001] ..... 20164.487202: system_heap_do_allocate.constprop.0 <-system_uncached_heap_allocate
 mppjpegenc0:src-8082    [002] ..... 20164.501181: system_heap_dma_buf_release <-dma_buf_release
      queue0:src-8076    [001] ..... 20164.520560: system_heap_do_allocate.constprop.0 <-system_uncached_heap_allocate
 mppjpegenc0:src-8082    [002] ..... 20164.534360: system_heap_dma_buf_release <-dma_buf_release
      queue0:src-8076    [001] ..... 20164.553779: system_heap_do_allocate.constprop.0 <-system_uncached_heap_allocate
 mppjpegenc0:src-8082    [002] ..... 20164.567904: system_heap_dma_buf_release <-dma_buf_release
      queue0:src-8076    [001] ..... 20164.587054: system_heap_do_allocate.constprop.0 <-system_uncached_heap_allocate
 mppjpegenc0:src-8082    [002] ..... 20164.601034: system_heap_dma_buf_release <-dma_buf_release
      queue0:src-8076    [001] ..... 20164.620374: system_heap_do_allocate.constprop.0 <-system_uncached_heap_allocate
 mppjpegenc0:src-8082    [002] ..... 20164.634293: system_heap_dma_buf_release <-dma_buf_release
      queue0:src-8076    [001] ..... 20164.653652: system_heap_do_allocate.constprop.0 <-system_uncached_heap_allocate
 mppjpegenc0:src-8082    [002] ..... 20164.667843: system_heap_dma_buf_release <-dma_buf_release
      queue0:src-8076    [001] ..... 20164.686962: system_heap_do_allocate.constprop.0 <-system_uncached_heap_allocate
 mppjpegenc0:src-8082    [002] ..... 20164.700772: system_heap_dma_buf_release <-dma_buf_release
      queue0:src-8076    [001] ..... 20164.720212: system_heap_do_allocate.constprop.0 <-system_uncached_heap_allocate
 mppjpegenc0:src-8082    [002] ..... 20164.734084: system_heap_dma_buf_release <-dma_buf_release
      queue0:src-8076    [001] ..... 20164.753484: system_heap_do_allocate.constprop.0 <-system_uncached_heap_allocate
 mppjpegenc0:src-8082    [002] ..... 20164.767188: system_heap_dma_buf_release <-dma_buf_release
      queue0:src-8076    [001] ..... 20164.786686: system_heap_do_allocate.constprop.0 <-system_uncached_heap_allocate
 mppjpegenc0:src-8082    [002] ..... 20164.800447: system_heap_dma_buf_release <-dma_buf_release
      queue0:src-8076    [001] ..... 20164.820054: system_heap_do_allocate.constprop.0 <-system_uncached_heap_allocate
 mppjpegenc0:src-8082    [002] ..... 20164.834299: system_heap_dma_buf_release <-dma_buf_release
      queue0:src-8076    [001] ..... 20164.853335: system_heap_do_allocate.constprop.0 <-system_uncached_heap_allocate
 mppjpegenc0:src-8082    [002] ..... 20164.867233: system_heap_dma_buf_release <-dma_buf_release
      queue0:src-8076    [001] ..... 20164.886530: system_heap_do_allocate.constprop.0 <-system_uncached_heap_allocate
 mppjpegenc0:src-8082    [002] ..... 20164.901608: system_heap_dma_buf_release <-dma_buf_release
      queue0:src-8076    [001] ..... 20164.919894: system_heap_do_allocate.constprop.0 <-system_uncached_heap_allocate
 mppjpegenc0:src-8082    [002] ..... 20164.933720: system_heap_dma_buf_release <-dma_buf_release
      queue0:src-8076    [001] ..... 20164.953311: system_heap_do_allocate.constprop.0 <-system_uncached_heap_allocate
 mppjpegenc0:src-8082    [002] ..... 20164.968243: system_heap_dma_buf_release <-dma_buf_release
      queue0:src-8076    [001] ..... 20164.986397: system_heap_do_allocate.constprop.0 <-system_uncached_heap_allocate
 mppjpegenc0:src-8082    [002] ..... 20165.000174: system_heap_dma_buf_release <-dma_buf_release
      queue0:src-8076    [001] ..... 20165.019707: system_heap_do_allocate.constprop.0 <-system_uncached_heap_allocate
 mppjpegenc0:src-8082    [002] ..... 20165.033712: system_heap_dma_buf_release <-dma_buf_release
      queue0:src-8076    [001] ..... 20165.053012: system_heap_do_allocate.constprop.0 <-system_uncached_heap_allocate
 mppjpegenc0:src-8082    [002] ..... 20165.066672: system_heap_dma_buf_release <-dma_buf_release
      queue0:src-8076    [001] ..... 20165.086210: system_heap_do_allocate.constprop.0 <-system_uncached_heap_allocate
 mppjpegenc0:src-8082    [002] ..... 20165.100142: system_heap_dma_buf_release <-dma_buf_release
      queue0:src-8076    [001] ..... 20165.119541: system_heap_do_allocate.constprop.0 <-system_uncached_heap_allocate
 mppjpegenc0:src-8082    [002] ..... 20165.133508: system_heap_dma_buf_release <-dma_buf_release
      queue0:src-8076    [001] ..... 20165.152858: system_heap_do_allocate.constprop.0 <-system_uncached_heap_allocate
 mppjpegenc0:src-8082    [002] ..... 20165.166580: system_heap_dma_buf_release <-dma_buf_release
      queue0:src-8076    [001] ..... 20165.186133: system_heap_do_allocate.constprop.0 <-system_uncached_heap_allocate
 mppjpegenc0:src-8082    [002] ..... 20165.199961: system_heap_dma_buf_release <-dma_buf_release
      queue0:src-8076    [001] ..... 20165.219326: system_heap_do_allocate.constprop.0 <-system_uncached_heap_allocate
 mppjpegenc0:src-8082    [002] ..... 20165.233109: system_heap_dma_buf_release <-dma_buf_release
      queue0:src-8076    [001] ..... 20165.252672: system_heap_do_allocate.constprop.0 <-system_uncached_heap_allocate
 mppjpegenc0:src-8082    [002] ..... 20165.266425: system_heap_dma_buf_release <-dma_buf_release
      queue0:src-8076    [001] ..... 20165.285973: system_heap_do_allocate.constprop.0 <-system_uncached_heap_allocate
 mppjpegenc0:src-8082    [002] ..... 20165.300565: system_heap_dma_buf_release <-dma_buf_release
      queue0:src-8076    [001] ..... 20165.319166: system_heap_do_allocate.constprop.0 <-system_uncached_heap_allocate
 mppjpegenc0:src-8082    [002] ..... 20165.332948: system_heap_dma_buf_release <-dma_buf_release
      queue0:src-8076    [001] ..... 20165.352533: system_heap_do_allocate.constprop.0 <-system_uncached_heap_allocate
 mppjpegenc0:src-8082    [002] ..... 20165.366309: system_heap_dma_buf_release <-dma_buf_release
      queue0:src-8076    [001] ..... 20165.385817: system_heap_do_allocate.constprop.0 <-system_uncached_heap_allocate
 mppjpegenc0:src-8082    [002] ..... 20165.399570: system_heap_dma_buf_release <-dma_buf_release
      queue0:src-8076    [001] ..... 20165.419006: system_heap_do_allocate.constprop.0 <-system_uncached_heap_allocate
 mppjpegenc0:src-8082    [002] ..... 20165.432811: system_heap_dma_buf_release <-dma_buf_release
      queue0:src-8076    [001] ..... 20165.452375: system_heap_do_allocate.constprop.0 <-system_uncached_heap_allocate
 mppjpegenc0:src-8082    [002] ..... 20165.466105: system_heap_dma_buf_release <-dma_buf_release
      queue0:src-8076    [001] ..... 20165.485649: system_heap_do_allocate.constprop.0 <-system_uncached_heap_allocate
 mppjpegenc0:src-8082    [002] ..... 20165.499304: system_heap_dma_buf_release <-dma_buf_release
      queue0:src-8076    [001] ..... 20165.518843: system_heap_do_allocate.constprop.0 <-system_uncached_heap_allocate
 mppjpegenc0:src-8082    [002] ..... 20165.532654: system_heap_dma_buf_release <-dma_buf_release
      queue0:src-8076    [001] ..... 20165.552213: system_heap_do_allocate.constprop.0 <-system_uncached_heap_allocate
 mppjpegenc0:src-8082    [002] ..... 20165.565970: system_heap_dma_buf_release <-dma_buf_release
      queue0:src-8076    [001] ..... 20165.585500: system_heap_do_allocate.constprop.0 <-system_uncached_heap_allocate
 mppjpegenc0:src-8082    [002] ..... 20165.599545: system_heap_dma_buf_release <-dma_buf_release
      queue0:src-8076    [001] ..... 20165.618684: system_heap_do_allocate.constprop.0 <-system_uncached_heap_allocate
 mppjpegenc0:src-8082    [002] ..... 20165.632413: system_heap_dma_buf_release <-dma_buf_release
      queue0:src-8076    [001] ..... 20165.652052: system_heap_do_allocate.constprop.0 <-system_uncached_heap_allocate
 mppjpegenc0:src-8082    [002] ..... 20165.665867: system_heap_dma_buf_release <-dma_buf_release
      queue0:src-8076    [001] ..... 20165.685336: system_heap_do_allocate.constprop.0 <-system_uncached_heap_allocate
 mppjpegenc0:src-8082    [002] ..... 20165.699046: system_heap_dma_buf_release <-dma_buf_release
      queue0:src-8076    [001] ..... 20165.718530: system_heap_do_allocate.constprop.0 <-system_uncached_heap_allocate
 mppjpegenc0:src-8082    [002] ..... 20165.732224: system_heap_dma_buf_release <-dma_buf_release
      queue0:src-8076    [001] ..... 20165.751891: system_heap_do_allocate.constprop.0 <-system_uncached_heap_allocate
 mppjpegenc0:src-8082    [002] ..... 20165.765616: system_heap_dma_buf_release <-dma_buf_release
      queue0:src-8076    [001] ..... 20165.785170: system_heap_do_allocate.constprop.0 <-system_uncached_heap_allocate
 mppjpegenc0:src-8082    [002] ..... 20165.798965: system_heap_dma_buf_release <-dma_buf_release
      queue0:src-8076    [001] ..... 20165.818406: system_heap_do_allocate.constprop.0 <-system_uncached_heap_allocate
 mppjpegenc0:src-8082    [002] ..... 20165.832250: system_heap_dma_buf_release <-dma_buf_release
      queue0:src-8076    [001] ..... 20165.851707: system_heap_do_allocate.constprop.0 <-system_uncached_heap_allocate
 mppjpegenc0:src-8082    [002] ..... 20165.865497: system_heap_dma_buf_release <-dma_buf_release
      queue0:src-8076    [001] ..... 20165.885016: system_heap_do_allocate.constprop.0 <-system_uncached_heap_allocate
 mppjpegenc0:src-8082    [002] ..... 20165.898709: system_heap_dma_buf_release <-dma_buf_release
      queue0:src-8076    [001] ..... 20165.918210: system_heap_do_allocate.constprop.0 <-system_uncached_heap_allocate
 mppjpegenc0:src-8082    [002] ..... 20165.931954: system_heap_dma_buf_release <-dma_buf_release
      queue0:src-8076    [001] ..... 20165.951500: system_heap_do_allocate.constprop.0 <-system_uncached_heap_allocate
 mppjpegenc0:src-8082    [002] ..... 20165.965308: system_heap_dma_buf_release <-dma_buf_release
      queue0:src-8076    [002] ..... 20165.984923: system_heap_do_allocate.constprop.0 <-system_uncached_heap_allocate
 mppjpegenc0:src-8082    [002] ..... 20165.999948: system_heap_dma_buf_release <-dma_buf_release
      queue0:src-8076    [001] ..... 20166.018137: system_heap_do_allocate.constprop.0 <-system_uncached_heap_allocate
 mppjpegenc0:src-8082    [002] ..... 20166.031959: system_heap_dma_buf_release <-dma_buf_release
      queue0:src-8076    [001] ..... 20166.051350: system_heap_do_allocate.constprop.0 <-system_uncached_heap_allocate
 mppjpegenc0:src-8082    [002] ..... 20166.065154: system_heap_dma_buf_release <-dma_buf_release
      queue0:src-8076    [001] ..... 20166.084692: system_heap_do_allocate.constprop.0 <-system_uncached_heap_allocate
 mppjpegenc0:src-8082    [002] ..... 20166.098433: system_heap_dma_buf_release <-dma_buf_release
      queue0:src-8076    [001] ..... 20166.117972: system_heap_do_allocate.constprop.0 <-system_uncached_heap_allocate
 mppjpegenc0:src-8082    [002] ..... 20166.131799: system_heap_dma_buf_release <-dma_buf_release
      queue0:src-8076    [001] ..... 20166.151167: system_heap_do_allocate.constprop.0 <-system_uncached_heap_allocate
 mppjpegenc0:src-8082    [002] ..... 20166.164903: system_heap_dma_buf_release <-dma_buf_release
      queue0:src-8076    [001] ..... 20166.184536: system_heap_do_allocate.constprop.0 <-system_uncached_heap_allocate
 mppjpegenc0:src-8082    [002] ..... 20166.198343: system_heap_dma_buf_release <-dma_buf_release
      queue0:src-8076    [001] ..... 20166.217820: system_heap_do_allocate.constprop.0 <-system_uncached_heap_allocate
 mppjpegenc0:src-8082    [002] ..... 20166.231542: system_heap_dma_buf_release <-dma_buf_release
      queue0:src-8076    [001] ..... 20166.251001: system_heap_do_allocate.constprop.0 <-system_uncached_heap_allocate
 mppjpegenc0:src-8082    [002] ..... 20166.265013: system_heap_dma_buf_release <-dma_buf_release
      queue0:src-8076    [001] ..... 20166.284291: system_heap_do_allocate.constprop.0 <-system_uncached_heap_allocate
 mppjpegenc0:src-8082    [002] ..... 20166.298035: system_heap_dma_buf_release <-dma_buf_release
      queue0:src-8076    [001] ..... 20166.317653: system_heap_do_allocate.constprop.0 <-system_uncached_heap_allocate
 mppjpegenc0:src-8082    [002] ..... 20166.331341: system_heap_dma_buf_release <-dma_buf_release
      queue0:src-8076    [001] ..... 20166.350843: system_heap_do_allocate.constprop.0 <-system_uncached_heap_allocate
 mppjpegenc0:src-8082    [002] ..... 20166.364626: system_heap_dma_buf_release <-dma_buf_release
      queue0:src-8076    [001] ..... 20166.384216: system_heap_do_allocate.constprop.0 <-system_uncached_heap_allocate
 mppjpegenc0:src-8082    [002] ..... 20166.398518: system_heap_dma_buf_release <-dma_buf_release
      queue0:src-8076    [001] ..... 20166.417493: system_heap_do_allocate.constprop.0 <-system_uncached_heap_allocate
 mppjpegenc0:src-8082    [002] ..... 20166.431207: system_heap_dma_buf_release <-dma_buf_release
      queue0:src-8076    [001] ..... 20166.450679: system_heap_do_allocate.constprop.0 <-system_uncached_heap_allocate
 mppjpegenc0:src-8082    [002] ..... 20166.464452: system_heap_dma_buf_release <-dma_buf_release
      queue0:src-8076    [001] ..... 20166.484056: system_heap_do_allocate.constprop.0 <-system_uncached_heap_allocate
 mppjpegenc0:src-8082    [002] ..... 20166.498280: system_heap_dma_buf_release <-dma_buf_release
      queue0:src-8076    [001] ..... 20166.517335: system_heap_do_allocate.constprop.0 <-system_uncached_heap_allocate
 mppjpegenc0:src-8082    [002] ..... 20166.531058: system_heap_dma_buf_release <-dma_buf_release
      queue0:src-8076    [001] ..... 20166.550527: system_heap_do_allocate.constprop.0 <-system_uncached_heap_allocate
 mppjpegenc0:src-8082    [002] ..... 20166.565261: system_heap_dma_buf_release <-dma_buf_release
      queue0:src-8076    [001] ..... 20166.583895: system_heap_do_allocate.constprop.0 <-system_uncached_heap_allocate
 mppjpegenc0:src-8082    [002] ..... 20166.598011: system_heap_dma_buf_release <-dma_buf_release
      queue0:src-8076    [001] ..... 20166.617176: system_heap_do_allocate.constprop.0 <-system_uncached_heap_allocate
 mppjpegenc0:src-8082    [002] ..... 20166.630899: system_heap_dma_buf_release <-dma_buf_release
      queue0:src-8076    [001] ..... 20166.650374: system_heap_do_allocate.constprop.0 <-system_uncached_heap_allocate
 mppjpegenc0:src-8082    [002] ..... 20166.664098: system_heap_dma_buf_release <-dma_buf_release
      queue0:src-8076    [001] ..... 20166.683709: system_heap_do_allocate.constprop.0 <-system_uncached_heap_allocate
 mppjpegenc0:src-8082    [002] ..... 20166.697494: system_heap_dma_buf_release <-dma_buf_release
      queue0:src-8076    [001] ..... 20166.717017: system_heap_do_allocate.constprop.0 <-system_uncached_heap_allocate
 mppjpegenc0:src-8082    [002] ..... 20166.730698: system_heap_dma_buf_release <-dma_buf_release
      queue0:src-8076    [001] ..... 20166.750209: system_heap_do_allocate.constprop.0 <-system_uncached_heap_allocate
 mppjpegenc0:src-8082    [002] ..... 20166.763978: system_heap_dma_buf_release <-dma_buf_release
      queue0:src-8076    [001] ..... 20166.783496: system_heap_do_allocate.constprop.0 <-system_uncached_heap_allocate
 mppjpegenc0:src-8082    [002] ..... 20166.797239: system_heap_dma_buf_release <-dma_buf_release
      queue0:src-8076    [001] ..... 20166.816856: system_heap_do_allocate.constprop.0 <-system_uncached_heap_allocate
 mppjpegenc0:src-8082    [002] ..... 20166.830522: system_heap_dma_buf_release <-dma_buf_release
      queue0:src-8076    [001] ..... 20166.850129: system_heap_do_allocate.constprop.0 <-system_uncached_heap_allocate
 mppjpegenc0:src-8082    [002] ..... 20166.863967: system_heap_dma_buf_release <-dma_buf_release
      queue0:src-8076    [001] ..... 20166.883322: system_heap_do_allocate.constprop.0 <-system_uncached_heap_allocate
 mppjpegenc0:src-8082    [002] ..... 20166.897178: system_heap_dma_buf_release <-dma_buf_release
      queue0:src-8076    [001] ..... 20166.916699: system_heap_do_allocate.constprop.0 <-system_uncached_heap_allocate
 mppjpegenc0:src-8082    [002] ..... 20166.930423: system_heap_dma_buf_release <-dma_buf_release
      queue0:src-8076    [001] ..... 20166.949976: system_heap_do_allocate.constprop.0 <-system_uncached_heap_allocate
 mppjpegenc0:src-8082    [002] ..... 20166.963777: system_heap_dma_buf_release <-dma_buf_release
      queue0:src-8076    [001] ..... 20166.983165: system_heap_do_allocate.constprop.0 <-system_uncached_heap_allocate
 mppjpegenc0:src-8082    [002] ..... 20166.996965: system_heap_dma_buf_release <-dma_buf_release
      queue0:src-8076    [001] ..... 20167.016443: system_heap_do_allocate.constprop.0 <-system_uncached_heap_allocate
 mppjpegenc0:src-8082    [002] ..... 20167.030616: system_heap_dma_buf_release <-dma_buf_release
      queue0:src-8076    [001] ..... 20167.049815: system_heap_do_allocate.constprop.0 <-system_uncached_heap_allocate
 mppjpegenc0:src-8082    [002] ..... 20167.063517: system_heap_dma_buf_release <-dma_buf_release
      queue0:src-8076    [002] ..... 20167.083154: system_heap_do_allocate.constprop.0 <-system_uncached_heap_allocate
 mppjpegenc0:src-8082    [002] ..... 20167.097177: system_heap_dma_buf_release <-dma_buf_release
      queue0:src-8076    [002] ..... 20167.116435: system_heap_do_allocate.constprop.0 <-system_uncached_heap_allocate
 mppjpegenc0:src-8082    [002] ..... 20167.130707: system_heap_dma_buf_release <-dma_buf_release
      queue0:src-8076    [002] ..... 20167.149650: system_heap_do_allocate.constprop.0 <-system_uncached_heap_allocate
 mppjpegenc0:src-8082    [002] ..... 20167.163595: system_heap_dma_buf_release <-dma_buf_release
      queue0:src-8076    [002] ..... 20167.182903: system_heap_do_allocate.constprop.0 <-system_uncached_heap_allocate
 mppjpegenc0:src-8082    [002] ..... 20167.196870: system_heap_dma_buf_release <-dma_buf_release
      queue0:src-8076    [002] ..... 20167.216238: system_heap_do_allocate.constprop.0 <-system_uncached_heap_allocate
 mppjpegenc0:src-8082    [002] ..... 20167.230109: system_heap_dma_buf_release <-dma_buf_release
      queue0:src-8076    [002] ..... 20167.249507: system_heap_do_allocate.constprop.0 <-system_uncached_heap_allocate
