# tracer: function
#
# entries-in-buffer/entries-written: 1209/1209   #P:4
#
#                                _-----=> irqs-off/BH-disabled
#                               / _----=> need-resched
#                              | / _---=> hardirq/softirq
#                              || / _--=> preempt-depth
#                              ||| / _-=> migrate-disable
#                              |||| /     delay
#           TASK-PID     CPU#  |||||  TIMESTAMP  FUNCTION
#              | |         |   |||||     |         |
      queue0:src-22959   [001] ..... 21400.155857: system_heap_do_allocate.constprop.0 <-system_uncached_heap_allocate
 mppjpegenc0:src-22966   [000] ..... 21400.170807: system_heap_dma_buf_release <-dma_buf_release
      queue0:src-22959   [001] ..... 21400.189099: system_heap_do_allocate.constprop.0 <-system_uncached_heap_allocate
 mppjpegenc0:src-22966   [002] ..... 21400.203224: system_heap_dma_buf_release <-dma_buf_release
      queue0:src-22959   [001] ..... 21400.222367: system_heap_do_allocate.constprop.0 <-system_uncached_heap_allocate
 mppjpegenc0:src-22966   [002] ..... 21400.236663: system_heap_dma_buf_release <-dma_buf_release
      queue0:src-22959   [002] ..... 21400.255662: system_heap_do_allocate.constprop.0 <-system_uncached_heap_allocate
 mppjpegenc0:src-22966   [003] ..... 21400.269895: system_heap_dma_buf_release <-dma_buf_release
      queue0:src-22959   [002] ..... 21400.288931: system_heap_do_allocate.constprop.0 <-system_uncached_heap_allocate
 mppjpegenc0:src-22966   [003] ..... 21400.303326: system_heap_dma_buf_release <-dma_buf_release
      queue0:src-22959   [002] ..... 21400.322212: system_heap_do_allocate.constprop.0 <-system_uncached_heap_allocate
 mppjpegenc0:src-22966   [003] ..... 21400.336698: system_heap_dma_buf_release <-dma_buf_release
      queue0:src-22959   [002] ..... 21400.355462: system_heap_do_allocate.constprop.0 <-system_uncached_heap_allocate
 mppjpegenc0:src-22966   [003] ..... 21400.369876: system_heap_dma_buf_release <-dma_buf_release
      queue0:src-22959   [002] ..... 21400.388773: system_heap_do_allocate.constprop.0 <-system_uncached_heap_allocate
 mppjpegenc0:src-22966   [003] ..... 21400.403099: system_heap_dma_buf_release <-dma_buf_release
      queue0:src-22959   [001] ..... 21400.422078: system_heap_do_allocate.constprop.0 <-system_uncached_heap_allocate
 mppjpegenc0:src-22966   [003] ..... 21400.436294: system_heap_dma_buf_release <-dma_buf_release
      queue0:src-22959   [001] ..... 21400.455264: system_heap_do_allocate.constprop.0 <-system_uncached_heap_allocate
 mppjpegenc0:src-22966   [003] ..... 21400.469655: system_heap_dma_buf_release <-dma_buf_release
      queue0:src-22959   [001] ..... 21400.488628: system_heap_do_allocate.constprop.0 <-system_uncached_heap_allocate
 mppjpegenc0:src-22966   [003] ..... 21400.502947: system_heap_dma_buf_release <-dma_buf_release
      queue0:src-22959   [001] ..... 21400.521903: system_heap_do_allocate.constprop.0 <-system_uncached_heap_allocate
 mppjpegenc0:src-22966   [003] ..... 21400.536214: system_heap_dma_buf_release <-dma_buf_release
      queue0:src-22959   [001] ..... 21400.555133: system_heap_do_allocate.constprop.0 <-system_uncached_heap_allocate
 mppjpegenc0:src-22966   [003] ..... 21400.569376: system_heap_dma_buf_release <-dma_buf_release
      queue0:src-22959   [001] ..... 21400.588468: system_heap_do_allocate.constprop.0 <-system_uncached_heap_allocate
 mppjpegenc0:src-22966   [003] ..... 21400.602854: system_heap_dma_buf_release <-dma_buf_release
      queue0:src-22959   [001] ..... 21400.621748: system_heap_do_allocate.constprop.0 <-system_uncached_heap_allocate
 mppjpegenc0:src-22966   [003] ..... 21400.636152: system_heap_dma_buf_release <-dma_buf_release
      queue0:src-22959   [001] ..... 21400.654985: system_heap_do_allocate.constprop.0 <-system_uncached_heap_allocate
 mppjpegenc0:src-22966   [003] ..... 21400.669434: system_heap_dma_buf_release <-dma_buf_release
      queue0:src-22959   [001] ..... 21400.688307: system_heap_do_allocate.constprop.0 <-system_uncached_heap_allocate
 mppjpegenc0:src-22966   [002] ..... 21400.702720: system_heap_dma_buf_release <-dma_buf_release
      queue0:src-22959   [001] ..... 21400.721601: system_heap_do_allocate.constprop.0 <-system_uncached_heap_allocate
 mppjpegenc0:src-22966   [002] ..... 21400.736025: system_heap_dma_buf_release <-dma_buf_release
      queue0:src-22959   [001] ..... 21400.754838: system_heap_do_allocate.constprop.0 <-system_uncached_heap_allocate
 mppjpegenc0:src-22966   [002] ..... 21400.770000: system_heap_dma_buf_release <-dma_buf_release
      queue0:src-22959   [001] ..... 21400.788158: system_heap_do_allocate.constprop.0 <-system_uncached_heap_allocate
 mppjpegenc0:src-22966   [002] ..... 21400.802609: system_heap_dma_buf_release <-dma_buf_release
      queue0:src-22959   [001] ..... 21400.821440: system_heap_do_allocate.constprop.0 <-system_uncached_heap_allocate
 mppjpegenc0:src-22966   [002] ..... 21400.836369: system_heap_dma_buf_release <-dma_buf_release
      queue0:src-22959   [001] ..... 21400.854679: system_heap_do_allocate.constprop.0 <-system_uncached_heap_allocate
 mppjpegenc0:src-22966   [002] ..... 21400.868997: system_heap_dma_buf_release <-dma_buf_release
      queue0:src-22959   [001] ..... 21400.888006: system_heap_do_allocate.constprop.0 <-system_uncached_heap_allocate
 mppjpegenc0:src-22966   [002] ..... 21400.902389: system_heap_dma_buf_release <-dma_buf_release
      queue0:src-22959   [001] ..... 21400.921281: system_heap_do_allocate.constprop.0 <-system_uncached_heap_allocate
 mppjpegenc0:src-22966   [002] ..... 21400.935501: system_heap_dma_buf_release <-dma_buf_release
      queue0:src-22959   [001] ..... 21400.954557: system_heap_do_allocate.constprop.0 <-system_uncached_heap_allocate
 mppjpegenc0:src-22966   [002] ..... 21400.969083: system_heap_dma_buf_release <-dma_buf_release
      queue0:src-22959   [001] ..... 21400.987844: system_heap_do_allocate.constprop.0 <-system_uncached_heap_allocate
 mppjpegenc0:src-22966   [002] ..... 21401.002797: system_heap_dma_buf_release <-dma_buf_release
      queue0:src-22959   [001] ..... 21401.021122: system_heap_do_allocate.constprop.0 <-system_uncached_heap_allocate
 mppjpegenc0:src-22966   [002] ..... 21401.035968: system_heap_dma_buf_release <-dma_buf_release
      queue0:src-22959   [001] ..... 21401.054405: system_heap_do_allocate.constprop.0 <-system_uncached_heap_allocate
 mppjpegenc0:src-22966   [002] ..... 21401.071348: system_heap_dma_buf_release <-dma_buf_release
      queue0:src-22959   [001] ..... 21401.087676: system_heap_do_allocate.constprop.0 <-system_uncached_heap_allocate
 mppjpegenc0:src-22966   [002] ..... 21401.101921: system_heap_dma_buf_release <-dma_buf_release
      queue0:src-22959   [001] ..... 21401.120947: system_heap_do_allocate.constprop.0 <-system_uncached_heap_allocate
 mppjpegenc0:src-22966   [003] ..... 21401.134727: system_heap_dma_buf_release <-dma_buf_release
      queue0:src-22959   [001] ..... 21401.154230: system_heap_do_allocate.constprop.0 <-system_uncached_heap_allocate
 mppjpegenc0:src-22966   [003] ..... 21401.168143: system_heap_dma_buf_release <-dma_buf_release
      queue0:src-22959   [001] ..... 21401.187500: system_heap_do_allocate.constprop.0 <-system_uncached_heap_allocate
 mppjpegenc0:src-22966   [003] ..... 21401.201081: system_heap_dma_buf_release <-dma_buf_release
      queue0:src-22959   [002] ..... 21401.220781: system_heap_do_allocate.constprop.0 <-system_uncached_heap_allocate
 mppjpegenc0:src-22966   [003] ..... 21401.234586: system_heap_dma_buf_release <-dma_buf_release
      queue0:src-22959   [002] ..... 21401.254077: system_heap_do_allocate.constprop.0 <-system_uncached_heap_allocate
 mppjpegenc0:src-22966   [003] ..... 21401.267865: system_heap_dma_buf_release <-dma_buf_release
      queue0:src-22959   [002] ..... 21401.287316: system_heap_do_allocate.constprop.0 <-system_uncached_heap_allocate
 mppjpegenc0:src-22966   [003] ..... 21401.301100: system_heap_dma_buf_release <-dma_buf_release
      queue0:src-22959   [002] ..... 21401.320633: system_heap_do_allocate.constprop.0 <-system_uncached_heap_allocate
 mppjpegenc0:src-22966   [003] ..... 21401.334391: system_heap_dma_buf_release <-dma_buf_release
      queue0:src-22959   [002] ..... 21401.353909: system_heap_do_allocate.constprop.0 <-system_uncached_heap_allocate
 mppjpegenc0:src-22966   [003] ..... 21401.367639: system_heap_dma_buf_release <-dma_buf_release
      queue0:src-22959   [002] ..... 21401.387164: system_heap_do_allocate.constprop.0 <-system_uncached_heap_allocate
 mppjpegenc0:src-22966   [003] ..... 21401.400991: system_heap_dma_buf_release <-dma_buf_release
      queue0:src-22959   [002] ..... 21401.420470: system_heap_do_allocate.constprop.0 <-system_uncached_heap_allocate
 mppjpegenc0:src-22966   [003] ..... 21401.435025: system_heap_dma_buf_release <-dma_buf_release
      queue0:src-22959   [002] ..... 21401.453758: system_heap_do_allocate.constprop.0 <-system_uncached_heap_allocate
 mppjpegenc0:src-22966   [003] ..... 21401.467613: system_heap_dma_buf_release <-dma_buf_release
      queue0:src-22959   [002] ..... 21401.487007: system_heap_do_allocate.constprop.0 <-system_uncached_heap_allocate
 mppjpegenc0:src-22966   [003] ..... 21401.501247: system_heap_dma_buf_release <-dma_buf_release
      queue0:src-22959   [002] ..... 21401.520325: system_heap_do_allocate.constprop.0 <-system_uncached_heap_allocate
 mppjpegenc0:src-22966   [003] ..... 21401.534129: system_heap_dma_buf_release <-dma_buf_release
      queue0:src-22959   [002] ..... 21401.553596: system_heap_do_allocate.constprop.0 <-system_uncached_heap_allocate
 mppjpegenc0:src-22966   [003] ..... 21401.567331: system_heap_dma_buf_release <-dma_buf_release
      queue0:src-22959   [002] ..... 21401.586842: system_heap_do_allocate.constprop.0 <-system_uncached_heap_allocate
 mppjpegenc0:src-22966   [003] ..... 21401.600909: system_heap_dma_buf_release <-dma_buf_release
      queue0:src-22959   [002] ..... 21401.620166: system_heap_do_allocate.constprop.0 <-system_uncached_heap_allocate
 mppjpegenc0:src-22966   [003] ..... 21401.633953: system_heap_dma_buf_release <-dma_buf_release
      queue0:src-22959   [002] ..... 21401.653437: system_heap_do_allocate.constprop.0 <-system_uncached_heap_allocate
 mppjpegenc0:src-22966   [003] ..... 21401.667571: system_heap_dma_buf_release <-dma_buf_release
      queue0:src-22959   [002] ..... 21401.686711: system_heap_do_allocate.constprop.0 <-system_uncached_heap_allocate
 mppjpegenc0:src-22966   [003] ..... 21401.701000: system_heap_dma_buf_release <-dma_buf_release
      queue0:src-22959   [002] ..... 21401.720001: system_heap_do_allocate.constprop.0 <-system_uncached_heap_allocate
 mppjpegenc0:src-22966   [003] ..... 21401.734011: system_heap_dma_buf_release <-dma_buf_release
      queue0:src-22959   [002] ..... 21401.753271: system_heap_do_allocate.constprop.0 <-system_uncached_heap_allocate
 mppjpegenc0:src-22966   [003] ..... 21401.767099: system_heap_dma_buf_release <-dma_buf_release
      queue0:src-22959   [002] ..... 21401.786552: system_heap_do_allocate.constprop.0 <-system_uncached_heap_allocate
 mppjpegenc0:src-22966   [003] ..... 21401.800351: system_heap_dma_buf_release <-dma_buf_release
      queue0:src-22959   [002] ..... 21401.819822: system_heap_do_allocate.constprop.0 <-system_uncached_heap_allocate
 mppjpegenc0:src-22966   [000] ..... 21401.833668: system_heap_dma_buf_release <-dma_buf_release
      queue0:src-22959   [002] ..... 21401.853123: system_heap_do_allocate.constprop.0 <-system_uncached_heap_allocate
 mppjpegenc0:src-22966   [000] ..... 21401.866812: system_heap_dma_buf_release <-dma_buf_release
      queue0:src-22959   [002] ..... 21401.886400: system_heap_do_allocate.constprop.0 <-system_uncached_heap_allocate
 mppjpegenc0:src-22966   [000] ..... 21401.900143: system_heap_dma_buf_release <-dma_buf_release
      queue0:src-22959   [002] ..... 21401.919701: system_heap_do_allocate.constprop.0 <-system_uncached_heap_allocate
 mppjpegenc0:src-22966   [000] ..... 21401.933493: system_heap_dma_buf_release <-dma_buf_release
      queue0:src-22959   [002] ..... 21401.952966: system_heap_do_allocate.constprop.0 <-system_uncached_heap_allocate
 mppjpegenc0:src-22966   [000] ..... 21401.966673: system_heap_dma_buf_release <-dma_buf_release
      queue0:src-22959   [002] ..... 21401.986249: system_heap_do_allocate.constprop.0 <-system_uncached_heap_allocate
 mppjpegenc0:src-22966   [000] ..... 21401.999985: system_heap_dma_buf_release <-dma_buf_release
      queue0:src-22959   [002] ..... 21402.019546: system_heap_do_allocate.constprop.0 <-system_uncached_heap_allocate
 mppjpegenc0:src-22966   [000] ..... 21402.033385: system_heap_dma_buf_release <-dma_buf_release
      queue0:src-22959   [000] ..... 21402.052857: system_heap_do_allocate.constprop.0 <-system_uncached_heap_allocate
 mppjpegenc0:src-22966   [003] ..... 21402.066962: system_heap_dma_buf_release <-dma_buf_release
      queue0:src-22959   [000] ..... 21402.086078: system_heap_do_allocate.constprop.0 <-system_uncached_heap_allocate
 mppjpegenc0:src-22966   [003] ..... 21402.099651: system_heap_dma_buf_release <-dma_buf_release
      queue0:src-22959   [000] ..... 21402.119265: system_heap_do_allocate.constprop.0 <-system_uncached_heap_allocate
 mppjpegenc0:src-22966   [003] ..... 21402.132959: system_heap_dma_buf_release <-dma_buf_release
      queue0:src-22959   [000] ..... 21402.152631: system_heap_do_allocate.constprop.0 <-system_uncached_heap_allocate
 mppjpegenc0:src-22966   [003] ..... 21402.166382: system_heap_dma_buf_release <-dma_buf_release
      queue0:src-22959   [000] ..... 21402.185920: system_heap_do_allocate.constprop.0 <-system_uncached_heap_allocate
 mppjpegenc0:src-22966   [003] ..... 21402.199536: system_heap_dma_buf_release <-dma_buf_release
      queue0:src-22959   [000] ..... 21402.219110: system_heap_do_allocate.constprop.0 <-system_uncached_heap_allocate
 mppjpegenc0:src-22966   [003] ..... 21402.232834: system_heap_dma_buf_release <-dma_buf_release
      queue0:src-22959   [000] ..... 21402.252478: system_heap_do_allocate.constprop.0 <-system_uncached_heap_allocate
 mppjpegenc0:src-22966   [003] ..... 21402.266141: system_heap_dma_buf_release <-dma_buf_release
      queue0:src-22959   [000] ..... 21402.285756: system_heap_do_allocate.constprop.0 <-system_uncached_heap_allocate
 mppjpegenc0:src-22966   [003] ..... 21402.299550: system_heap_dma_buf_release <-dma_buf_release
      queue0:src-22959   [000] ..... 21402.318991: system_heap_do_allocate.constprop.0 <-system_uncached_heap_allocate
 mppjpegenc0:src-22966   [003] ..... 21402.332775: system_heap_dma_buf_release <-dma_buf_release
      queue0:src-22959   [000] ..... 21402.352239: system_heap_do_allocate.constprop.0 <-system_uncached_heap_allocate
 mppjpegenc0:src-22966   [003] ..... 21402.366541: system_heap_dma_buf_release <-dma_buf_release
      queue0:src-22959   [000] ..... 21402.385591: system_heap_do_allocate.constprop.0 <-system_uncached_heap_allocate
 mppjpegenc0:src-22966   [003] ..... 21402.399211: system_heap_dma_buf_release <-dma_buf_release
      queue0:src-22959   [000] ..... 21402.418775: system_heap_do_allocate.constprop.0 <-system_uncached_heap_allocate
 mppjpegenc0:src-22966   [003] ..... 21402.432548: system_heap_dma_buf_release <-dma_buf_release
      queue0:src-22959   [000] ..... 21402.452160: system_heap_do_allocate.constprop.0 <-system_uncached_heap_allocate
 mppjpegenc0:src-22966   [003] ..... 21402.465932: system_heap_dma_buf_release <-dma_buf_release
      queue0:src-22959   [000] ..... 21402.485396: system_heap_do_allocate.constprop.0 <-system_uncached_heap_allocate
 mppjpegenc0:src-22966   [003] ..... 21402.499122: system_heap_dma_buf_release <-dma_buf_release
      queue0:src-22959   [000] ..... 21402.518627: system_heap_do_allocate.constprop.0 <-system_uncached_heap_allocate
 mppjpegenc0:src-22966   [003] ..... 21402.532265: system_heap_dma_buf_release <-dma_buf_release
      queue0:src-22959   [000] ..... 21402.551984: system_heap_do_allocate.constprop.0 <-system_uncached_heap_allocate
 mppjpegenc0:src-22966   [003] ..... 21402.565755: system_heap_dma_buf_release <-dma_buf_release
      queue0:src-22959   [000] ..... 21402.585270: system_heap_do_allocate.constprop.0 <-system_uncached_heap_allocate
 mppjpegenc0:src-22966   [003] ..... 21402.599059: system_heap_dma_buf_release <-dma_buf_release
      queue0:src-22959   [000] ..... 21402.618502: system_heap_do_allocate.constprop.0 <-system_uncached_heap_allocate
 mppjpegenc0:src-22966   [003] ..... 21402.632196: system_heap_dma_buf_release <-dma_buf_release
      queue0:src-22959   [000] ..... 21402.651789: system_heap_do_allocate.constprop.0 <-system_uncached_heap_allocate
 mppjpegenc0:src-22966   [003] ..... 21402.665566: system_heap_dma_buf_release <-dma_buf_release
      queue0:src-22959   [000] ..... 21402.685064: system_heap_do_allocate.constprop.0 <-system_uncached_heap_allocate
 mppjpegenc0:src-22966   [003] ..... 21402.698822: system_heap_dma_buf_release <-dma_buf_release
      queue0:src-22959   [000] ..... 21402.718303: system_heap_do_allocate.constprop.0 <-system_uncached_heap_allocate
 mppjpegenc0:src-22966   [003] ..... 21402.733014: system_heap_dma_buf_release <-dma_buf_release
      queue0:src-22959   [000] ..... 21402.751654: system_heap_do_allocate.constprop.0 <-system_uncached_heap_allocate
 mppjpegenc0:src-22966   [003] ..... 21402.765408: system_heap_dma_buf_release <-dma_buf_release
      queue0:src-22959   [000] ..... 21402.784907: system_heap_do_allocate.constprop.0 <-system_uncached_heap_allocate
 mppjpegenc0:src-22966   [003] ..... 21402.798642: system_heap_dma_buf_release <-dma_buf_release
      queue0:src-22959   [000] ..... 21402.818186: system_heap_do_allocate.constprop.0 <-system_uncached_heap_allocate
 mppjpegenc0:src-22966   [003] ..... 21402.831950: system_heap_dma_buf_release <-dma_buf_release
      queue0:src-22959   [000] ..... 21402.851419: system_heap_do_allocate.constprop.0 <-system_uncached_heap_allocate
 mppjpegenc0:src-22966   [003] ..... 21402.865232: system_heap_dma_buf_release <-dma_buf_release
      queue0:src-22959   [000] ..... 21402.884747: system_heap_do_allocate.constprop.0 <-system_uncached_heap_allocate
 mppjpegenc0:src-22966   [003] ..... 21402.898468: system_heap_dma_buf_release <-dma_buf_release
      queue0:src-22959   [000] ..... 21402.918028: system_heap_do_allocate.constprop.0 <-system_uncached_heap_allocate
 mppjpegenc0:src-22966   [003] ..... 21402.931592: system_heap_dma_buf_release <-dma_buf_release
      queue0:src-22959   [000] ..... 21402.951258: system_heap_do_allocate.constprop.0 <-system_uncached_heap_allocate
 mppjpegenc0:src-22966   [003] ..... 21402.965018: system_heap_dma_buf_release <-dma_buf_release
      queue0:src-22959   [000] ..... 21402.984585: system_heap_do_allocate.constprop.0 <-system_uncached_heap_allocate
 mppjpegenc0:src-22966   [003] ..... 21402.998357: system_heap_dma_buf_release <-dma_buf_release
      queue0:src-22959   [000] ..... 21403.017865: system_heap_do_allocate.constprop.0 <-system_uncached_heap_allocate
 mppjpegenc0:src-22966   [003] ..... 21403.031525: system_heap_dma_buf_release <-dma_buf_release
      queue0:src-22959   [000] ..... 21403.051102: system_heap_do_allocate.constprop.0 <-system_uncached_heap_allocate
 mppjpegenc0:src-22966   [000] ..... 21403.065510: system_heap_dma_buf_release <-dma_buf_release
      queue0:src-22959   [002] ..... 21403.084483: system_heap_do_allocate.constprop.0 <-system_uncached_heap_allocate
 mppjpegenc0:src-22966   [001] ..... 21403.098178: system_heap_dma_buf_release <-dma_buf_release
      queue0:src-22959   [002] ..... 21403.117755: system_heap_do_allocate.constprop.0 <-system_uncached_heap_allocate
 mppjpegenc0:src-22966   [000] ..... 21403.131439: system_heap_dma_buf_release <-dma_buf_release
      queue0:src-22959   [002] ..... 21403.151038: system_heap_do_allocate.constprop.0 <-system_uncached_heap_allocate
 mppjpegenc0:src-22966   [000] ..... 21403.164759: system_heap_dma_buf_release <-dma_buf_release
      queue0:src-22959   [002] ..... 21403.184300: system_heap_do_allocate.constprop.0 <-system_uncached_heap_allocate
 mppjpegenc0:src-22966   [000] ..... 21403.197852: system_heap_dma_buf_release <-dma_buf_release
      queue0:src-22959   [002] ..... 21403.217597: system_heap_do_allocate.constprop.0 <-system_uncached_heap_allocate
 mppjpegenc0:src-22966   [000] ..... 21403.231365: system_heap_dma_buf_release <-dma_buf_release
      queue0:src-22959   [002] ..... 21403.250858: system_heap_do_allocate.constprop.0 <-system_uncached_heap_allocate
 mppjpegenc0:src-22966   [000] ..... 21403.264797: system_heap_dma_buf_release <-dma_buf_release
      queue0:src-22959   [002] ..... 21403.284153: system_heap_do_allocate.constprop.0 <-system_uncached_heap_allocate
 mppjpegenc0:src-22966   [000] ..... 21403.297895: system_heap_dma_buf_release <-dma_buf_release
      queue0:src-22959   [002] ..... 21403.317435: system_heap_do_allocate.constprop.0 <-system_uncached_heap_allocate
 mppjpegenc0:src-22966   [000] ..... 21403.331130: system_heap_dma_buf_release <-dma_buf_release
      queue0:src-22959   [002] ..... 21403.350690: system_heap_do_allocate.constprop.0 <-system_uncached_heap_allocate
 mppjpegenc0:src-22966   [000] ..... 21403.364368: system_heap_dma_buf_release <-dma_buf_release
      queue0:src-22959   [002] ..... 21403.383989: system_heap_do_allocate.constprop.0 <-system_uncached_heap_allocate
 mppjpegenc0:src-22966   [000] ..... 21403.397807: system_heap_dma_buf_release <-dma_buf_release
      queue0:src-22959   [002] ..... 21403.417276: system_heap_do_allocate.constprop.0 <-system_uncached_heap_allocate
 mppjpegenc0:src-22966   [000] ..... 21403.431023: system_heap_dma_buf_release <-dma_buf_release
      queue0:src-22959   [002] ..... 21403.450552: system_heap_do_allocate.constprop.0 <-system_uncached_heap_allocate
 mppjpegenc0:src-22966   [000] ..... 21403.464184: system_heap_dma_buf_release <-dma_buf_release
      queue0:src-22959   [002] ..... 21403.483844: system_heap_do_allocate.constprop.0 <-system_uncached_heap_allocate
 mppjpegenc0:src-22966   [000] ..... 21403.497654: system_heap_dma_buf_release <-dma_buf_release
      queue0:src-22959   [002] ..... 21403.517114: system_heap_do_allocate.constprop.0 <-system_uncached_heap_allocate
 mppjpegenc0:src-22966   [000] ..... 21403.530826: system_heap_dma_buf_release <-dma_buf_release
      queue0:src-22959   [002] ..... 21403.550391: system_heap_do_allocate.constprop.0 <-system_uncached_heap_allocate
 mppjpegenc0:src-22966   [000] ..... 21403.564018: system_heap_dma_buf_release <-dma_buf_release
      queue0:src-22959   [002] ..... 21403.583680: system_heap_do_allocate.constprop.0 <-system_uncached_heap_allocate
 mppjpegenc0:src-22966   [000] ..... 21403.597425: system_heap_dma_buf_release <-dma_buf_release
      queue0:src-22959   [002] ..... 21403.616955: system_heap_do_allocate.constprop.0 <-system_uncached_heap_allocate
 mppjpegenc0:src-22966   [000] ..... 21403.630748: system_heap_dma_buf_release <-dma_buf_release
      queue0:src-22959   [002] ..... 21403.650234: system_heap_do_allocate.constprop.0 <-system_uncached_heap_allocate
 mppjpegenc0:src-22966   [000] ..... 21403.663912: system_heap_dma_buf_release <-dma_buf_release
      queue0:src-22959   [002] ..... 21403.683462: system_heap_do_allocate.constprop.0 <-system_uncached_heap_allocate
 mppjpegenc0:src-22966   [000] ..... 21403.697457: system_heap_dma_buf_release <-dma_buf_release
      queue0:src-22959   [002] ..... 21403.716798: system_heap_do_allocate.constprop.0 <-system_uncached_heap_allocate
 mppjpegenc0:src-22966   [000] ..... 21403.730492: system_heap_dma_buf_release <-dma_buf_release
      queue0:src-22959   [002] ..... 21403.750077: system_heap_do_allocate.constprop.0 <-system_uncached_heap_allocate
 mppjpegenc0:src-22966   [000] ..... 21403.763732: system_heap_dma_buf_release <-dma_buf_release
      queue0:src-22959   [002] ..... 21403.783288: system_heap_do_allocate.constprop.0 <-system_uncached_heap_allocate
 mppjpegenc0:src-22966   [000] ..... 21403.797486: system_heap_dma_buf_release <-dma_buf_release
      queue0:src-22959   [002] ..... 21403.816635: system_heap_do_allocate.constprop.0 <-system_uncached_heap_allocate
 mppjpegenc0:src-22966   [000] ..... 21403.830424: system_heap_dma_buf_release <-dma_buf_release
      queue0:src-22959   [002] ..... 21403.849918: system_heap_do_allocate.constprop.0 <-system_uncached_heap_allocate
 mppjpegenc0:src-22966   [000] ..... 21403.863553: system_heap_dma_buf_release <-dma_buf_release
      queue0:src-22959   [002] ..... 21403.883138: system_heap_do_allocate.constprop.0 <-system_uncached_heap_allocate
 mppjpegenc0:src-22966   [000] ..... 21403.896897: system_heap_dma_buf_release <-dma_buf_release
      queue0:src-22959   [002] ..... 21403.916473: system_heap_do_allocate.constprop.0 <-system_uncached_heap_allocate
 mppjpegenc0:src-22966   [000] ..... 21403.930171: system_heap_dma_buf_release <-dma_buf_release
      queue0:src-22959   [002] ..... 21403.949747: system_heap_do_allocate.constprop.0 <-system_uncached_heap_allocate
 mppjpegenc0:src-22966   [000] ..... 21403.964020: system_heap_dma_buf_release <-dma_buf_release
      queue0:src-22959   [002] ..... 21403.982971: system_heap_do_allocate.constprop.0 <-system_uncached_heap_allocate
 mppjpegenc0:src-22966   [000] ..... 21403.996681: system_heap_dma_buf_release <-dma_buf_release
      queue0:src-22959   [002] ..... 21404.016283: system_heap_do_allocate.constprop.0 <-system_uncached_heap_allocate
 mppjpegenc0:src-22966   [000] ..... 21404.030178: system_heap_dma_buf_release <-dma_buf_release
      queue0:src-22959   [002] ..... 21404.049598: system_heap_do_allocate.constprop.0 <-system_uncached_heap_allocate
 mppjpegenc0:src-22966   [000] ..... 21404.063558: system_heap_dma_buf_release <-dma_buf_release
      queue0:src-22959   [001] ..... 21404.082782: system_heap_do_allocate.constprop.0 <-system_uncached_heap_allocate
 mppjpegenc0:src-22966   [000] ..... 21404.097039: system_heap_dma_buf_release <-dma_buf_release
      queue0:src-22959   [002] ..... 21404.116151: system_heap_do_allocate.constprop.0 <-system_uncached_heap_allocate
 mppjpegenc0:src-22966   [000] ..... 21404.129905: system_heap_dma_buf_release <-dma_buf_release
      queue0:src-22959   [002] ..... 21404.149433: system_heap_do_allocate.constprop.0 <-system_uncached_heap_allocate
 mppjpegenc0:src-22966   [000] ..... 21404.163348: system_heap_dma_buf_release <-dma_buf_release
      queue0:src-22959   [002] ..... 21404.182753: system_heap_do_allocate.constprop.0 <-system_uncached_heap_allocate
 mppjpegenc0:src-22966   [000] ..... 21404.196812: system_heap_dma_buf_release <-dma_buf_release
      queue0:src-22959   [002] ..... 21404.216006: system_heap_do_allocate.constprop.0 <-system_uncached_heap_allocate
 mppjpegenc0:src-22966   [000] ..... 21404.229755: system_heap_dma_buf_release <-dma_buf_release
      queue0:src-22959   [002] ..... 21404.249278: system_heap_do_allocate.constprop.0 <-system_uncached_heap_allocate
 mppjpegenc0:src-22966   [000] ..... 21404.262911: system_heap_dma_buf_release <-dma_buf_release
      queue0:src-22959   [002] ..... 21404.282556: system_heap_do_allocate.constprop.0 <-system_uncached_heap_allocate
 mppjpegenc0:src-22966   [000] ..... 21404.296336: system_heap_dma_buf_release <-dma_buf_release
      queue0:src-22959   [002] ..... 21404.315860: system_heap_do_allocate.constprop.0 <-system_uncached_heap_allocate
 mppjpegenc0:src-22966   [000] ..... 21404.330007: system_heap_dma_buf_release <-dma_buf_release
      queue0:src-22959   [002] ..... 21404.349114: system_heap_do_allocate.constprop.0 <-system_uncached_heap_allocate
 mppjpegenc0:src-22966   [000] ..... 21404.362839: system_heap_dma_buf_release <-dma_buf_release
      queue0:src-22959   [002] ..... 21404.382403: system_heap_do_allocate.constprop.0 <-system_uncached_heap_allocate
 mppjpegenc0:src-22966   [000] ..... 21404.396115: system_heap_dma_buf_release <-dma_buf_release
      queue0:src-22959   [002] ..... 21404.415716: system_heap_do_allocate.constprop.0 <-system_uncached_heap_allocate
 mppjpegenc0:src-22966   [000] ..... 21404.429514: system_heap_dma_buf_release <-dma_buf_release
      queue0:src-22959   [002] ..... 21404.448961: system_heap_do_allocate.constprop.0 <-system_uncached_heap_allocate
 mppjpegenc0:src-22966   [000] ..... 21404.462753: system_heap_dma_buf_release <-dma_buf_release
      queue0:src-22959   [002] ..... 21404.482233: system_heap_do_allocate.constprop.0 <-system_uncached_heap_allocate
 mppjpegenc0:src-22966   [000] ..... 21404.496243: system_heap_dma_buf_release <-dma_buf_release
      queue0:src-22959   [002] ..... 21404.515468: system_heap_do_allocate.constprop.0 <-system_uncached_heap_allocate
 mppjpegenc0:src-22966   [000] ..... 21404.529272: system_heap_dma_buf_release <-dma_buf_release
      queue0:src-22959   [002] ..... 21404.548789: system_heap_do_allocate.constprop.0 <-system_uncached_heap_allocate
 mppjpegenc0:src-22966   [000] ..... 21404.562638: system_heap_dma_buf_release <-dma_buf_release
      queue0:src-22959   [002] ..... 21404.582082: system_heap_do_allocate.constprop.0 <-system_uncached_heap_allocate
 mppjpegenc0:src-22966   [000] ..... 21404.595795: system_heap_dma_buf_release <-dma_buf_release
      queue0:src-22959   [002] ..... 21404.615268: system_heap_do_allocate.constprop.0 <-system_uncached_heap_allocate
 mppjpegenc0:src-22966   [000] ..... 21404.628997: system_heap_dma_buf_release <-dma_buf_release
      queue0:src-22959   [002] ..... 21404.648656: system_heap_do_allocate.constprop.0 <-system_uncached_heap_allocate
 mppjpegenc0:src-22966   [000] ..... 21404.662431: system_heap_dma_buf_release <-dma_buf_release
      queue0:src-22959   [002] ..... 21404.681922: system_heap_do_allocate.constprop.0 <-system_uncached_heap_allocate
 mppjpegenc0:src-22966   [000] ..... 21404.696455: system_heap_dma_buf_release <-dma_buf_release
      queue0:src-22959   [002] ..... 21404.715124: system_heap_do_allocate.constprop.0 <-system_uncached_heap_allocate
 mppjpegenc0:src-22966   [000] ..... 21404.728941: system_heap_dma_buf_release <-dma_buf_release
      queue0:src-22959   [002] ..... 21404.748475: system_heap_do_allocate.constprop.0 <-system_uncached_heap_allocate
 mppjpegenc0:src-22966   [000] ..... 21404.762169: system_heap_dma_buf_release <-dma_buf_release
      queue0:src-22959   [002] ..... 21404.781763: system_heap_do_allocate.constprop.0 <-system_uncached_heap_allocate
 mppjpegenc0:src-22966   [000] ..... 21404.795397: system_heap_dma_buf_release <-dma_buf_release
      queue0:src-22959   [002] ..... 21404.814970: system_heap_do_allocate.constprop.0 <-system_uncached_heap_allocate
 mppjpegenc0:src-22966   [000] ..... 21404.828974: system_heap_dma_buf_release <-dma_buf_release
      queue0:src-22959   [002] ..... 21404.848316: system_heap_do_allocate.constprop.0 <-system_uncached_heap_allocate
 mppjpegenc0:src-22966   [000] ..... 21404.862020: system_heap_dma_buf_release <-dma_buf_release
      queue0:src-22959   [002] ..... 21404.881602: system_heap_do_allocate.constprop.0 <-system_uncached_heap_allocate
 mppjpegenc0:src-22966   [000] ..... 21404.895312: system_heap_dma_buf_release <-dma_buf_release
      queue0:src-22959   [002] ..... 21404.914836: system_heap_do_allocate.constprop.0 <-system_uncached_heap_allocate
 mppjpegenc0:src-22966   [000] ..... 21404.928770: system_heap_dma_buf_release <-dma_buf_release
      queue0:src-22959   [002] ..... 21404.948167: system_heap_do_allocate.constprop.0 <-system_uncached_heap_allocate
 mppjpegenc0:src-22966   [000] ..... 21404.962936: system_heap_dma_buf_release <-dma_buf_release
      queue0:src-22959   [002] ..... 21404.981440: system_heap_do_allocate.constprop.0 <-system_uncached_heap_allocate
 mppjpegenc0:src-22966   [000] ..... 21404.995401: system_heap_dma_buf_release <-dma_buf_release
      queue0:src-22959   [002] ..... 21405.014711: system_heap_do_allocate.constprop.0 <-system_uncached_heap_allocate
 mppjpegenc0:src-22966   [000] ..... 21405.028326: system_heap_dma_buf_release <-dma_buf_release
      queue0:src-22959   [002] ..... 21405.048003: system_heap_do_allocate.constprop.0 <-system_uncached_heap_allocate
 mppjpegenc0:src-22966   [000] ..... 21405.062185: system_heap_dma_buf_release <-dma_buf_release
      queue0:src-22959   [002] ..... 21405.081276: system_heap_do_allocate.constprop.0 <-system_uncached_heap_allocate
 mppjpegenc0:src-22966   [001] ..... 21405.095266: system_heap_dma_buf_release <-dma_buf_release
      queue0:src-22959   [002] ..... 21405.114521: system_heap_do_allocate.constprop.0 <-system_uncached_heap_allocate
 mppjpegenc0:src-22966   [000] ..... 21405.128268: system_heap_dma_buf_release <-dma_buf_release
      queue0:src-22959   [002] ..... 21405.147813: system_heap_do_allocate.constprop.0 <-system_uncached_heap_allocate
 mppjpegenc0:src-22966   [000] ..... 21405.162625: system_heap_dma_buf_release <-dma_buf_release
      queue0:src-22959   [002] ..... 21405.181118: system_heap_do_allocate.constprop.0 <-system_uncached_heap_allocate
 mppjpegenc0:src-22966   [000] ..... 21405.194927: system_heap_dma_buf_release <-dma_buf_release
      queue0:src-22959   [002] ..... 21405.214393: system_heap_do_allocate.constprop.0 <-system_uncached_heap_allocate
 mppjpegenc0:src-22966   [000] ..... 21405.228092: system_heap_dma_buf_release <-dma_buf_release
      queue0:src-22959   [002] ..... 21405.247649: system_heap_do_allocate.constprop.0 <-system_uncached_heap_allocate
 mppjpegenc0:src-22966   [000] ..... 21405.261561: system_heap_dma_buf_release <-dma_buf_release
      queue0:src-22959   [002] ..... 21405.280978: system_heap_do_allocate.constprop.0 <-system_uncached_heap_allocate
 mppjpegenc0:src-22966   [000] ..... 21405.294656: system_heap_dma_buf_release <-dma_buf_release
      queue0:src-22959   [002] ..... 21405.314239: system_heap_do_allocate.constprop.0 <-system_uncached_heap_allocate
 mppjpegenc0:src-22966   [000] ..... 21405.327878: system_heap_dma_buf_release <-dma_buf_release
      queue0:src-22959   [002] ..... 21405.347470: system_heap_do_allocate.constprop.0 <-system_uncached_heap_allocate
 mppjpegenc0:src-22966   [000] ..... 21405.361209: system_heap_dma_buf_release <-dma_buf_release
      queue0:src-22959   [002] ..... 21405.380799: system_heap_do_allocate.constprop.0 <-system_uncached_heap_allocate
 mppjpegenc0:src-22966   [000] ..... 21405.394548: system_heap_dma_buf_release <-dma_buf_release
      queue0:src-22959   [002] ..... 21405.414076: system_heap_do_allocate.constprop.0 <-system_uncached_heap_allocate
 mppjpegenc0:src-22966   [000] ..... 21405.427685: system_heap_dma_buf_release <-dma_buf_release
      queue0:src-22959   [002] ..... 21405.447286: system_heap_do_allocate.constprop.0 <-system_uncached_heap_allocate
 mppjpegenc0:src-22966   [000] ..... 21405.461011: system_heap_dma_buf_release <-dma_buf_release
      queue0:src-22959   [002] ..... 21405.480638: system_heap_do_allocate.constprop.0 <-system_uncached_heap_allocate
 mppjpegenc0:src-22966   [000] ..... 21405.495065: system_heap_dma_buf_release <-dma_buf_release
      queue0:src-22959   [002] ..... 21405.513917: system_heap_do_allocate.constprop.0 <-system_uncached_heap_allocate
 mppjpegenc0:src-22966   [000] ..... 21405.527569: system_heap_dma_buf_release <-dma_buf_release
      queue0:src-22959   [002] ..... 21405.547151: system_heap_do_allocate.constprop.0 <-system_uncached_heap_allocate
 mppjpegenc0:src-22966   [000] ..... 21405.560889: system_heap_dma_buf_release <-dma_buf_release
      queue0:src-22959   [002] ..... 21405.580476: system_heap_do_allocate.constprop.0 <-system_uncached_heap_allocate
 mppjpegenc0:src-22966   [000] ..... 21405.594170: system_heap_dma_buf_release <-dma_buf_release
      queue0:src-22959   [002] ..... 21405.613760: system_heap_do_allocate.constprop.0 <-system_uncached_heap_allocate
 mppjpegenc0:src-22966   [000] ..... 21405.627582: system_heap_dma_buf_release <-dma_buf_release
      queue0:src-22959   [002] ..... 21405.647011: system_heap_do_allocate.constprop.0 <-system_uncached_heap_allocate
 mppjpegenc0:src-22966   [000] ..... 21405.660804: system_heap_dma_buf_release <-dma_buf_release
      queue0:src-22959   [002] ..... 21405.680319: system_heap_do_allocate.constprop.0 <-system_uncached_heap_allocate
 mppjpegenc0:src-22966   [000] ..... 21405.694056: system_heap_dma_buf_release <-dma_buf_release
      queue0:src-22959   [002] ..... 21405.713600: system_heap_do_allocate.constprop.0 <-system_uncached_heap_allocate
 mppjpegenc0:src-22966   [000] ..... 21405.727299: system_heap_dma_buf_release <-dma_buf_release
      queue0:src-22959   [002] ..... 21405.746876: system_heap_do_allocate.constprop.0 <-system_uncached_heap_allocate
 mppjpegenc0:src-22966   [000] ..... 21405.760577: system_heap_dma_buf_release <-dma_buf_release
      queue0:src-22959   [002] ..... 21405.780160: system_heap_do_allocate.constprop.0 <-system_uncached_heap_allocate
 mppjpegenc0:src-22966   [000] ..... 21405.793976: system_heap_dma_buf_release <-dma_buf_release
      queue0:src-22959   [002] ..... 21405.813437: system_heap_do_allocate.constprop.0 <-system_uncached_heap_allocate
 mppjpegenc0:src-22966   [000] ..... 21405.827217: system_heap_dma_buf_release <-dma_buf_release
      queue0:src-22959   [002] ..... 21405.846720: system_heap_do_allocate.constprop.0 <-system_uncached_heap_allocate
 mppjpegenc0:src-22966   [000] ..... 21405.860325: system_heap_dma_buf_release <-dma_buf_release
      queue0:src-22959   [002] ..... 21405.879999: system_heap_do_allocate.constprop.0 <-system_uncached_heap_allocate
 mppjpegenc0:src-22966   [000] ..... 21405.893825: system_heap_dma_buf_release <-dma_buf_release
      queue0:src-22959   [002] ..... 21405.913281: system_heap_do_allocate.constprop.0 <-system_uncached_heap_allocate
 mppjpegenc0:src-22966   [000] ..... 21405.926973: system_heap_dma_buf_release <-dma_buf_release
      queue0:src-22959   [002] ..... 21405.946553: system_heap_do_allocate.constprop.0 <-system_uncached_heap_allocate
 mppjpegenc0:src-22966   [000] ..... 21405.960213: system_heap_dma_buf_release <-dma_buf_release
      queue0:src-22959   [002] ..... 21405.979809: system_heap_do_allocate.constprop.0 <-system_uncached_heap_allocate
 mppjpegenc0:src-22966   [000] ..... 21405.993747: system_heap_dma_buf_release <-dma_buf_release
      queue0:src-22959   [002] ..... 21406.013119: system_heap_do_allocate.constprop.0 <-system_uncached_heap_allocate
 mppjpegenc0:src-22966   [000] ..... 21406.026827: system_heap_dma_buf_release <-dma_buf_release
      queue0:src-22959   [002] ..... 21406.046407: system_heap_do_allocate.constprop.0 <-system_uncached_heap_allocate
 mppjpegenc0:src-22966   [000] ..... 21406.060119: system_heap_dma_buf_release <-dma_buf_release
      queue0:src-22959   [002] ..... 21406.079657: system_heap_do_allocate.constprop.0 <-system_uncached_heap_allocate
 mppjpegenc0:src-22966   [000] ..... 21406.093382: system_heap_dma_buf_release <-dma_buf_release
      queue0:src-22959   [002] ..... 21406.113150: system_heap_do_allocate.constprop.0 <-system_uncached_heap_allocate
 mppjpegenc0:src-22966   [000] ..... 21406.127170: system_heap_dma_buf_release <-dma_buf_release
      queue0:src-22959   [002] ..... 21406.146240: system_heap_do_allocate.constprop.0 <-system_uncached_heap_allocate
 mppjpegenc0:src-22966   [000] ..... 21406.160014: system_heap_dma_buf_release <-dma_buf_release
      queue0:src-22959   [002] ..... 21406.179479: system_heap_do_allocate.constprop.0 <-system_uncached_heap_allocate
 mppjpegenc0:src-22966   [002] ..... 21406.193357: system_heap_dma_buf_release <-dma_buf_release
      queue0:src-22959   [002] ..... 21406.212797: system_heap_do_allocate.constprop.0 <-system_uncached_heap_allocate
 mppjpegenc0:src-22966   [000] ..... 21406.226505: system_heap_dma_buf_release <-dma_buf_release
      queue0:src-22959   [002] ..... 21406.246069: system_heap_do_allocate.constprop.0 <-system_uncached_heap_allocate
 mppjpegenc0:src-22966   [000] ..... 21406.259906: system_heap_dma_buf_release <-dma_buf_release
      queue0:src-22959   [002] ..... 21406.279312: system_heap_do_allocate.constprop.0 <-system_uncached_heap_allocate
 mppjpegenc0:src-22966   [000] ..... 21406.293101: system_heap_dma_buf_release <-dma_buf_release
      queue0:src-22959   [002] ..... 21406.312637: system_heap_do_allocate.constprop.0 <-system_uncached_heap_allocate
 mppjpegenc0:src-22966   [000] ..... 21406.326485: system_heap_dma_buf_release <-dma_buf_release
      queue0:src-22959   [002] ..... 21406.345910: system_heap_do_allocate.constprop.0 <-system_uncached_heap_allocate
 mppjpegenc0:src-22966   [000] ..... 21406.359569: system_heap_dma_buf_release <-dma_buf_release
      queue0:src-22959   [002] ..... 21406.379195: system_heap_do_allocate.constprop.0 <-system_uncached_heap_allocate
 mppjpegenc0:src-22966   [000] ..... 21406.393063: system_heap_dma_buf_release <-dma_buf_release
      queue0:src-22959   [002] ..... 21406.412483: system_heap_do_allocate.constprop.0 <-system_uncached_heap_allocate
 mppjpegenc0:src-22966   [000] ..... 21406.426263: system_heap_dma_buf_release <-dma_buf_release
      queue0:src-22959   [002] ..... 21406.445756: system_heap_do_allocate.constprop.0 <-system_uncached_heap_allocate
 mppjpegenc0:src-22966   [000] ..... 21406.459368: system_heap_dma_buf_release <-dma_buf_release
      queue0:src-22959   [002] ..... 21406.479032: system_heap_do_allocate.constprop.0 <-system_uncached_heap_allocate
 mppjpegenc0:src-22966   [000] ..... 21406.493255: system_heap_dma_buf_release <-dma_buf_release
      queue0:src-22959   [002] ..... 21406.512318: system_heap_do_allocate.constprop.0 <-system_uncached_heap_allocate
 mppjpegenc0:src-22966   [000] ..... 21406.526037: system_heap_dma_buf_release <-dma_buf_release
      queue0:src-22959   [002] ..... 21406.545591: system_heap_do_allocate.constprop.0 <-system_uncached_heap_allocate
 mppjpegenc0:src-22966   [000] ..... 21406.559558: system_heap_dma_buf_release <-dma_buf_release
      queue0:src-22959   [002] ..... 21406.578881: system_heap_do_allocate.constprop.0 <-system_uncached_heap_allocate
 mppjpegenc0:src-22966   [000] ..... 21406.592675: system_heap_dma_buf_release <-dma_buf_release
      queue0:src-22959   [002] ..... 21406.612165: system_heap_do_allocate.constprop.0 <-system_uncached_heap_allocate
 mppjpegenc0:src-22966   [000] ..... 21406.625918: system_heap_dma_buf_release <-dma_buf_release
      queue0:src-22959   [002] ..... 21406.645439: system_heap_do_allocate.constprop.0 <-system_uncached_heap_allocate
 mppjpegenc0:src-22966   [000] ..... 21406.659128: system_heap_dma_buf_release <-dma_buf_release
      queue0:src-22959   [002] ..... 21406.678713: system_heap_do_allocate.constprop.0 <-system_uncached_heap_allocate
 mppjpegenc0:src-22966   [000] ..... 21406.692414: system_heap_dma_buf_release <-dma_buf_release
      queue0:src-22959   [002] ..... 21406.712020: system_heap_do_allocate.constprop.0 <-system_uncached_heap_allocate
 mppjpegenc0:src-22966   [000] ..... 21406.725845: system_heap_dma_buf_release <-dma_buf_release
      queue0:src-22959   [002] ..... 21406.745278: system_heap_do_allocate.constprop.0 <-system_uncached_heap_allocate
 mppjpegenc0:src-22966   [000] ..... 21406.758998: system_heap_dma_buf_release <-dma_buf_release
      queue0:src-22959   [002] ..... 21406.778571: system_heap_do_allocate.constprop.0 <-system_uncached_heap_allocate
 mppjpegenc0:src-22966   [000] ..... 21406.792184: system_heap_dma_buf_release <-dma_buf_release
      queue0:src-22959   [002] ..... 21406.811817: system_heap_do_allocate.constprop.0 <-system_uncached_heap_allocate
 mppjpegenc0:src-22966   [000] ..... 21406.825697: system_heap_dma_buf_release <-dma_buf_release
      queue0:src-22959   [002] ..... 21406.845117: system_heap_do_allocate.constprop.0 <-system_uncached_heap_allocate
 mppjpegenc0:src-22966   [000] ..... 21406.859274: system_heap_dma_buf_release <-dma_buf_release
      queue0:src-22959   [002] ..... 21406.878397: system_heap_do_allocate.constprop.0 <-system_uncached_heap_allocate
 mppjpegenc0:src-22966   [000] ..... 21406.892304: system_heap_dma_buf_release <-dma_buf_release
      queue0:src-22959   [002] ..... 21406.911660: system_heap_do_allocate.constprop.0 <-system_uncached_heap_allocate
 mppjpegenc0:src-22966   [000] ..... 21406.925424: system_heap_dma_buf_release <-dma_buf_release
      queue0:src-22959   [002] ..... 21406.944957: system_heap_do_allocate.constprop.0 <-system_uncached_heap_allocate
 mppjpegenc0:src-22966   [000] ..... 21406.958780: system_heap_dma_buf_release <-dma_buf_release
      queue0:src-22959   [002] ..... 21406.978240: system_heap_do_allocate.constprop.0 <-system_uncached_heap_allocate
 mppjpegenc0:src-22966   [000] ..... 21406.991966: system_heap_dma_buf_release <-dma_buf_release
      queue0:src-22959   [002] ..... 21407.011461: system_heap_do_allocate.constprop.0 <-system_uncached_heap_allocate
 mppjpegenc0:src-22966   [000] ..... 21407.025170: system_heap_dma_buf_release <-dma_buf_release
      queue0:src-22959   [002] ..... 21407.044795: system_heap_do_allocate.constprop.0 <-system_uncached_heap_allocate
 mppjpegenc0:src-22966   [000] ..... 21407.058530: system_heap_dma_buf_release <-dma_buf_release
      queue0:src-22959   [002] ..... 21407.078072: system_heap_do_allocate.constprop.0 <-system_uncached_heap_allocate
 mppjpegenc0:src-22966   [002] ..... 21407.091694: system_heap_dma_buf_release <-dma_buf_release
      queue0:src-22959   [002] ..... 21407.111313: system_heap_do_allocate.constprop.0 <-system_uncached_heap_allocate
 mppjpegenc0:src-22966   [000] ..... 21407.125278: system_heap_dma_buf_release <-dma_buf_release
      queue0:src-22959   [002] ..... 21407.144641: system_heap_do_allocate.constprop.0 <-system_uncached_heap_allocate
 mppjpegenc0:src-22966   [001] ..... 21407.158394: system_heap_dma_buf_release <-dma_buf_release
      queue0:src-22959   [002] ..... 21407.177915: system_heap_do_allocate.constprop.0 <-system_uncached_heap_allocate
 mppjpegenc0:src-22966   [001] ..... 21407.191527: system_heap_dma_buf_release <-dma_buf_release
      queue0:src-22959   [002] ..... 21407.211133: system_heap_do_allocate.constprop.0 <-system_uncached_heap_allocate
 mppjpegenc0:src-22966   [001] ..... 21407.224903: system_heap_dma_buf_release <-dma_buf_release
      queue0:src-22959   [002] ..... 21407.244479: system_heap_do_allocate.constprop.0 <-system_uncached_heap_allocate
 mppjpegenc0:src-22966   [001] ..... 21407.258536: system_heap_dma_buf_release <-dma_buf_release
      queue0:src-22959   [002] ..... 21407.277762: system_heap_do_allocate.constprop.0 <-system_uncached_heap_allocate
 mppjpegenc0:src-22966   [001] ..... 21407.291464: system_heap_dma_buf_release <-dma_buf_release
      queue0:src-22959   [002] ..... 21407.311028: system_heap_do_allocate.constprop.0 <-system_uncached_heap_allocate
 mppjpegenc0:src-22966   [001] ..... 21407.324762: system_heap_dma_buf_release <-dma_buf_release
      queue0:src-22959   [002] ..... 21407.344319: system_heap_do_allocate.constprop.0 <-system_uncached_heap_allocate
 mppjpegenc0:src-22966   [001] ..... 21407.358081: system_heap_dma_buf_release <-dma_buf_release
      queue0:src-22959   [002] ..... 21407.377605: system_heap_do_allocate.constprop.0 <-system_uncached_heap_allocate
 mppjpegenc0:src-22966   [001] ..... 21407.391280: system_heap_dma_buf_release <-dma_buf_release
      queue0:src-22959   [002] ..... 21407.410874: system_heap_do_allocate.constprop.0 <-system_uncached_heap_allocate
 mppjpegenc0:src-22966   [001] ..... 21407.424592: system_heap_dma_buf_release <-dma_buf_release
      queue0:src-22959   [002] ..... 21407.444157: system_heap_do_allocate.constprop.0 <-system_uncached_heap_allocate
 mppjpegenc0:src-22966   [001] ..... 21407.457867: system_heap_dma_buf_release <-dma_buf_release
      queue0:src-22959   [002] ..... 21407.477435: system_heap_do_allocate.constprop.0 <-system_uncached_heap_allocate
 mppjpegenc0:src-22966   [001] ..... 21407.491243: system_heap_dma_buf_release <-dma_buf_release
      queue0:src-22959   [002] ..... 21407.510665: system_heap_do_allocate.constprop.0 <-system_uncached_heap_allocate
 mppjpegenc0:src-22966   [001] ..... 21407.524408: system_heap_dma_buf_release <-dma_buf_release
      queue0:src-22959   [002] ..... 21407.544003: system_heap_do_allocate.constprop.0 <-system_uncached_heap_allocate
 mppjpegenc0:src-22966   [001] ..... 21407.557752: system_heap_dma_buf_release <-dma_buf_release
      queue0:src-22959   [002] ..... 21407.577273: system_heap_do_allocate.constprop.0 <-system_uncached_heap_allocate
 mppjpegenc0:src-22966   [001] ..... 21407.591016: system_heap_dma_buf_release <-dma_buf_release
      queue0:src-22959   [002] ..... 21407.610504: system_heap_do_allocate.constprop.0 <-system_uncached_heap_allocate
 mppjpegenc0:src-22966   [001] ..... 21407.624298: system_heap_dma_buf_release <-dma_buf_release
      queue0:src-22959   [002] ..... 21407.643753: system_heap_do_allocate.constprop.0 <-system_uncached_heap_allocate
 mppjpegenc0:src-22966   [001] ..... 21407.657535: system_heap_dma_buf_release <-dma_buf_release
      queue0:src-22959   [002] ..... 21407.677113: system_heap_do_allocate.constprop.0 <-system_uncached_heap_allocate
 mppjpegenc0:src-22966   [001] ..... 21407.691289: system_heap_dma_buf_release <-dma_buf_release
      queue0:src-22959   [002] ..... 21407.710345: system_heap_do_allocate.constprop.0 <-system_uncached_heap_allocate
 mppjpegenc0:src-22966   [001] ..... 21407.724054: system_heap_dma_buf_release <-dma_buf_release
      queue0:src-22959   [002] ..... 21407.743658: system_heap_do_allocate.constprop.0 <-system_uncached_heap_allocate
 mppjpegenc0:src-22966   [001] ..... 21407.757491: system_heap_dma_buf_release <-dma_buf_release
      queue0:src-22959   [002] ..... 21407.776920: system_heap_do_allocate.constprop.0 <-system_uncached_heap_allocate
 mppjpegenc0:src-22966   [001] ..... 21407.790746: system_heap_dma_buf_release <-dma_buf_release
      queue0:src-22959   [002] ..... 21407.810197: system_heap_do_allocate.constprop.0 <-system_uncached_heap_allocate
 mppjpegenc0:src-22966   [001] ..... 21407.823926: system_heap_dma_buf_release <-dma_buf_release
      queue0:src-22959   [002] ..... 21407.843496: system_heap_do_allocate.constprop.0 <-system_uncached_heap_allocate
 mppjpegenc0:src-22966   [001] ..... 21407.857252: system_heap_dma_buf_release <-dma_buf_release
      queue0:src-22959   [002] ..... 21407.876753: system_heap_do_allocate.constprop.0 <-system_uncached_heap_allocate
 mppjpegenc0:src-22966   [001] ..... 21407.890614: system_heap_dma_buf_release <-dma_buf_release
      queue0:src-22959   [002] ..... 21407.910033: system_heap_do_allocate.constprop.0 <-system_uncached_heap_allocate
 mppjpegenc0:src-22966   [001] ..... 21407.923785: system_heap_dma_buf_release <-dma_buf_release
      queue0:src-22959   [002] ..... 21407.943310: system_heap_do_allocate.constprop.0 <-system_uncached_heap_allocate
 mppjpegenc0:src-22966   [001] ..... 21407.957150: system_heap_dma_buf_release <-dma_buf_release
      queue0:src-22959   [002] ..... 21407.976593: system_heap_do_allocate.constprop.0 <-system_uncached_heap_allocate
 mppjpegenc0:src-22966   [001] ..... 21407.990390: system_heap_dma_buf_release <-dma_buf_release
      queue0:src-22959   [002] ..... 21408.009873: system_heap_do_allocate.constprop.0 <-system_uncached_heap_allocate
 mppjpegenc0:src-22966   [001] ..... 21408.023489: system_heap_dma_buf_release <-dma_buf_release
      queue0:src-22959   [002] ..... 21408.043187: system_heap_do_allocate.constprop.0 <-system_uncached_heap_allocate
 mppjpegenc0:src-22966   [001] ..... 21408.056951: system_heap_dma_buf_release <-dma_buf_release
      queue0:src-22959   [002] ..... 21408.076441: system_heap_do_allocate.constprop.0 <-system_uncached_heap_allocate
 mppjpegenc0:src-22966   [001] ..... 21408.090168: system_heap_dma_buf_release <-dma_buf_release
      queue0:src-22959   [002] ..... 21408.109718: system_heap_do_allocate.constprop.0 <-system_uncached_heap_allocate
 mppjpegenc0:src-22966   [001] ..... 21408.123366: system_heap_dma_buf_release <-dma_buf_release
      queue0:src-22959   [002] ..... 21408.143074: system_heap_do_allocate.constprop.0 <-system_uncached_heap_allocate
 mppjpegenc0:src-22966   [001] ..... 21408.157175: system_heap_dma_buf_release <-dma_buf_release
      queue0:src-22959   [002] ..... 21408.176267: system_heap_do_allocate.constprop.0 <-system_uncached_heap_allocate
 mppjpegenc0:src-22966   [001] ..... 21408.190000: system_heap_dma_buf_release <-dma_buf_release
      queue0:src-22959   [002] ..... 21408.209503: system_heap_do_allocate.constprop.0 <-system_uncached_heap_allocate
 mppjpegenc0:src-22966   [001] ..... 21408.223111: system_heap_dma_buf_release <-dma_buf_release
      queue0:src-22959   [002] ..... 21408.242778: system_heap_do_allocate.constprop.0 <-system_uncached_heap_allocate
 mppjpegenc0:src-22966   [001] ..... 21408.256431: system_heap_dma_buf_release <-dma_buf_release
      queue0:src-22959   [002] ..... 21408.276108: system_heap_do_allocate.constprop.0 <-system_uncached_heap_allocate
 mppjpegenc0:src-22966   [001] ..... 21408.289853: system_heap_dma_buf_release <-dma_buf_release
      queue0:src-22959   [002] ..... 21408.309385: system_heap_do_allocate.constprop.0 <-system_uncached_heap_allocate
 mppjpegenc0:src-22966   [001] ..... 21408.323122: system_heap_dma_buf_release <-dma_buf_release
      queue0:src-22959   [002] ..... 21408.342665: system_heap_do_allocate.constprop.0 <-system_uncached_heap_allocate
 mppjpegenc0:src-22966   [001] ..... 21408.356331: system_heap_dma_buf_release <-dma_buf_release
      queue0:src-22959   [002] ..... 21408.375978: system_heap_do_allocate.constprop.0 <-system_uncached_heap_allocate
 mppjpegenc0:src-22966   [001] ..... 21408.390033: system_heap_dma_buf_release <-dma_buf_release
      queue0:src-22959   [002] ..... 21408.409225: system_heap_do_allocate.constprop.0 <-system_uncached_heap_allocate
 mppjpegenc0:src-22966   [001] ..... 21408.423101: system_heap_dma_buf_release <-dma_buf_release
      queue0:src-22959   [002] ..... 21408.442507: system_heap_do_allocate.constprop.0 <-system_uncached_heap_allocate
 mppjpegenc0:src-22966   [001] ..... 21408.456225: system_heap_dma_buf_release <-dma_buf_release
      queue0:src-22959   [002] ..... 21408.475791: system_heap_do_allocate.constprop.0 <-system_uncached_heap_allocate
 mppjpegenc0:src-22966   [001] ..... 21408.489525: system_heap_dma_buf_release <-dma_buf_release
      queue0:src-22959   [002] ..... 21408.509062: system_heap_do_allocate.constprop.0 <-system_uncached_heap_allocate
 mppjpegenc0:src-22966   [001] ..... 21408.522779: system_heap_dma_buf_release <-dma_buf_release
      queue0:src-22959   [002] ..... 21408.542341: system_heap_do_allocate.constprop.0 <-system_uncached_heap_allocate
 mppjpegenc0:src-22966   [001] ..... 21408.556146: system_heap_dma_buf_release <-dma_buf_release
      queue0:src-22959   [002] ..... 21408.575646: system_heap_do_allocate.constprop.0 <-system_uncached_heap_allocate
 mppjpegenc0:src-22966   [001] ..... 21408.589442: system_heap_dma_buf_release <-dma_buf_release
      queue0:src-22959   [002] ..... 21408.608905: system_heap_do_allocate.constprop.0 <-system_uncached_heap_allocate
 mppjpegenc0:src-22966   [001] ..... 21408.622622: system_heap_dma_buf_release <-dma_buf_release
      queue0:src-22959   [002] ..... 21408.642189: system_heap_do_allocate.constprop.0 <-system_uncached_heap_allocate
 mppjpegenc0:src-22966   [001] ..... 21408.656578: system_heap_dma_buf_release <-dma_buf_release
      queue0:src-22959   [002] ..... 21408.675446: system_heap_do_allocate.constprop.0 <-system_uncached_heap_allocate
 mppjpegenc0:src-22966   [001] ..... 21408.689260: system_heap_dma_buf_release <-dma_buf_release
      queue0:src-22959   [002] ..... 21408.708743: system_heap_do_allocate.constprop.0 <-system_uncached_heap_allocate
 mppjpegenc0:src-22966   [001] ..... 21408.722583: system_heap_dma_buf_release <-dma_buf_release
      queue0:src-22959   [002] ..... 21408.742026: system_heap_do_allocate.constprop.0 <-system_uncached_heap_allocate
 mppjpegenc0:src-22966   [002] ..... 21408.755697: system_heap_dma_buf_release <-dma_buf_release
      queue0:src-22959   [002] ..... 21408.775261: system_heap_do_allocate.constprop.0 <-system_uncached_heap_allocate
 mppjpegenc0:src-22966   [001] ..... 21408.789147: system_heap_dma_buf_release <-dma_buf_release
      queue0:src-22959   [002] ..... 21408.808582: system_heap_do_allocate.constprop.0 <-system_uncached_heap_allocate
 mppjpegenc0:src-22966   [001] ..... 21408.823119: system_heap_dma_buf_release <-dma_buf_release
      queue0:src-22959   [002] ..... 21408.841863: system_heap_do_allocate.constprop.0 <-system_uncached_heap_allocate
 mppjpegenc0:src-22966   [001] ..... 21408.855515: system_heap_dma_buf_release <-dma_buf_release
      queue0:src-22959   [002] ..... 21408.875147: system_heap_do_allocate.constprop.0 <-system_uncached_heap_allocate
 mppjpegenc0:src-22966   [001] ..... 21408.888923: system_heap_dma_buf_release <-dma_buf_release
      queue0:src-22959   [002] ..... 21408.908424: system_heap_do_allocate.constprop.0 <-system_uncached_heap_allocate
 mppjpegenc0:src-22966   [001] ..... 21408.922136: system_heap_dma_buf_release <-dma_buf_release
      queue0:src-22959   [002] ..... 21408.941704: system_heap_do_allocate.constprop.0 <-system_uncached_heap_allocate
 mppjpegenc0:src-22966   [001] ..... 21408.955395: system_heap_dma_buf_release <-dma_buf_release
      queue0:src-22959   [002] ..... 21408.974983: system_heap_do_allocate.constprop.0 <-system_uncached_heap_allocate
 mppjpegenc0:src-22966   [001] ..... 21408.988754: system_heap_dma_buf_release <-dma_buf_release
      queue0:src-22959   [002] ..... 21409.008292: system_heap_do_allocate.constprop.0 <-system_uncached_heap_allocate
 mppjpegenc0:src-22966   [001] ..... 21409.022062: system_heap_dma_buf_release <-dma_buf_release
      queue0:src-22959   [002] ..... 21409.041598: system_heap_do_allocate.constprop.0 <-system_uncached_heap_allocate
 mppjpegenc0:src-22966   [001] ..... 21409.055273: system_heap_dma_buf_release <-dma_buf_release
      queue0:src-22959   [002] ..... 21409.074875: system_heap_do_allocate.constprop.0 <-system_uncached_heap_allocate
 mppjpegenc0:src-22966   [001] ..... 21409.088599: system_heap_dma_buf_release <-dma_buf_release
      queue0:src-22959   [002] ..... 21409.108165: system_heap_do_allocate.constprop.0 <-system_uncached_heap_allocate
 mppjpegenc0:src-22966   [001] ..... 21409.121973: system_heap_dma_buf_release <-dma_buf_release
      queue0:src-22959   [002] ..... 21409.141443: system_heap_do_allocate.constprop.0 <-system_uncached_heap_allocate
 mppjpegenc0:src-22966   [001] ..... 21409.155132: system_heap_dma_buf_release <-dma_buf_release
      queue0:src-22959   [002] ..... 21409.174609: system_heap_do_allocate.constprop.0 <-system_uncached_heap_allocate
 mppjpegenc0:src-22966   [001] ..... 21409.188231: system_heap_dma_buf_release <-dma_buf_release
      queue0:src-22959   [002] ..... 21409.208019: system_heap_do_allocate.constprop.0 <-system_uncached_heap_allocate
 mppjpegenc0:src-22966   [001] ..... 21409.221869: system_heap_dma_buf_release <-dma_buf_release
      queue0:src-22959   [002] ..... 21409.241271: system_heap_do_allocate.constprop.0 <-system_uncached_heap_allocate
 mppjpegenc0:src-22966   [001] ..... 21409.255003: system_heap_dma_buf_release <-dma_buf_release
      queue0:src-22959   [002] ..... 21409.274556: system_heap_do_allocate.constprop.0 <-system_uncached_heap_allocate
 mppjpegenc0:src-22966   [001] ..... 21409.288256: system_heap_dma_buf_release <-dma_buf_release
      queue0:src-22959   [002] ..... 21409.307822: system_heap_do_allocate.constprop.0 <-system_uncached_heap_allocate
 mppjpegenc0:src-22966   [001] ..... 21409.321729: system_heap_dma_buf_release <-dma_buf_release
      queue0:src-22959   [002] ..... 21409.341125: system_heap_do_allocate.constprop.0 <-system_uncached_heap_allocate
 mppjpegenc0:src-22966   [003] ..... 21409.354902: system_heap_dma_buf_release <-dma_buf_release
      queue0:src-22959   [002] ..... 21409.374401: system_heap_do_allocate.constprop.0 <-system_uncached_heap_allocate
 mppjpegenc0:src-22966   [003] ..... 21409.388359: system_heap_dma_buf_release <-dma_buf_release
      queue0:src-22959   [002] ..... 21409.407692: system_heap_do_allocate.constprop.0 <-system_uncached_heap_allocate
 mppjpegenc0:src-22966   [003] ..... 21409.421441: system_heap_dma_buf_release <-dma_buf_release
      queue0:src-22959   [002] ..... 21409.440962: system_heap_do_allocate.constprop.0 <-system_uncached_heap_allocate
 mppjpegenc0:src-22966   [001] ..... 21409.454915: system_heap_dma_buf_release <-dma_buf_release
      queue0:src-22959   [002] ..... 21409.474239: system_heap_do_allocate.constprop.0 <-system_uncached_heap_allocate
 mppjpegenc0:src-22966   [001] ..... 21409.488043: system_heap_dma_buf_release <-dma_buf_release
      queue0:src-22959   [002] ..... 21409.507534: system_heap_do_allocate.constprop.0 <-system_uncached_heap_allocate
 mppjpegenc0:src-22966   [001] ..... 21409.521349: system_heap_dma_buf_release <-dma_buf_release
      queue0:src-22959   [002] ..... 21409.540794: system_heap_do_allocate.constprop.0 <-system_uncached_heap_allocate
 mppjpegenc0:src-22966   [000] ..... 21409.554525: system_heap_dma_buf_release <-dma_buf_release
      queue0:src-22959   [002] ..... 21409.574099: system_heap_do_allocate.constprop.0 <-system_uncached_heap_allocate
 mppjpegenc0:src-22966   [000] ..... 21409.587904: system_heap_dma_buf_release <-dma_buf_release
      queue0:src-22959   [002] ..... 21409.607271: system_heap_do_allocate.constprop.0 <-system_uncached_heap_allocate
 mppjpegenc0:src-22966   [000] ..... 21409.621077: system_heap_dma_buf_release <-dma_buf_release
      queue0:src-22959   [002] ..... 21409.640588: system_heap_do_allocate.constprop.0 <-system_uncached_heap_allocate
 mppjpegenc0:src-22966   [000] ..... 21409.654230: system_heap_dma_buf_release <-dma_buf_release
      queue0:src-22959   [002] ..... 21409.673922: system_heap_do_allocate.constprop.0 <-system_uncached_heap_allocate
 mppjpegenc0:src-22966   [000] ..... 21409.687583: system_heap_dma_buf_release <-dma_buf_release
      queue0:src-22959   [002] ..... 21409.707148: system_heap_do_allocate.constprop.0 <-system_uncached_heap_allocate
 mppjpegenc0:src-22966   [000] ..... 21409.720955: system_heap_dma_buf_release <-dma_buf_release
      queue0:src-22959   [002] ..... 21409.740481: system_heap_do_allocate.constprop.0 <-system_uncached_heap_allocate
 mppjpegenc0:src-22966   [000] ..... 21409.754285: system_heap_dma_buf_release <-dma_buf_release
      queue0:src-22959   [002] ..... 21409.773756: system_heap_do_allocate.constprop.0 <-system_uncached_heap_allocate
 mppjpegenc0:src-22966   [000] ..... 21409.787523: system_heap_dma_buf_release <-dma_buf_release
      queue0:src-22959   [002] ..... 21409.806962: system_heap_do_allocate.constprop.0 <-system_uncached_heap_allocate
 mppjpegenc0:src-22966   [000] ..... 21409.820661: system_heap_dma_buf_release <-dma_buf_release
      queue0:src-22959   [002] ..... 21409.840322: system_heap_do_allocate.constprop.0 <-system_uncached_heap_allocate
 mppjpegenc0:src-22966   [000] ..... 21409.854065: system_heap_dma_buf_release <-dma_buf_release
      queue0:src-22959   [002] ..... 21409.873597: system_heap_do_allocate.constprop.0 <-system_uncached_heap_allocate
 mppjpegenc0:src-22966   [000] ..... 21409.887171: system_heap_dma_buf_release <-dma_buf_release
      queue0:src-22959   [002] ..... 21409.906875: system_heap_do_allocate.constprop.0 <-system_uncached_heap_allocate
 mppjpegenc0:src-22966   [000] ..... 21409.920666: system_heap_dma_buf_release <-dma_buf_release
      queue0:src-22959   [002] ..... 21409.940158: system_heap_do_allocate.constprop.0 <-system_uncached_heap_allocate
 mppjpegenc0:src-22966   [000] ..... 21409.954454: system_heap_dma_buf_release <-dma_buf_release
      queue0:src-22959   [002] ..... 21409.973435: system_heap_do_allocate.constprop.0 <-system_uncached_heap_allocate
 mppjpegenc0:src-22966   [001] ..... 21409.987112: system_heap_dma_buf_release <-dma_buf_release
      queue0:src-22959   [002] ..... 21410.006707: system_heap_do_allocate.constprop.0 <-system_uncached_heap_allocate
 mppjpegenc0:src-22966   [001] ..... 21410.020384: system_heap_dma_buf_release <-dma_buf_release
      queue0:src-22959   [002] ..... 21410.040011: system_heap_do_allocate.constprop.0 <-system_uncached_heap_allocate
 mppjpegenc0:src-22966   [001] ..... 21410.053823: system_heap_dma_buf_release <-dma_buf_release
      queue0:src-22959   [002] ..... 21410.073284: system_heap_do_allocate.constprop.0 <-system_uncached_heap_allocate
 mppjpegenc0:src-22966   [001] ..... 21410.087044: system_heap_dma_buf_release <-dma_buf_release
      queue0:src-22959   [002] ..... 21410.106560: system_heap_do_allocate.constprop.0 <-system_uncached_heap_allocate
 mppjpegenc0:src-22966   [001] ..... 21410.120226: system_heap_dma_buf_release <-dma_buf_release
      queue0:src-22959   [002] ..... 21410.139841: system_heap_do_allocate.constprop.0 <-system_uncached_heap_allocate
 mppjpegenc0:src-22966   [001] ..... 21410.153631: system_heap_dma_buf_release <-dma_buf_release
      queue0:src-22959   [002] ..... 21410.173066: system_heap_do_allocate.constprop.0 <-system_uncached_heap_allocate
 mppjpegenc0:src-22966   [001] ..... 21410.187541: system_heap_dma_buf_release <-dma_buf_release
      queue0:src-22959   [002] ..... 21410.206391: system_heap_do_allocate.constprop.0 <-system_uncached_heap_allocate
 mppjpegenc0:src-22966   [000] ..... 21410.220282: system_heap_dma_buf_release <-dma_buf_release
      queue0:src-22959   [002] ..... 21410.239642: system_heap_do_allocate.constprop.0 <-system_uncached_heap_allocate
 mppjpegenc0:src-22966   [000] ..... 21410.253385: system_heap_dma_buf_release <-dma_buf_release
      queue0:src-22959   [002] ..... 21410.272950: system_heap_do_allocate.constprop.0 <-system_uncached_heap_allocate
 mppjpegenc0:src-22966   [000] ..... 21410.286718: system_heap_dma_buf_release <-dma_buf_release
      queue0:src-22959   [002] ..... 21410.306232: system_heap_do_allocate.constprop.0 <-system_uncached_heap_allocate
 mppjpegenc0:src-22966   [000] ..... 21410.321002: system_heap_dma_buf_release <-dma_buf_release
      queue0:src-22959   [002] ..... 21410.339443: system_heap_do_allocate.constprop.0 <-system_uncached_heap_allocate
 mppjpegenc0:src-22966   [000] ..... 21410.353194: system_heap_dma_buf_release <-dma_buf_release
      queue0:src-22959   [002] ..... 21410.372793: system_heap_do_allocate.constprop.0 <-system_uncached_heap_allocate
 mppjpegenc0:src-22966   [000] ..... 21410.386462: system_heap_dma_buf_release <-dma_buf_release
      queue0:src-22959   [002] ..... 21410.406074: system_heap_do_allocate.constprop.0 <-system_uncached_heap_allocate
 mppjpegenc0:src-22966   [000] ..... 21410.419746: system_heap_dma_buf_release <-dma_buf_release
      queue0:src-22959   [002] ..... 21410.439270: system_heap_do_allocate.constprop.0 <-system_uncached_heap_allocate
 mppjpegenc0:src-22966   [000] ..... 21410.453070: system_heap_dma_buf_release <-dma_buf_release
      queue0:src-22959   [002] ..... 21410.472629: system_heap_do_allocate.constprop.0 <-system_uncached_heap_allocate
 mppjpegenc0:src-22966   [000] ..... 21410.486438: system_heap_dma_buf_release <-dma_buf_release
      queue0:src-22959   [002] ..... 21410.505914: system_heap_do_allocate.constprop.0 <-system_uncached_heap_allocate
 mppjpegenc0:src-22966   [000] ..... 21410.519786: system_heap_dma_buf_release <-dma_buf_release
      queue0:src-22959   [002] ..... 21410.539109: system_heap_do_allocate.constprop.0 <-system_uncached_heap_allocate
 mppjpegenc0:src-22966   [000] ..... 21410.553337: system_heap_dma_buf_release <-dma_buf_release
      queue0:src-22959   [002] ..... 21410.572467: system_heap_do_allocate.constprop.0 <-system_uncached_heap_allocate
 mppjpegenc0:src-22966   [000] ..... 21410.587084: system_heap_dma_buf_release <-dma_buf_release
      queue0:src-22959   [002] ..... 21410.605750: system_heap_do_allocate.constprop.0 <-system_uncached_heap_allocate
 mppjpegenc0:src-22966   [000] ..... 21410.619367: system_heap_dma_buf_release <-dma_buf_release
      queue0:src-22959   [002] ..... 21410.638949: system_heap_do_allocate.constprop.0 <-system_uncached_heap_allocate
 mppjpegenc0:src-22966   [000] ..... 21410.652745: system_heap_dma_buf_release <-dma_buf_release
      queue0:src-22959   [002] ..... 21410.672312: system_heap_do_allocate.constprop.0 <-system_uncached_heap_allocate
 mppjpegenc0:src-22966   [000] ..... 21410.686219: system_heap_dma_buf_release <-dma_buf_release
      queue0:src-22959   [002] ..... 21410.705596: system_heap_do_allocate.constprop.0 <-system_uncached_heap_allocate
 mppjpegenc0:src-22966   [000] ..... 21410.719314: system_heap_dma_buf_release <-dma_buf_release
      queue0:src-22959   [002] ..... 21410.738796: system_heap_do_allocate.constprop.0 <-system_uncached_heap_allocate
 mppjpegenc0:src-22966   [000] ..... 21410.752839: system_heap_dma_buf_release <-dma_buf_release
      queue0:src-22959   [002] ..... 21410.772156: system_heap_do_allocate.constprop.0 <-system_uncached_heap_allocate
 mppjpegenc0:src-22966   [000] ..... 21410.785863: system_heap_dma_buf_release <-dma_buf_release
      queue0:src-22959   [002] ..... 21410.805427: system_heap_do_allocate.constprop.0 <-system_uncached_heap_allocate
 mppjpegenc0:src-22966   [000] ..... 21410.819185: system_heap_dma_buf_release <-dma_buf_release
      queue0:src-22959   [002] ..... 21410.838708: system_heap_do_allocate.constprop.0 <-system_uncached_heap_allocate
 mppjpegenc0:src-22966   [000] ..... 21410.852476: system_heap_dma_buf_release <-dma_buf_release
      queue0:src-22959   [002] ..... 21410.872000: system_heap_do_allocate.constprop.0 <-system_uncached_heap_allocate
 mppjpegenc0:src-22966   [000] ..... 21410.885801: system_heap_dma_buf_release <-dma_buf_release
      queue0:src-22959   [002] ..... 21410.905283: system_heap_do_allocate.constprop.0 <-system_uncached_heap_allocate
 mppjpegenc0:src-22966   [000] ..... 21410.918971: system_heap_dma_buf_release <-dma_buf_release
      queue0:src-22959   [002] ..... 21410.938505: system_heap_do_allocate.constprop.0 <-system_uncached_heap_allocate
 mppjpegenc0:src-22966   [000] ..... 21410.952264: system_heap_dma_buf_release <-dma_buf_release
      queue0:src-22959   [002] ..... 21410.971837: system_heap_do_allocate.constprop.0 <-system_uncached_heap_allocate
 mppjpegenc0:src-22966   [000] ..... 21410.985609: system_heap_dma_buf_release <-dma_buf_release
      queue0:src-22959   [002] ..... 21411.005116: system_heap_do_allocate.constprop.0 <-system_uncached_heap_allocate
 mppjpegenc0:src-22966   [000] ..... 21411.018938: system_heap_dma_buf_release <-dma_buf_release
      queue0:src-22959   [002] ..... 21411.038414: system_heap_do_allocate.constprop.0 <-system_uncached_heap_allocate
 mppjpegenc0:src-22966   [000] ..... 21411.052149: system_heap_dma_buf_release <-dma_buf_release
      queue0:src-22959   [002] ..... 21411.071667: system_heap_do_allocate.constprop.0 <-system_uncached_heap_allocate
 mppjpegenc0:src-22966   [000] ..... 21411.085482: system_heap_dma_buf_release <-dma_buf_release
      queue0:src-22959   [002] ..... 21411.104951: system_heap_do_allocate.constprop.0 <-system_uncached_heap_allocate
 mppjpegenc0:src-22966   [000] ..... 21411.118777: system_heap_dma_buf_release <-dma_buf_release
      queue0:src-22959   [002] ..... 21411.138230: system_heap_do_allocate.constprop.0 <-system_uncached_heap_allocate
 mppjpegenc0:src-22966   [000] ..... 21411.152068: system_heap_dma_buf_release <-dma_buf_release
      queue0:src-22959   [002] ..... 21411.171460: system_heap_do_allocate.constprop.0 <-system_uncached_heap_allocate
 mppjpegenc0:src-22966   [000] ..... 21411.185195: system_heap_dma_buf_release <-dma_buf_release
      queue0:src-22959   [002] ..... 21411.204818: system_heap_do_allocate.constprop.0 <-system_uncached_heap_allocate
 mppjpegenc0:src-22966   [000] ..... 21411.218854: system_heap_dma_buf_release <-dma_buf_release
      queue0:src-22959   [002] ..... 21411.238023: system_heap_do_allocate.constprop.0 <-system_uncached_heap_allocate
 mppjpegenc0:src-22966   [000] ..... 21411.251825: system_heap_dma_buf_release <-dma_buf_release
      queue0:src-22959   [002] ..... 21411.271273: system_heap_do_allocate.constprop.0 <-system_uncached_heap_allocate
 mppjpegenc0:src-22966   [000] ..... 21411.285049: system_heap_dma_buf_release <-dma_buf_release
      queue0:src-22959   [002] ..... 21411.304588: system_heap_do_allocate.constprop.0 <-system_uncached_heap_allocate
 mppjpegenc0:src-22966   [000] ..... 21411.318297: system_heap_dma_buf_release <-dma_buf_release
      queue0:src-22959   [002] ..... 21411.337885: system_heap_do_allocate.constprop.0 <-system_uncached_heap_allocate
 mppjpegenc0:src-22966   [000] ..... 21411.351491: system_heap_dma_buf_release <-dma_buf_release
      queue0:src-22959   [002] ..... 21411.371110: system_heap_do_allocate.constprop.0 <-system_uncached_heap_allocate
 mppjpegenc0:src-22966   [000] ..... 21411.384956: system_heap_dma_buf_release <-dma_buf_release
      queue0:src-22959   [002] ..... 21411.404419: system_heap_do_allocate.constprop.0 <-system_uncached_heap_allocate
 mppjpegenc0:src-22966   [000] ..... 21411.418132: system_heap_dma_buf_release <-dma_buf_release
      queue0:src-22959   [002] ..... 21411.437708: system_heap_do_allocate.constprop.0 <-system_uncached_heap_allocate
 mppjpegenc0:src-22966   [000] ..... 21411.451971: system_heap_dma_buf_release <-dma_buf_release
      queue0:src-22959   [002] ..... 21411.470964: system_heap_do_allocate.constprop.0 <-system_uncached_heap_allocate
 mppjpegenc0:src-22966   [000] ..... 21411.484740: system_heap_dma_buf_release <-dma_buf_release
      queue0:src-22959   [002] ..... 21411.504267: system_heap_do_allocate.constprop.0 <-system_uncached_heap_allocate
 mppjpegenc0:src-22966   [000] ..... 21411.518090: system_heap_dma_buf_release <-dma_buf_release
      queue0:src-22959   [002] ..... 21411.537543: system_heap_do_allocate.constprop.0 <-system_uncached_heap_allocate
 mppjpegenc0:src-22966   [000] ..... 21411.551373: system_heap_dma_buf_release <-dma_buf_release
      queue0:src-22959   [002] ..... 21411.570823: system_heap_do_allocate.constprop.0 <-system_uncached_heap_allocate
 mppjpegenc0:src-22966   [000] ..... 21411.584574: system_heap_dma_buf_release <-dma_buf_release
      queue0:src-22959   [002] ..... 21411.604210: system_heap_do_allocate.constprop.0 <-system_uncached_heap_allocate
 mppjpegenc0:src-22966   [000] ..... 21411.618437: system_heap_dma_buf_release <-dma_buf_release
      queue0:src-22959   [002] ..... 21411.637396: system_heap_do_allocate.constprop.0 <-system_uncached_heap_allocate
 mppjpegenc0:src-22966   [000] ..... 21411.651120: system_heap_dma_buf_release <-dma_buf_release
      queue0:src-22959   [002] ..... 21411.670662: system_heap_do_allocate.constprop.0 <-system_uncached_heap_allocate
 mppjpegenc0:src-22966   [000] ..... 21411.684325: system_heap_dma_buf_release <-dma_buf_release
      queue0:src-22959   [002] ..... 21411.704046: system_heap_do_allocate.constprop.0 <-system_uncached_heap_allocate
 mppjpegenc0:src-22966   [000] ..... 21411.718428: system_heap_dma_buf_release <-dma_buf_release
      queue0:src-22959   [002] ..... 21411.737236: system_heap_do_allocate.constprop.0 <-system_uncached_heap_allocate
 mppjpegenc0:src-22966   [000] ..... 21411.751080: system_heap_dma_buf_release <-dma_buf_release
      queue0:src-22959   [002] ..... 21411.770515: system_heap_do_allocate.constprop.0 <-system_uncached_heap_allocate
 mppjpegenc0:src-22966   [000] ..... 21411.784248: system_heap_dma_buf_release <-dma_buf_release
      queue0:src-22959   [002] ..... 21411.803805: system_heap_do_allocate.constprop.0 <-system_uncached_heap_allocate
 mppjpegenc0:src-22966   [000] ..... 21411.817632: system_heap_dma_buf_release <-dma_buf_release
      queue0:src-22959   [002] ..... 21411.837074: system_heap_do_allocate.constprop.0 <-system_uncached_heap_allocate
 mppjpegenc0:src-22966   [000] ..... 21411.850785: system_heap_dma_buf_release <-dma_buf_release
      queue0:src-22959   [002] ..... 21411.870343: system_heap_do_allocate.constprop.0 <-system_uncached_heap_allocate
 mppjpegenc0:src-22966   [000] ..... 21411.884114: system_heap_dma_buf_release <-dma_buf_release
      queue0:src-22959   [002] ..... 21411.903699: system_heap_do_allocate.constprop.0 <-system_uncached_heap_allocate
 mppjpegenc0:src-22966   [000] ..... 21411.917515: system_heap_dma_buf_release <-dma_buf_release
      queue0:src-22959   [002] ..... 21411.936906: system_heap_do_allocate.constprop.0 <-system_uncached_heap_allocate
 mppjpegenc0:src-22966   [000] ..... 21411.950669: system_heap_dma_buf_release <-dma_buf_release
      queue0:src-22959   [002] ..... 21411.970235: system_heap_do_allocate.constprop.0 <-system_uncached_heap_allocate
 mppjpegenc0:src-22966   [000] ..... 21411.983917: system_heap_dma_buf_release <-dma_buf_release
      queue0:src-22959   [002] ..... 21412.003502: system_heap_do_allocate.constprop.0 <-system_uncached_heap_allocate
 mppjpegenc0:src-22966   [000] ..... 21412.017287: system_heap_dma_buf_release <-dma_buf_release
      queue0:src-22959   [002] ..... 21412.036796: system_heap_do_allocate.constprop.0 <-system_uncached_heap_allocate
 mppjpegenc0:src-22966   [000] ..... 21412.050646: system_heap_dma_buf_release <-dma_buf_release
      queue0:src-22959   [002] ..... 21412.070070: system_heap_do_allocate.constprop.0 <-system_uncached_heap_allocate
 mppjpegenc0:src-22966   [000] ..... 21412.083810: system_heap_dma_buf_release <-dma_buf_release
      queue0:src-22959   [002] ..... 21412.103290: system_heap_do_allocate.constprop.0 <-system_uncached_heap_allocate
 mppjpegenc0:src-22966   [000] ..... 21412.117104: system_heap_dma_buf_release <-dma_buf_release
      queue0:src-22959   [002] ..... 21412.136585: system_heap_do_allocate.constprop.0 <-system_uncached_heap_allocate
 mppjpegenc0:src-22966   [000] ..... 21412.150463: system_heap_dma_buf_release <-dma_buf_release
      queue0:src-22959   [002] ..... 21412.169876: system_heap_do_allocate.constprop.0 <-system_uncached_heap_allocate
 mppjpegenc0:src-22966   [000] ..... 21412.183950: system_heap_dma_buf_release <-dma_buf_release
      queue0:src-22959   [002] ..... 21412.203111: system_heap_do_allocate.constprop.0 <-system_uncached_heap_allocate
 mppjpegenc0:src-22966   [002] ..... 21412.217270: system_heap_dma_buf_release <-dma_buf_release
      queue0:src-22959   [002] ..... 21412.236428: system_heap_do_allocate.constprop.0 <-system_uncached_heap_allocate
 mppjpegenc0:src-22966   [000] ..... 21412.250076: system_heap_dma_buf_release <-dma_buf_release
      queue0:src-22959   [002] ..... 21412.269713: system_heap_do_allocate.constprop.0 <-system_uncached_heap_allocate
 mppjpegenc0:src-22966   [000] ..... 21412.284151: system_heap_dma_buf_release <-dma_buf_release
      queue0:src-22959   [002] ..... 21412.302948: system_heap_do_allocate.constprop.0 <-system_uncached_heap_allocate
 mppjpegenc0:src-22966   [000] ..... 21412.316762: system_heap_dma_buf_release <-dma_buf_release
      queue0:src-22959   [002] ..... 21412.336229: system_heap_do_allocate.constprop.0 <-system_uncached_heap_allocate
 mppjpegenc0:src-22966   [000] ..... 21412.350002: system_heap_dma_buf_release <-dma_buf_release
      queue0:src-22959   [002] ..... 21412.369543: system_heap_do_allocate.constprop.0 <-system_uncached_heap_allocate
 mppjpegenc0:src-22966   [000] ..... 21412.383305: system_heap_dma_buf_release <-dma_buf_release
      queue0:src-22959   [002] ..... 21412.402823: system_heap_do_allocate.constprop.0 <-system_uncached_heap_allocate
 mppjpegenc0:src-22966   [000] ..... 21412.416952: system_heap_dma_buf_release <-dma_buf_release
      queue0:src-22959   [002] ..... 21412.436129: system_heap_do_allocate.constprop.0 <-system_uncached_heap_allocate
 mppjpegenc0:src-22966   [000] ..... 21412.450412: system_heap_dma_buf_release <-dma_buf_release
      queue0:src-22959   [002] ..... 21412.469384: system_heap_do_allocate.constprop.0 <-system_uncached_heap_allocate
 mppjpegenc0:src-22966   [000] ..... 21412.483079: system_heap_dma_buf_release <-dma_buf_release
      queue0:src-22959   [002] ..... 21412.502661: system_heap_do_allocate.constprop.0 <-system_uncached_heap_allocate
 mppjpegenc0:src-22966   [000] ..... 21412.516299: system_heap_dma_buf_release <-dma_buf_release
      queue0:src-22959   [002] ..... 21412.536045: system_heap_do_allocate.constprop.0 <-system_uncached_heap_allocate
 mppjpegenc0:src-22966   [000] ..... 21412.550491: system_heap_dma_buf_release <-dma_buf_release
      queue0:src-22959   [002] ..... 21412.569234: system_heap_do_allocate.constprop.0 <-system_uncached_heap_allocate
 mppjpegenc0:src-22966   [000] ..... 21412.583605: system_heap_dma_buf_release <-dma_buf_release
      queue0:src-22959   [002] ..... 21412.602509: system_heap_do_allocate.constprop.0 <-system_uncached_heap_allocate
 mppjpegenc0:src-22966   [000] ..... 21412.616091: system_heap_dma_buf_release <-dma_buf_release
      queue0:src-22959   [002] ..... 21412.635816: system_heap_do_allocate.constprop.0 <-system_uncached_heap_allocate
 mppjpegenc0:src-22966   [000] ..... 21412.649626: system_heap_dma_buf_release <-dma_buf_release
      queue0:src-22959   [002] ..... 21412.669066: system_heap_do_allocate.constprop.0 <-system_uncached_heap_allocate
 mppjpegenc0:src-22966   [000] ..... 21412.682796: system_heap_dma_buf_release <-dma_buf_release
      queue0:src-22959   [002] ..... 21412.702348: system_heap_do_allocate.constprop.0 <-system_uncached_heap_allocate
 mppjpegenc0:src-22966   [000] ..... 21412.717112: system_heap_dma_buf_release <-dma_buf_release
      queue0:src-22959   [002] ..... 21412.735635: system_heap_do_allocate.constprop.0 <-system_uncached_heap_allocate
 mppjpegenc0:src-22966   [000] ..... 21412.749368: system_heap_dma_buf_release <-dma_buf_release
      queue0:src-22959   [002] ..... 21412.768908: system_heap_do_allocate.constprop.0 <-system_uncached_heap_allocate
 mppjpegenc0:src-22966   [000] ..... 21412.782676: system_heap_dma_buf_release <-dma_buf_release
      queue0:src-22959   [002] ..... 21412.802187: system_heap_do_allocate.constprop.0 <-system_uncached_heap_allocate
 mppjpegenc0:src-22966   [000] ..... 21412.815911: system_heap_dma_buf_release <-dma_buf_release
      queue0:src-22959   [002] ..... 21412.835447: system_heap_do_allocate.constprop.0 <-system_uncached_heap_allocate
 mppjpegenc0:src-22966   [000] ..... 21412.849283: system_heap_dma_buf_release <-dma_buf_release
      queue0:src-22959   [002] ..... 21412.868744: system_heap_do_allocate.constprop.0 <-system_uncached_heap_allocate
 mppjpegenc0:src-22966   [000] ..... 21412.882480: system_heap_dma_buf_release <-dma_buf_release
      queue0:src-22959   [002] ..... 21412.902026: system_heap_do_allocate.constprop.0 <-system_uncached_heap_allocate
 mppjpegenc0:src-22966   [000] ..... 21412.915816: system_heap_dma_buf_release <-dma_buf_release
      queue0:src-22959   [002] ..... 21412.935265: system_heap_do_allocate.constprop.0 <-system_uncached_heap_allocate
 mppjpegenc0:src-22966   [000] ..... 21412.949095: system_heap_dma_buf_release <-dma_buf_release
      queue0:src-22959   [002] ..... 21412.968583: system_heap_do_allocate.constprop.0 <-system_uncached_heap_allocate
 mppjpegenc0:src-22966   [000] ..... 21412.983127: system_heap_dma_buf_release <-dma_buf_release
      queue0:src-22959   [002] ..... 21413.001863: system_heap_do_allocate.constprop.0 <-system_uncached_heap_allocate
 mppjpegenc0:src-22966   [000] ..... 21413.015405: system_heap_dma_buf_release <-dma_buf_release
      queue0:src-22959   [002] ..... 21413.035097: system_heap_do_allocate.constprop.0 <-system_uncached_heap_allocate
 mppjpegenc0:src-22966   [000] ..... 21413.048841: system_heap_dma_buf_release <-dma_buf_release
      queue0:src-22959   [002] ..... 21413.068425: system_heap_do_allocate.constprop.0 <-system_uncached_heap_allocate
 mppjpegenc0:src-22966   [000] ..... 21413.082179: system_heap_dma_buf_release <-dma_buf_release
      queue0:src-22959   [002] ..... 21413.101714: system_heap_do_allocate.constprop.0 <-system_uncached_heap_allocate
 mppjpegenc0:src-22966   [000] ..... 21413.115392: system_heap_dma_buf_release <-dma_buf_release
      queue0:src-22959   [002] ..... 21413.134946: system_heap_do_allocate.constprop.0 <-system_uncached_heap_allocate
 mppjpegenc0:src-22966   [000] ..... 21413.149364: system_heap_dma_buf_release <-dma_buf_release
      queue0:src-22959   [002] ..... 21413.168271: system_heap_do_allocate.constprop.0 <-system_uncached_heap_allocate
 mppjpegenc0:src-22966   [000] ..... 21413.182881: system_heap_dma_buf_release <-dma_buf_release
      queue0:src-22959   [002] ..... 21413.201556: system_heap_do_allocate.constprop.0 <-system_uncached_heap_allocate
 mppjpegenc0:src-22966   [000] ..... 21413.215258: system_heap_dma_buf_release <-dma_buf_release
      queue0:src-22959   [002] ..... 21413.234859: system_heap_do_allocate.constprop.0 <-system_uncached_heap_allocate
 mppjpegenc0:src-22966   [000] ..... 21413.248777: system_heap_dma_buf_release <-dma_buf_release
      queue0:src-22959   [000] ..... 21413.268175: system_heap_do_allocate.constprop.0 <-system_uncached_heap_allocate
 mppjpegenc0:src-22966   [002] ..... 21413.281914: system_heap_dma_buf_release <-dma_buf_release
      queue0:src-22959   [000] ..... 21413.301429: system_heap_do_allocate.constprop.0 <-system_uncached_heap_allocate
 mppjpegenc0:src-22966   [002] ..... 21413.315107: system_heap_dma_buf_release <-dma_buf_release
      queue0:src-22959   [000] ..... 21413.334661: system_heap_do_allocate.constprop.0 <-system_uncached_heap_allocate
 mppjpegenc0:src-22966   [003] ..... 21413.348410: system_heap_dma_buf_release <-dma_buf_release
      queue0:src-22959   [001] ..... 21413.367999: system_heap_do_allocate.constprop.0 <-system_uncached_heap_allocate
 mppjpegenc0:src-22966   [003] ..... 21413.381784: system_heap_dma_buf_release <-dma_buf_release
      queue0:src-22959   [001] ..... 21413.401266: system_heap_do_allocate.constprop.0 <-system_uncached_heap_allocate
 mppjpegenc0:src-22966   [003] ..... 21413.414652: system_heap_dma_buf_release <-dma_buf_release
      queue0:src-22959   [001] ..... 21413.434478: system_heap_do_allocate.constprop.0 <-system_uncached_heap_allocate
 mppjpegenc0:src-22966   [003] ..... 21413.448005: system_heap_dma_buf_release <-dma_buf_release
      queue0:src-22959   [001] ..... 21413.467799: system_heap_do_allocate.constprop.0 <-system_uncached_heap_allocate
 mppjpegenc0:src-22966   [003] ..... 21413.481506: system_heap_dma_buf_release <-dma_buf_release
      queue0:src-22959   [001] ..... 21413.501106: system_heap_do_allocate.constprop.0 <-system_uncached_heap_allocate
 mppjpegenc0:src-22966   [003] ..... 21413.514603: system_heap_dma_buf_release <-dma_buf_release
      queue0:src-22959   [001] ..... 21413.534309: system_heap_do_allocate.constprop.0 <-system_uncached_heap_allocate
 mppjpegenc0:src-22966   [003] ..... 21413.547807: system_heap_dma_buf_release <-dma_buf_release
      queue0:src-22959   [001] ..... 21413.567646: system_heap_do_allocate.constprop.0 <-system_uncached_heap_allocate
 mppjpegenc0:src-22966   [003] ..... 21413.581707: system_heap_dma_buf_release <-dma_buf_release
      queue0:src-22959   [001] ..... 21413.600942: system_heap_do_allocate.constprop.0 <-system_uncached_heap_allocate
 mppjpegenc0:src-22966   [003] ..... 21413.614426: system_heap_dma_buf_release <-dma_buf_release
      queue0:src-22959   [001] ..... 21413.634180: system_heap_do_allocate.constprop.0 <-system_uncached_heap_allocate
 mppjpegenc0:src-22966   [003] ..... 21413.647881: system_heap_dma_buf_release <-dma_buf_release
      queue0:src-22959   [001] ..... 21413.667462: system_heap_do_allocate.constprop.0 <-system_uncached_heap_allocate
 mppjpegenc0:src-22966   [003] ..... 21413.681133: system_heap_dma_buf_release <-dma_buf_release
      queue0:src-22959   [001] ..... 21413.700779: system_heap_do_allocate.constprop.0 <-system_uncached_heap_allocate
 mppjpegenc0:src-22966   [003] ..... 21413.714252: system_heap_dma_buf_release <-dma_buf_release
      queue0:src-22959   [001] ..... 21413.734021: system_heap_do_allocate.constprop.0 <-system_uncached_heap_allocate
 mppjpegenc0:src-22966   [003] ..... 21413.747527: system_heap_dma_buf_release <-dma_buf_release
      queue0:src-22959   [001] ..... 21413.767259: system_heap_do_allocate.constprop.0 <-system_uncached_heap_allocate
 mppjpegenc0:src-22966   [003] ..... 21413.780942: system_heap_dma_buf_release <-dma_buf_release
      queue0:src-22959   [001] ..... 21413.800623: system_heap_do_allocate.constprop.0 <-system_uncached_heap_allocate
 mppjpegenc0:src-22966   [003] ..... 21413.814503: system_heap_dma_buf_release <-dma_buf_release
      queue0:src-22959   [001] ..... 21413.833902: system_heap_do_allocate.constprop.0 <-system_uncached_heap_allocate
 mppjpegenc0:src-22966   [003] ..... 21413.847374: system_heap_dma_buf_release <-dma_buf_release
      queue0:src-22959   [001] ..... 21413.867109: system_heap_do_allocate.constprop.0 <-system_uncached_heap_allocate
 mppjpegenc0:src-22966   [003] ..... 21413.880747: system_heap_dma_buf_release <-dma_buf_release
      queue0:src-22959   [001] ..... 21413.900467: system_heap_do_allocate.constprop.0 <-system_uncached_heap_allocate
 mppjpegenc0:src-22966   [003] ..... 21413.914044: system_heap_dma_buf_release <-dma_buf_release
      queue0:src-22959   [001] ..... 21413.933743: system_heap_do_allocate.constprop.0 <-system_uncached_heap_allocate
 mppjpegenc0:src-22966   [003] ..... 21413.947161: system_heap_dma_buf_release <-dma_buf_release
      queue0:src-22959   [001] ..... 21413.966938: system_heap_do_allocate.constprop.0 <-system_uncached_heap_allocate
 mppjpegenc0:src-22966   [003] ..... 21413.980511: system_heap_dma_buf_release <-dma_buf_release
      queue0:src-22959   [001] ..... 21414.000310: system_heap_do_allocate.constprop.0 <-system_uncached_heap_allocate
 mppjpegenc0:src-22966   [003] ..... 21414.014471: system_heap_dma_buf_release <-dma_buf_release
      queue0:src-22959   [001] ..... 21414.033581: system_heap_do_allocate.constprop.0 <-system_uncached_heap_allocate
 mppjpegenc0:src-22966   [003] ..... 21414.047117: system_heap_dma_buf_release <-dma_buf_release
      queue0:src-22959   [001] ..... 21414.066796: system_heap_do_allocate.constprop.0 <-system_uncached_heap_allocate
 mppjpegenc0:src-22966   [003] ..... 21414.080341: system_heap_dma_buf_release <-dma_buf_release
      queue0:src-22959   [001] ..... 21414.100155: system_heap_do_allocate.constprop.0 <-system_uncached_heap_allocate
 mppjpegenc0:src-22966   [003] ..... 21414.113768: system_heap_dma_buf_release <-dma_buf_release
      queue0:src-22959   [001] ..... 21414.133430: system_heap_do_allocate.constprop.0 <-system_uncached_heap_allocate
 mppjpegenc0:src-22966   [003] ..... 21414.146947: system_heap_dma_buf_release <-dma_buf_release
      queue0:src-22959   [001] ..... 21414.166613: system_heap_do_allocate.constprop.0 <-system_uncached_heap_allocate
 mppjpegenc0:src-22966   [003] ..... 21414.180242: system_heap_dma_buf_release <-dma_buf_release
      queue0:src-22959   [001] ..... 21414.199984: system_heap_do_allocate.constprop.0 <-system_uncached_heap_allocate
 mppjpegenc0:src-22966   [003] ..... 21414.213554: system_heap_dma_buf_release <-dma_buf_release
      queue0:src-22959   [001] ..... 21414.234094: system_heap_do_allocate.constprop.0 <-system_uncached_heap_allocate
 mppjpegenc0:src-22966   [003] ..... 21414.248941: system_heap_dma_buf_release <-dma_buf_release
      queue0:src-22959   [001] ..... 21414.266487: system_heap_do_allocate.constprop.0 <-system_uncached_heap_allocate
 mppjpegenc0:src-22966   [003] ..... 21414.280035: system_heap_dma_buf_release <-dma_buf_release
      queue0:src-22959   [001] ..... 21414.299848: system_heap_do_allocate.constprop.0 <-system_uncached_heap_allocate
 mppjpegenc0:src-22966   [003] ..... 21414.313444: system_heap_dma_buf_release <-dma_buf_release
      queue0:src-22959   [001] ..... 21414.333106: system_heap_do_allocate.constprop.0 <-system_uncached_heap_allocate
 mppjpegenc0:src-22966   [003] ..... 21414.346582: system_heap_dma_buf_release <-dma_buf_release
      queue0:src-22959   [001] ..... 21414.366374: system_heap_do_allocate.constprop.0 <-system_uncached_heap_allocate
 mppjpegenc0:src-22966   [003] ..... 21414.379940: system_heap_dma_buf_release <-dma_buf_release
      queue0:src-22959   [001] ..... 21414.399634: system_heap_do_allocate.constprop.0 <-system_uncached_heap_allocate
 mppjpegenc0:src-22966   [003] ..... 21414.413230: system_heap_dma_buf_release <-dma_buf_release
      queue0:src-22959   [001] ..... 21414.432940: system_heap_do_allocate.constprop.0 <-system_uncached_heap_allocate
 mppjpegenc0:src-22966   [003] ..... 21414.446544: system_heap_dma_buf_release <-dma_buf_release
      queue0:src-22959   [001] ..... 21414.466222: system_heap_do_allocate.constprop.0 <-system_uncached_heap_allocate
 mppjpegenc0:src-22966   [003] ..... 21414.479721: system_heap_dma_buf_release <-dma_buf_release
      queue0:src-22959   [001] ..... 21414.499419: system_heap_do_allocate.constprop.0 <-system_uncached_heap_allocate
 mppjpegenc0:src-22966   [003] ..... 21414.512962: system_heap_dma_buf_release <-dma_buf_release
      queue0:src-22959   [001] ..... 21414.532781: system_heap_do_allocate.constprop.0 <-system_uncached_heap_allocate
 mppjpegenc0:src-22966   [003] ..... 21414.546439: system_heap_dma_buf_release <-dma_buf_release
      queue0:src-22959   [001] ..... 21414.566059: system_heap_do_allocate.constprop.0 <-system_uncached_heap_allocate
 mppjpegenc0:src-22966   [003] ..... 21414.579505: system_heap_dma_buf_release <-dma_buf_release
      queue0:src-22959   [001] ..... 21414.599271: system_heap_do_allocate.constprop.0 <-system_uncached_heap_allocate
 mppjpegenc0:src-22966   [003] ..... 21414.612922: system_heap_dma_buf_release <-dma_buf_release
      queue0:src-22959   [001] ..... 21414.632625: system_heap_do_allocate.constprop.0 <-system_uncached_heap_allocate
 mppjpegenc0:src-22966   [003] ..... 21414.646188: system_heap_dma_buf_release <-dma_buf_release
      queue0:src-22959   [001] ..... 21414.665901: system_heap_do_allocate.constprop.0 <-system_uncached_heap_allocate
 mppjpegenc0:src-22966   [003] ..... 21414.679396: system_heap_dma_buf_release <-dma_buf_release
      queue0:src-22959   [001] ..... 21414.699119: system_heap_do_allocate.constprop.0 <-system_uncached_heap_allocate
 mppjpegenc0:src-22966   [003] ..... 21414.712764: system_heap_dma_buf_release <-dma_buf_release
      queue0:src-22959   [001] ..... 21414.732460: system_heap_do_allocate.constprop.0 <-system_uncached_heap_allocate
 mppjpegenc0:src-22966   [003] ..... 21414.745963: system_heap_dma_buf_release <-dma_buf_release
      queue0:src-22959   [001] ..... 21414.765739: system_heap_do_allocate.constprop.0 <-system_uncached_heap_allocate
 mppjpegenc0:src-22966   [003] ..... 21414.779145: system_heap_dma_buf_release <-dma_buf_release
      queue0:src-22959   [001] ..... 21414.798957: system_heap_do_allocate.constprop.0 <-system_uncached_heap_allocate
 mppjpegenc0:src-22966   [003] ..... 21414.812535: system_heap_dma_buf_release <-dma_buf_release
      queue0:src-22959   [001] ..... 21414.832305: system_heap_do_allocate.constprop.0 <-system_uncached_heap_allocate
 mppjpegenc0:src-22966   [003] ..... 21414.846559: system_heap_dma_buf_release <-dma_buf_release
      queue0:src-22959   [001] ..... 21414.865586: system_heap_do_allocate.constprop.0 <-system_uncached_heap_allocate
 mppjpegenc0:src-22966   [003] ..... 21414.879048: system_heap_dma_buf_release <-dma_buf_release
      queue0:src-22959   [001] ..... 21414.898795: system_heap_do_allocate.constprop.0 <-system_uncached_heap_allocate
 mppjpegenc0:src-22966   [003] ..... 21414.912298: system_heap_dma_buf_release <-dma_buf_release
      queue0:src-22959   [001] ..... 21414.932151: system_heap_do_allocate.constprop.0 <-system_uncached_heap_allocate
 mppjpegenc0:src-22966   [003] ..... 21414.945803: system_heap_dma_buf_release <-dma_buf_release
      queue0:src-22959   [001] ..... 21414.965421: system_heap_do_allocate.constprop.0 <-system_uncached_heap_allocate
 mppjpegenc0:src-22966   [003] ..... 21414.978962: system_heap_dma_buf_release <-dma_buf_release
      queue0:src-22959   [001] ..... 21414.998638: system_heap_do_allocate.constprop.0 <-system_uncached_heap_allocate
 mppjpegenc0:src-22966   [003] ..... 21415.012169: system_heap_dma_buf_release <-dma_buf_release
      queue0:src-22959   [001] ..... 21415.031993: system_heap_do_allocate.constprop.0 <-system_uncached_heap_allocate
 mppjpegenc0:src-22966   [003] ..... 21415.045797: system_heap_dma_buf_release <-dma_buf_release
      queue0:src-22959   [001] ..... 21415.065260: system_heap_do_allocate.constprop.0 <-system_uncached_heap_allocate
 mppjpegenc0:src-22966   [003] ..... 21415.078868: system_heap_dma_buf_release <-dma_buf_release
      queue0:src-22959   [001] ..... 21415.098458: system_heap_do_allocate.constprop.0 <-system_uncached_heap_allocate
 mppjpegenc0:src-22966   [003] ..... 21415.112094: system_heap_dma_buf_release <-dma_buf_release
      queue0:src-22959   [001] ..... 21415.131832: system_heap_do_allocate.constprop.0 <-system_uncached_heap_allocate
 mppjpegenc0:src-22966   [003] ..... 21415.145419: system_heap_dma_buf_release <-dma_buf_release
      queue0:src-22959   [001] ..... 21415.165098: system_heap_do_allocate.constprop.0 <-system_uncached_heap_allocate
 mppjpegenc0:src-22966   [003] ..... 21415.178602: system_heap_dma_buf_release <-dma_buf_release
      queue0:src-22959   [001] ..... 21415.198341: system_heap_do_allocate.constprop.0 <-system_uncached_heap_allocate
 mppjpegenc0:src-22966   [003] ..... 21415.211935: system_heap_dma_buf_release <-dma_buf_release
      queue0:src-22959   [001] ..... 21415.231655: system_heap_do_allocate.constprop.0 <-system_uncached_heap_allocate
 mppjpegenc0:src-22966   [003] ..... 21415.245417: system_heap_dma_buf_release <-dma_buf_release
      queue0:src-22959   [003] ..... 21415.264970: system_heap_do_allocate.constprop.0 <-system_uncached_heap_allocate
 mppjpegenc0:src-22966   [000] ..... 21415.279941: system_heap_dma_buf_release <-dma_buf_release
      queue0:src-22959   [000] ..... 21415.298185: system_heap_do_allocate.constprop.0 <-system_uncached_heap_allocate
 mppjpegenc0:src-22966   [000] ..... 21415.311662: system_heap_dma_buf_release <-dma_buf_release
      queue0:src-22959   [000] ..... 21415.331373: system_heap_do_allocate.constprop.0 <-system_uncached_heap_allocate
 mppjpegenc0:src-22966   [000] ..... 21415.345030: system_heap_dma_buf_release <-dma_buf_release
      queue0:src-22959   [000] ..... 21415.364741: system_heap_do_allocate.constprop.0 <-system_uncached_heap_allocate
 mppjpegenc0:src-22966   [000] ..... 21415.378373: system_heap_dma_buf_release <-dma_buf_release
      queue0:src-22959   [000] ..... 21415.398025: system_heap_do_allocate.constprop.0 <-system_uncached_heap_allocate
 mppjpegenc0:src-22966   [000] ..... 21415.411497: system_heap_dma_buf_release <-dma_buf_release
      queue0:src-22959   [000] ..... 21415.431212: system_heap_do_allocate.constprop.0 <-system_uncached_heap_allocate
 mppjpegenc0:src-22966   [000] ..... 21415.444834: system_heap_dma_buf_release <-dma_buf_release
      queue0:src-22959   [000] ..... 21415.464580: system_heap_do_allocate.constprop.0 <-system_uncached_heap_allocate
 mppjpegenc0:src-22966   [000] ..... 21415.478210: system_heap_dma_buf_release <-dma_buf_release
      queue0:src-22959   [000] ..... 21415.497869: system_heap_do_allocate.constprop.0 <-system_uncached_heap_allocate
 mppjpegenc0:src-22966   [000] ..... 21415.511502: system_heap_dma_buf_release <-dma_buf_release
      queue0:src-22959   [000] ..... 21415.531054: system_heap_do_allocate.constprop.0 <-system_uncached_heap_allocate
 mppjpegenc0:src-22966   [000] ..... 21415.544503: system_heap_dma_buf_release <-dma_buf_release
      queue0:src-22959   [000] ..... 21415.564416: system_heap_do_allocate.constprop.0 <-system_uncached_heap_allocate
 mppjpegenc0:src-22966   [000] ..... 21415.578014: system_heap_dma_buf_release <-dma_buf_release
      queue0:src-22959   [000] ..... 21415.597725: system_heap_do_allocate.constprop.0 <-system_uncached_heap_allocate
 mppjpegenc0:src-22966   [000] ..... 21415.611354: system_heap_dma_buf_release <-dma_buf_release
      queue0:src-22959   [000] ..... 21415.630894: system_heap_do_allocate.constprop.0 <-system_uncached_heap_allocate
 mppjpegenc0:src-22966   [000] ..... 21415.644498: system_heap_dma_buf_release <-dma_buf_release
      queue0:src-22959   [000] ..... 21415.664259: system_heap_do_allocate.constprop.0 <-system_uncached_heap_allocate
 mppjpegenc0:src-22966   [000] ..... 21415.677836: system_heap_dma_buf_release <-dma_buf_release
      queue0:src-22959   [000] ..... 21415.697544: system_heap_do_allocate.constprop.0 <-system_uncached_heap_allocate
 mppjpegenc0:src-22966   [000] ..... 21415.711112: system_heap_dma_buf_release <-dma_buf_release
      queue0:src-22959   [000] ..... 21415.730734: system_heap_do_allocate.constprop.0 <-system_uncached_heap_allocate
 mppjpegenc0:src-22966   [000] ..... 21415.744430: system_heap_dma_buf_release <-dma_buf_release
      queue0:src-22959   [000] ..... 21415.764105: system_heap_do_allocate.constprop.0 <-system_uncached_heap_allocate
 mppjpegenc0:src-22966   [000] ..... 21415.777770: system_heap_dma_buf_release <-dma_buf_release
      queue0:src-22959   [000] ..... 21415.797394: system_heap_do_allocate.constprop.0 <-system_uncached_heap_allocate
 mppjpegenc0:src-22966   [000] ..... 21415.810931: system_heap_dma_buf_release <-dma_buf_release
      queue0:src-22959   [000] ..... 21415.830571: system_heap_do_allocate.constprop.0 <-system_uncached_heap_allocate
 mppjpegenc0:src-22966   [000] ..... 21415.844187: system_heap_dma_buf_release <-dma_buf_release
      queue0:src-22959   [000] ..... 21415.863951: system_heap_do_allocate.constprop.0 <-system_uncached_heap_allocate
 mppjpegenc0:src-22966   [000] ..... 21415.877875: system_heap_dma_buf_release <-dma_buf_release
      queue0:src-22959   [000] ..... 21415.897225: system_heap_do_allocate.constprop.0 <-system_uncached_heap_allocate
 mppjpegenc0:src-22966   [000] ..... 21415.910836: system_heap_dma_buf_release <-dma_buf_release
      queue0:src-22959   [000] ..... 21415.930460: system_heap_do_allocate.constprop.0 <-system_uncached_heap_allocate
 mppjpegenc0:src-22966   [000] ..... 21415.944090: system_heap_dma_buf_release <-dma_buf_release
      queue0:src-22959   [000] ..... 21415.963754: system_heap_do_allocate.constprop.0 <-system_uncached_heap_allocate
 mppjpegenc0:src-22966   [000] ..... 21415.977351: system_heap_dma_buf_release <-dma_buf_release
      queue0:src-22959   [000] ..... 21415.997069: system_heap_do_allocate.constprop.0 <-system_uncached_heap_allocate
 mppjpegenc0:src-22966   [000] ..... 21416.010738: system_heap_dma_buf_release <-dma_buf_release
      queue0:src-22959   [000] ..... 21416.030338: system_heap_do_allocate.constprop.0 <-system_uncached_heap_allocate
 mppjpegenc0:src-22966   [000] ..... 21416.044075: system_heap_dma_buf_release <-dma_buf_release
      queue0:src-22959   [000] ..... 21416.063576: system_heap_do_allocate.constprop.0 <-system_uncached_heap_allocate
 mppjpegenc0:src-22966   [000] ..... 21416.077201: system_heap_dma_buf_release <-dma_buf_release
      queue0:src-22959   [000] ..... 21416.096898: system_heap_do_allocate.constprop.0 <-system_uncached_heap_allocate
 mppjpegenc0:src-22966   [000] ..... 21416.110500: system_heap_dma_buf_release <-dma_buf_release
      queue0:src-22959   [000] ..... 21416.130181: system_heap_do_allocate.constprop.0 <-system_uncached_heap_allocate
 mppjpegenc0:src-22966   [000] ..... 21416.143927: system_heap_dma_buf_release <-dma_buf_release
      queue0:src-22959   [000] ..... 21416.163365: system_heap_do_allocate.constprop.0 <-system_uncached_heap_allocate
 mppjpegenc0:src-22966   [000] ..... 21416.177104: system_heap_dma_buf_release <-dma_buf_release
      queue0:src-22959   [000] ..... 21416.196748: system_heap_do_allocate.constprop.0 <-system_uncached_heap_allocate
 mppjpegenc0:src-22966   [000] ..... 21416.210345: system_heap_dma_buf_release <-dma_buf_release
      queue0:src-22959   [000] ..... 21416.230022: system_heap_do_allocate.constprop.0 <-system_uncached_heap_allocate
 mppjpegenc0:src-22966   [000] ..... 21416.243877: system_heap_dma_buf_release <-dma_buf_release
      queue0:src-22959   [000] ..... 21416.263209: system_heap_do_allocate.constprop.0 <-system_uncached_heap_allocate
 mppjpegenc0:src-22966   [000] ..... 21416.276819: system_heap_dma_buf_release <-dma_buf_release
      queue0:src-22959   [000] ..... 21416.296519: system_heap_do_allocate.constprop.0 <-system_uncached_heap_allocate
 mppjpegenc0:src-22966   [000] ..... 21416.310415: system_heap_dma_buf_release <-dma_buf_release
      queue0:src-22959   [000] ..... 21416.329861: system_heap_do_allocate.constprop.0 <-system_uncached_heap_allocate
 mppjpegenc0:src-22966   [000] ..... 21416.343693: system_heap_dma_buf_release <-dma_buf_release
      queue0:src-22959   [000] ..... 21416.363095: system_heap_do_allocate.constprop.0 <-system_uncached_heap_allocate
 mppjpegenc0:src-22966   [000] ..... 21416.376593: system_heap_dma_buf_release <-dma_buf_release
      queue0:src-22959   [000] ..... 21416.396420: system_heap_do_allocate.constprop.0 <-system_uncached_heap_allocate
 mppjpegenc0:src-22966   [000] ..... 21416.409941: system_heap_dma_buf_release <-dma_buf_release
      queue0:src-22959   [000] ..... 21416.429704: system_heap_do_allocate.constprop.0 <-system_uncached_heap_allocate
 mppjpegenc0:src-22966   [000] ..... 21416.443302: system_heap_dma_buf_release <-dma_buf_release
      queue0:src-22959   [000] ..... 21416.462893: system_heap_do_allocate.constprop.0 <-system_uncached_heap_allocate
 mppjpegenc0:src-22966   [000] ..... 21416.476403: system_heap_dma_buf_release <-dma_buf_release
      queue0:src-22959   [000] ..... 21416.496265: system_heap_do_allocate.constprop.0 <-system_uncached_heap_allocate
 mppjpegenc0:src-22966   [000] ..... 21416.509754: system_heap_dma_buf_release <-dma_buf_release
      queue0:src-22959   [000] ..... 21416.529540: system_heap_do_allocate.constprop.0 <-system_uncached_heap_allocate
 mppjpegenc0:src-22966   [000] ..... 21416.543051: system_heap_dma_buf_release <-dma_buf_release
      queue0:src-22959   [000] ..... 21416.562751: system_heap_do_allocate.constprop.0 <-system_uncached_heap_allocate
 mppjpegenc0:src-22966   [000] ..... 21416.576538: system_heap_dma_buf_release <-dma_buf_release
      queue0:src-22959   [000] ..... 21416.596113: system_heap_do_allocate.constprop.0 <-system_uncached_heap_allocate
 mppjpegenc0:src-22966   [000] ..... 21416.609590: system_heap_dma_buf_release <-dma_buf_release
      queue0:src-22959   [000] ..... 21416.629386: system_heap_do_allocate.constprop.0 <-system_uncached_heap_allocate
 mppjpegenc0:src-22966   [000] ..... 21416.642889: system_heap_dma_buf_release <-dma_buf_release
      queue0:src-22959   [000] ..... 21416.662574: system_heap_do_allocate.constprop.0 <-system_uncached_heap_allocate
 mppjpegenc0:src-22966   [000] ..... 21416.676155: system_heap_dma_buf_release <-dma_buf_release
      queue0:src-22959   [000] ..... 21416.695950: system_heap_do_allocate.constprop.0 <-system_uncached_heap_allocate
 mppjpegenc0:src-22966   [000] ..... 21416.709571: system_heap_dma_buf_release <-dma_buf_release
      queue0:src-22959   [000] ..... 21416.729227: system_heap_do_allocate.constprop.0 <-system_uncached_heap_allocate
 mppjpegenc0:src-22966   [000] ..... 21416.742733: system_heap_dma_buf_release <-dma_buf_release
      queue0:src-22959   [000] ..... 21416.762417: system_heap_do_allocate.constprop.0 <-system_uncached_heap_allocate
 mppjpegenc0:src-22966   [000] ..... 21416.776075: system_heap_dma_buf_release <-dma_buf_release
      queue0:src-22959   [000] ..... 21416.795749: system_heap_do_allocate.constprop.0 <-system_uncached_heap_allocate
 mppjpegenc0:src-22966   [000] ..... 21416.809307: system_heap_dma_buf_release <-dma_buf_release
      queue0:src-22959   [000] ..... 21416.829064: system_heap_do_allocate.constprop.0 <-system_uncached_heap_allocate
 mppjpegenc0:src-22966   [000] ..... 21416.842707: system_heap_dma_buf_release <-dma_buf_release
      queue0:src-22959   [000] ..... 21416.862344: system_heap_do_allocate.constprop.0 <-system_uncached_heap_allocate
 mppjpegenc0:src-22966   [000] ..... 21416.876110: system_heap_dma_buf_release <-dma_buf_release
      queue0:src-22959   [000] ..... 21416.895598: system_heap_do_allocate.constprop.0 <-system_uncached_heap_allocate
 mppjpegenc0:src-22966   [000] ..... 21416.909137: system_heap_dma_buf_release <-dma_buf_release
      queue0:src-22959   [000] ..... 21416.928897: system_heap_do_allocate.constprop.0 <-system_uncached_heap_allocate
 mppjpegenc0:src-22966   [000] ..... 21416.942612: system_heap_dma_buf_release <-dma_buf_release
      queue0:src-22959   [000] ..... 21416.962182: system_heap_do_allocate.constprop.0 <-system_uncached_heap_allocate
 mppjpegenc0:src-22966   [000] ..... 21416.975975: system_heap_dma_buf_release <-dma_buf_release
      queue0:src-22959   [000] ..... 21416.995373: system_heap_do_allocate.constprop.0 <-system_uncached_heap_allocate
 mppjpegenc0:src-22966   [000] ..... 21417.008896: system_heap_dma_buf_release <-dma_buf_release
      queue0:src-22959   [000] ..... 21417.028769: system_heap_do_allocate.constprop.0 <-system_uncached_heap_allocate
 mppjpegenc0:src-22966   [000] ..... 21417.042356: system_heap_dma_buf_release <-dma_buf_release
      queue0:src-22959   [000] ..... 21417.062024: system_heap_do_allocate.constprop.0 <-system_uncached_heap_allocate
 mppjpegenc0:src-22966   [000] ..... 21417.075657: system_heap_dma_buf_release <-dma_buf_release
      queue0:src-22959   [000] ..... 21417.095213: system_heap_do_allocate.constprop.0 <-system_uncached_heap_allocate
 mppjpegenc0:src-22966   [000] ..... 21417.108842: system_heap_dma_buf_release <-dma_buf_release
      queue0:src-22959   [000] ..... 21417.128584: system_heap_do_allocate.constprop.0 <-system_uncached_heap_allocate
 mppjpegenc0:src-22966   [000] ..... 21417.142135: system_heap_dma_buf_release <-dma_buf_release
      queue0:src-22959   [000] ..... 21417.161866: system_heap_do_allocate.constprop.0 <-system_uncached_heap_allocate
 mppjpegenc0:src-22966   [000] ..... 21417.175923: system_heap_dma_buf_release <-dma_buf_release
      queue0:src-22959   [000] ..... 21417.195051: system_heap_do_allocate.constprop.0 <-system_uncached_heap_allocate
 mppjpegenc0:src-22966   [000] ..... 21417.208657: system_heap_dma_buf_release <-dma_buf_release
      queue0:src-22959   [000] ..... 21417.228419: system_heap_do_allocate.constprop.0 <-system_uncached_heap_allocate
 mppjpegenc0:src-22966   [000] ..... 21417.241943: system_heap_dma_buf_release <-dma_buf_release
      queue0:src-22959   [000] ..... 21417.261708: system_heap_do_allocate.constprop.0 <-system_uncached_heap_allocate
 mppjpegenc0:src-22966   [000] ..... 21417.275234: system_heap_dma_buf_release <-dma_buf_release
      queue0:src-22959   [000] ..... 21417.294895: system_heap_do_allocate.constprop.0 <-system_uncached_heap_allocate
 mppjpegenc0:src-22966   [000] ..... 21417.308855: system_heap_dma_buf_release <-dma_buf_release
      queue0:src-22959   [000] ..... 21417.328271: system_heap_do_allocate.constprop.0 <-system_uncached_heap_allocate
 mppjpegenc0:src-22966   [000] ..... 21417.341862: system_heap_dma_buf_release <-dma_buf_release
      queue0:src-22959   [000] ..... 21417.361511: system_heap_do_allocate.constprop.0 <-system_uncached_heap_allocate
 mppjpegenc0:src-22966   [000] ..... 21417.375504: system_heap_dma_buf_release <-dma_buf_release
      queue0:src-22959   [000] ..... 21417.394735: system_heap_do_allocate.constprop.0 <-system_uncached_heap_allocate
 mppjpegenc0:src-22966   [000] ..... 21417.408260: system_heap_dma_buf_release <-dma_buf_release
      queue0:src-22959   [000] ..... 21417.428110: system_heap_do_allocate.constprop.0 <-system_uncached_heap_allocate
 mppjpegenc0:src-22966   [000] ..... 21417.441691: system_heap_dma_buf_release <-dma_buf_release
      queue0:src-22959   [000] ..... 21417.461390: system_heap_do_allocate.constprop.0 <-system_uncached_heap_allocate
 mppjpegenc0:src-22966   [000] ..... 21417.474930: system_heap_dma_buf_release <-dma_buf_release
      queue0:src-22959   [000] ..... 21417.494575: system_heap_do_allocate.constprop.0 <-system_uncached_heap_allocate
 mppjpegenc0:src-22966   [000] ..... 21417.508171: system_heap_dma_buf_release <-dma_buf_release
      queue0:src-22959   [000] ..... 21417.527952: system_heap_do_allocate.constprop.0 <-system_uncached_heap_allocate
 mppjpegenc0:src-22966   [000] ..... 21417.541538: system_heap_dma_buf_release <-dma_buf_release
      queue0:src-22959   [000] ..... 21417.561224: system_heap_do_allocate.constprop.0 <-system_uncached_heap_allocate
 mppjpegenc0:src-22966   [000] ..... 21417.575081: system_heap_dma_buf_release <-dma_buf_release
      queue0:src-22959   [000] ..... 21417.594459: system_heap_do_allocate.constprop.0 <-system_uncached_heap_allocate
 mppjpegenc0:src-22966   [000] ..... 21417.608290: system_heap_dma_buf_release <-dma_buf_release
      queue0:src-22959   [000] ..... 21417.627743: system_heap_do_allocate.constprop.0 <-system_uncached_heap_allocate
 mppjpegenc0:src-22966   [000] ..... 21417.641539: system_heap_dma_buf_release <-dma_buf_release
      queue0:src-22959   [000] ..... 21417.661064: system_heap_do_allocate.constprop.0 <-system_uncached_heap_allocate
 mppjpegenc0:src-22966   [000] ..... 21417.674610: system_heap_dma_buf_release <-dma_buf_release
      queue0:src-22959   [000] ..... 21417.694342: system_heap_do_allocate.constprop.0 <-system_uncached_heap_allocate
 mppjpegenc0:src-22966   [000] ..... 21417.707934: system_heap_dma_buf_release <-dma_buf_release
      queue0:src-22959   [000] ..... 21417.727551: system_heap_do_allocate.constprop.0 <-system_uncached_heap_allocate
 mppjpegenc0:src-22966   [000] ..... 21417.741145: system_heap_dma_buf_release <-dma_buf_release
      queue0:src-22959   [000] ..... 21417.760898: system_heap_do_allocate.constprop.0 <-system_uncached_heap_allocate
 mppjpegenc0:src-22966   [000] ..... 21417.774719: system_heap_dma_buf_release <-dma_buf_release
      queue0:src-22959   [000] ..... 21417.794187: system_heap_do_allocate.constprop.0 <-system_uncached_heap_allocate
 mppjpegenc0:src-22966   [000] ..... 21417.807729: system_heap_dma_buf_release <-dma_buf_release
      queue0:src-22959   [000] ..... 21417.827373: system_heap_do_allocate.constprop.0 <-system_uncached_heap_allocate
 mppjpegenc0:src-22966   [000] ..... 21417.840850: system_heap_dma_buf_release <-dma_buf_release
      queue0:src-22959   [000] ..... 21417.860738: system_heap_do_allocate.constprop.0 <-system_uncached_heap_allocate
 mppjpegenc0:src-22966   [000] ..... 21417.874542: system_heap_dma_buf_release <-dma_buf_release
      queue0:src-22959   [000] ..... 21417.894025: system_heap_do_allocate.constprop.0 <-system_uncached_heap_allocate
 mppjpegenc0:src-22966   [000] ..... 21417.907606: system_heap_dma_buf_release <-dma_buf_release
      queue0:src-22959   [000] ..... 21417.927214: system_heap_do_allocate.constprop.0 <-system_uncached_heap_allocate
 mppjpegenc0:src-22966   [000] ..... 21417.940758: system_heap_dma_buf_release <-dma_buf_release
      queue0:src-22959   [000] ..... 21417.960606: system_heap_do_allocate.constprop.0 <-system_uncached_heap_allocate
 mppjpegenc0:src-22966   [000] ..... 21417.974364: system_heap_dma_buf_release <-dma_buf_release
      queue0:src-22959   [000] ..... 21417.993865: system_heap_do_allocate.constprop.0 <-system_uncached_heap_allocate
 mppjpegenc0:src-22966   [000] ..... 21418.007464: system_heap_dma_buf_release <-dma_buf_release
      queue0:src-22959   [000] ..... 21418.027051: system_heap_do_allocate.constprop.0 <-system_uncached_heap_allocate
 mppjpegenc0:src-22966   [000] ..... 21418.040634: system_heap_dma_buf_release <-dma_buf_release
      queue0:src-22959   [000] ..... 21418.060421: system_heap_do_allocate.constprop.0 <-system_uncached_heap_allocate
 mppjpegenc0:src-22966   [000] ..... 21418.073881: system_heap_dma_buf_release <-dma_buf_release
      queue0:src-22959   [000] ..... 21418.093710: system_heap_do_allocate.constprop.0 <-system_uncached_heap_allocate
 mppjpegenc0:src-22966   [000] ..... 21418.107234: system_heap_dma_buf_release <-dma_buf_release
      queue0:src-22959   [000] ..... 21418.126893: system_heap_do_allocate.constprop.0 <-system_uncached_heap_allocate
 mppjpegenc0:src-22966   [000] ..... 21418.140518: system_heap_dma_buf_release <-dma_buf_release
      queue0:src-22959   [000] ..... 21418.160263: system_heap_do_allocate.constprop.0 <-system_uncached_heap_allocate
 mppjpegenc0:src-22966   [000] ..... 21418.174002: system_heap_dma_buf_release <-dma_buf_release
      queue0:src-22959   [000] ..... 21418.193542: system_heap_do_allocate.constprop.0 <-system_uncached_heap_allocate
 mppjpegenc0:src-22966   [000] ..... 21418.207263: system_heap_dma_buf_release <-dma_buf_release
      queue0:src-22959   [000] ..... 21418.226732: system_heap_do_allocate.constprop.0 <-system_uncached_heap_allocate
 mppjpegenc0:src-22966   [000] ..... 21418.240284: system_heap_dma_buf_release <-dma_buf_release
      queue0:src-22959   [000] ..... 21418.260119: system_heap_do_allocate.constprop.0 <-system_uncached_heap_allocate
 mppjpegenc0:src-22966   [000] ..... 21418.273670: system_heap_dma_buf_release <-dma_buf_release
      queue0:src-22959   [000] ..... 21418.293386: system_heap_do_allocate.constprop.0 <-system_uncached_heap_allocate
 mppjpegenc0:src-22966   [000] ..... 21418.307169: system_heap_dma_buf_release <-dma_buf_release
      queue0:src-22959   [003] ..... 21418.326694: system_heap_do_allocate.constprop.0 <-system_uncached_heap_allocate
 mppjpegenc0:src-22966   [003] ..... 21418.340331: system_heap_dma_buf_release <-dma_buf_release
      queue0:src-22959   [000] ..... 21418.359920: system_heap_do_allocate.constprop.0 <-system_uncached_heap_allocate
 mppjpegenc0:src-22966   [003] ..... 21418.373858: system_heap_dma_buf_release <-dma_buf_release
      queue0:src-22959   [000] ..... 21418.393224: system_heap_do_allocate.constprop.0 <-system_uncached_heap_allocate
 mppjpegenc0:src-22966   [003] ..... 21418.406927: system_heap_dma_buf_release <-dma_buf_release
      queue0:src-22959   [000] ..... 21418.426411: system_heap_do_allocate.constprop.0 <-system_uncached_heap_allocate
 mppjpegenc0:src-22966   [003] ..... 21418.440176: system_heap_dma_buf_release <-dma_buf_release
      queue0:src-22959   [000] ..... 21418.459765: system_heap_do_allocate.constprop.0 <-system_uncached_heap_allocate
 mppjpegenc0:src-22966   [000] ..... 21418.473459: system_heap_dma_buf_release <-dma_buf_release
      queue0:src-22959   [000] ..... 21418.493093: system_heap_do_allocate.constprop.0 <-system_uncached_heap_allocate
 mppjpegenc0:src-22966   [000] ..... 21418.506730: system_heap_dma_buf_release <-dma_buf_release
      queue0:src-22959   [000] ..... 21418.526299: system_heap_do_allocate.constprop.0 <-system_uncached_heap_allocate
 mppjpegenc0:src-22966   [000] ..... 21418.540086: system_heap_dma_buf_release <-dma_buf_release
      queue0:src-22959   [000] ..... 21418.559567: system_heap_do_allocate.constprop.0 <-system_uncached_heap_allocate
 mppjpegenc0:src-22966   [000] ..... 21418.573356: system_heap_dma_buf_release <-dma_buf_release
      queue0:src-22959   [000] ..... 21418.592900: system_heap_do_allocate.constprop.0 <-system_uncached_heap_allocate
 mppjpegenc0:src-22966   [000] ..... 21418.606535: system_heap_dma_buf_release <-dma_buf_release
      queue0:src-22959   [000] ..... 21418.626180: system_heap_do_allocate.constprop.0 <-system_uncached_heap_allocate
 mppjpegenc0:src-22966   [000] ..... 21418.639891: system_heap_dma_buf_release <-dma_buf_release
      queue0:src-22959   [000] ..... 21418.659375: system_heap_do_allocate.constprop.0 <-system_uncached_heap_allocate
 mppjpegenc0:src-22966   [000] ..... 21418.673067: system_heap_dma_buf_release <-dma_buf_release
      queue0:src-22959   [000] ..... 21418.692740: system_heap_do_allocate.constprop.0 <-system_uncached_heap_allocate
 mppjpegenc0:src-22966   [000] ..... 21418.706486: system_heap_dma_buf_release <-dma_buf_release
      queue0:src-22959   [000] ..... 21418.726023: system_heap_do_allocate.constprop.0 <-system_uncached_heap_allocate
 mppjpegenc0:src-22966   [003] ..... 21418.739601: system_heap_dma_buf_release <-dma_buf_release
      queue0:src-22959   [000] ..... 21418.759207: system_heap_do_allocate.constprop.0 <-system_uncached_heap_allocate
 mppjpegenc0:src-22966   [003] ..... 21418.773007: system_heap_dma_buf_release <-dma_buf_release
      queue0:src-22959   [000] ..... 21418.792584: system_heap_do_allocate.constprop.0 <-system_uncached_heap_allocate
 mppjpegenc0:src-22966   [003] ..... 21418.806288: system_heap_dma_buf_release <-dma_buf_release
      queue0:src-22959   [000] ..... 21418.825859: system_heap_do_allocate.constprop.0 <-system_uncached_heap_allocate
 mppjpegenc0:src-22966   [003] ..... 21418.839409: system_heap_dma_buf_release <-dma_buf_release
      queue0:src-22959   [000] ..... 21418.859051: system_heap_do_allocate.constprop.0 <-system_uncached_heap_allocate
 mppjpegenc0:src-22966   [003] ..... 21418.872763: system_heap_dma_buf_release <-dma_buf_release
      queue0:src-22959   [000] ..... 21418.892423: system_heap_do_allocate.constprop.0 <-system_uncached_heap_allocate
 mppjpegenc0:src-22966   [003] ..... 21418.905979: system_heap_dma_buf_release <-dma_buf_release
      queue0:src-22959   [000] ..... 21418.925707: system_heap_do_allocate.constprop.0 <-system_uncached_heap_allocate
 mppjpegenc0:src-22966   [003] ..... 21418.939937: system_heap_dma_buf_release <-dma_buf_release
      queue0:src-22959   [000] ..... 21418.958891: system_heap_do_allocate.constprop.0 <-system_uncached_heap_allocate
 mppjpegenc0:src-22966   [003] ..... 21418.972736: system_heap_dma_buf_release <-dma_buf_release
      queue0:src-22959   [000] ..... 21418.992261: system_heap_do_allocate.constprop.0 <-system_uncached_heap_allocate
 mppjpegenc0:src-22966   [003] ..... 21419.005851: system_heap_dma_buf_release <-dma_buf_release
      queue0:src-22959   [000] ..... 21419.025543: system_heap_do_allocate.constprop.0 <-system_uncached_heap_allocate
 mppjpegenc0:src-22966   [003] ..... 21419.039047: system_heap_dma_buf_release <-dma_buf_release
      queue0:src-22959   [003] ..... 21419.058803: system_heap_do_allocate.constprop.0 <-system_uncached_heap_allocate
 mppjpegenc0:src-22966   [003] ..... 21419.072451: system_heap_dma_buf_release <-dma_buf_release
      queue0:src-22959   [000] ..... 21419.092081: system_heap_do_allocate.constprop.0 <-system_uncached_heap_allocate
 mppjpegenc0:src-22966   [000] ..... 21419.105583: system_heap_dma_buf_release <-dma_buf_release
      queue0:src-22959   [000] ..... 21419.125387: system_heap_do_allocate.constprop.0 <-system_uncached_heap_allocate
 mppjpegenc0:src-22966   [000] ..... 21419.139325: system_heap_dma_buf_release <-dma_buf_release
      queue0:src-22959   [003] ..... 21419.158696: system_heap_do_allocate.constprop.0 <-system_uncached_heap_allocate
 mppjpegenc0:src-22966   [000] ..... 21419.173290: system_heap_dma_buf_release <-dma_buf_release
      queue0:src-22959   [000] ..... 21419.191959: system_heap_do_allocate.constprop.0 <-system_uncached_heap_allocate
 mppjpegenc0:src-22966   [000] ..... 21419.205613: system_heap_dma_buf_release <-dma_buf_release
      queue0:src-22959   [000] ..... 21419.225246: system_heap_do_allocate.constprop.0 <-system_uncached_heap_allocate
 mppjpegenc0:src-22966   [000] ..... 21419.241897: system_heap_dma_buf_release <-dma_buf_release
      queue0:src-22959   [000] ..... 21419.258475: system_heap_do_allocate.constprop.0 <-system_uncached_heap_allocate
 mppjpegenc0:src-22966   [000] ..... 21419.272095: system_heap_dma_buf_release <-dma_buf_release
      queue0:src-22959   [000] ..... 21419.291749: system_heap_do_allocate.constprop.0 <-system_uncached_heap_allocate
 mppjpegenc0:src-22966   [000] ..... 21419.305446: system_heap_dma_buf_release <-dma_buf_release
      queue0:src-22959   [000] ..... 21419.325062: system_heap_do_allocate.constprop.0 <-system_uncached_heap_allocate
 mppjpegenc0:src-22966   [000] ..... 21419.338726: system_heap_dma_buf_release <-dma_buf_release
      queue0:src-22959   [000] ..... 21419.358362: system_heap_do_allocate.constprop.0 <-system_uncached_heap_allocate
 mppjpegenc0:src-22966   [000] ..... 21419.372343: system_heap_dma_buf_release <-dma_buf_release
      queue0:src-22959   [000] ..... 21419.391635: system_heap_do_allocate.constprop.0 <-system_uncached_heap_allocate
 mppjpegenc0:src-22966   [000] ..... 21419.405737: system_heap_dma_buf_release <-dma_buf_release
      queue0:src-22959   [000] ..... 21419.424899: system_heap_do_allocate.constprop.0 <-system_uncached_heap_allocate
 mppjpegenc0:src-22966   [000] ..... 21419.438901: system_heap_dma_buf_release <-dma_buf_release
      queue0:src-22959   [000] ..... 21419.458181: system_heap_do_allocate.constprop.0 <-system_uncached_heap_allocate
 mppjpegenc0:src-22966   [000] ..... 21419.472386: system_heap_dma_buf_release <-dma_buf_release
      queue0:src-22959   [000] ..... 21419.491372: system_heap_do_allocate.constprop.0 <-system_uncached_heap_allocate
 mppjpegenc0:src-22966   [000] ..... 21419.505186: system_heap_dma_buf_release <-dma_buf_release
      queue0:src-22959   [000] ..... 21419.524740: system_heap_do_allocate.constprop.0 <-system_uncached_heap_allocate
 mppjpegenc0:src-22966   [000] ..... 21419.538424: system_heap_dma_buf_release <-dma_buf_release
      queue0:src-22959   [000] ..... 21419.558024: system_heap_do_allocate.constprop.0 <-system_uncached_heap_allocate
 mppjpegenc0:src-22966   [003] ..... 21419.571606: system_heap_dma_buf_release <-dma_buf_release
      queue0:src-22959   [000] ..... 21419.591211: system_heap_do_allocate.constprop.0 <-system_uncached_heap_allocate
 mppjpegenc0:src-22966   [003] ..... 21419.604993: system_heap_dma_buf_release <-dma_buf_release
      queue0:src-22959   [000] ..... 21419.624580: system_heap_do_allocate.constprop.0 <-system_uncached_heap_allocate
 mppjpegenc0:src-22966   [003] ..... 21419.638275: system_heap_dma_buf_release <-dma_buf_release
      queue0:src-22959   [000] ..... 21419.657860: system_heap_do_allocate.constprop.0 <-system_uncached_heap_allocate
 mppjpegenc0:src-22966   [003] ..... 21419.671395: system_heap_dma_buf_release <-dma_buf_release
      queue0:src-22959   [000] ..... 21419.691047: system_heap_do_allocate.constprop.0 <-system_uncached_heap_allocate
 mppjpegenc0:src-22966   [003] ..... 21419.704943: system_heap_dma_buf_release <-dma_buf_release
      queue0:src-22959   [000] ..... 21419.724417: system_heap_do_allocate.constprop.0 <-system_uncached_heap_allocate
 mppjpegenc0:src-22966   [003] ..... 21419.738067: system_heap_dma_buf_release <-dma_buf_release
      queue0:src-22959   [000] ..... 21419.757701: system_heap_do_allocate.constprop.0 <-system_uncached_heap_allocate
 mppjpegenc0:src-22966   [003] ..... 21419.771369: system_heap_dma_buf_release <-dma_buf_release
      queue0:src-22959   [000] ..... 21419.790888: system_heap_do_allocate.constprop.0 <-system_uncached_heap_allocate
 mppjpegenc0:src-22966   [003] ..... 21419.804528: system_heap_dma_buf_release <-dma_buf_release
      queue0:src-22959   [000] ..... 21419.824262: system_heap_do_allocate.constprop.0 <-system_uncached_heap_allocate
 mppjpegenc0:src-22966   [003] ..... 21419.838415: system_heap_dma_buf_release <-dma_buf_release
      queue0:src-22959   [000] ..... 21419.857543: system_heap_do_allocate.constprop.0 <-system_uncached_heap_allocate
 mppjpegenc0:src-22966   [003] ..... 21419.871167: system_heap_dma_buf_release <-dma_buf_release
      queue0:src-22959   [000] ..... 21419.890731: system_heap_do_allocate.constprop.0 <-system_uncached_heap_allocate
 mppjpegenc0:src-22966   [003] ..... 21419.904480: system_heap_dma_buf_release <-dma_buf_release
      queue0:src-22959   [000] ..... 21419.924078: system_heap_do_allocate.constprop.0 <-system_uncached_heap_allocate
 mppjpegenc0:src-22966   [003] ..... 21419.937810: system_heap_dma_buf_release <-dma_buf_release
      queue0:src-22959   [000] ..... 21419.957379: system_heap_do_allocate.constprop.0 <-system_uncached_heap_allocate
 mppjpegenc0:src-22966   [000] ..... 21419.971003: system_heap_dma_buf_release <-dma_buf_release
      queue0:src-22959   [000] ..... 21419.990579: system_heap_do_allocate.constprop.0 <-system_uncached_heap_allocate
 mppjpegenc0:src-22966   [000] ..... 21420.004346: system_heap_dma_buf_release <-dma_buf_release
      queue0:src-22959   [000] ..... 21420.023964: system_heap_do_allocate.constprop.0 <-system_uncached_heap_allocate
 mppjpegenc0:src-22966   [000] ..... 21420.037691: system_heap_dma_buf_release <-dma_buf_release
      queue0:src-22959   [000] ..... 21420.057226: system_heap_do_allocate.constprop.0 <-system_uncached_heap_allocate
 mppjpegenc0:src-22966   [000] ..... 21420.070834: system_heap_dma_buf_release <-dma_buf_release
      queue0:src-22959   [000] ..... 21420.090457: system_heap_do_allocate.constprop.0 <-system_uncached_heap_allocate
 mppjpegenc0:src-22966   [000] ..... 21420.104148: system_heap_dma_buf_release <-dma_buf_release
      queue0:src-22959   [000] ..... 21420.123751: system_heap_do_allocate.constprop.0 <-system_uncached_heap_allocate
 mppjpegenc0:src-22966   [000] ..... 21420.137451: system_heap_dma_buf_release <-dma_buf_release
      queue0:src-22959   [000] ..... 21420.157060: system_heap_do_allocate.constprop.0 <-system_uncached_heap_allocate
 mppjpegenc0:src-22966   [000] ..... 21420.170759: system_heap_dma_buf_release <-dma_buf_release
      queue0:src-22959   [000] ..... 21420.190345: system_heap_do_allocate.constprop.0 <-system_uncached_heap_allocate
 mppjpegenc0:src-22966   [000] ..... 21420.204027: system_heap_dma_buf_release <-dma_buf_release
      queue0:src-22959   [000] ..... 21420.223628: system_heap_do_allocate.constprop.0 <-system_uncached_heap_allocate
 mppjpegenc0:src-22966   [000] ..... 21420.237411: system_heap_dma_buf_release <-dma_buf_release
      queue0:src-22959   [003] ..... 21420.256912: system_heap_do_allocate.constprop.0 <-system_uncached_heap_allocate
