# tracer: function
#
# entries-in-buffer/entries-written: 1209/1209   #P:4
#
#                                _-----=> irqs-off/BH-disabled
#                               / _----=> need-resched
#                              | / _---=> hardirq/softirq
#                              || / _--=> preempt-depth
#                              ||| / _-=> migrate-disable
#                              |||| /     delay
#           TASK-PID     CPU#  |||||  TIMESTAMP  FUNCTION
#              | |         |   |||||     |         |
      queue0:src-23174   [001] ..... 21424.632537: system_heap_do_allocate.constprop.0 <-system_uncached_heap_allocate
 mppjpegenc0:src-23187   [002] ..... 21424.639216: system_heap_dma_buf_release <-dma_buf_release
      queue0:src-23174   [001] ..... 21424.665796: system_heap_do_allocate.constprop.0 <-system_uncached_heap_allocate
 mppjpegenc0:src-23187   [002] ..... 21424.672221: system_heap_dma_buf_release <-dma_buf_release
      queue0:src-23174   [001] ..... 21424.699024: system_heap_do_allocate.constprop.0 <-system_uncached_heap_allocate
 mppjpegenc0:src-23187   [000] ..... 21424.705707: system_heap_dma_buf_release <-dma_buf_release
      queue0:src-23174   [001] ..... 21424.732351: system_heap_do_allocate.constprop.0 <-system_uncached_heap_allocate
 mppjpegenc0:src-23187   [000] ..... 21424.738912: system_heap_dma_buf_release <-dma_buf_release
      queue0:src-23174   [001] ..... 21424.765631: system_heap_do_allocate.constprop.0 <-system_uncached_heap_allocate
 mppjpegenc0:src-23187   [000] ..... 21424.772218: system_heap_dma_buf_release <-dma_buf_release
      queue0:src-23174   [001] ..... 21424.798821: system_heap_do_allocate.constprop.0 <-system_uncached_heap_allocate
 mppjpegenc0:src-23187   [000] ..... 21424.805445: system_heap_dma_buf_release <-dma_buf_release
      queue0:src-23174   [001] ..... 21424.832189: system_heap_do_allocate.constprop.0 <-system_uncached_heap_allocate
 mppjpegenc0:src-23187   [000] ..... 21424.838839: system_heap_dma_buf_release <-dma_buf_release
      queue0:src-23174   [001] ..... 21424.865471: system_heap_do_allocate.constprop.0 <-system_uncached_heap_allocate
 mppjpegenc0:src-23187   [000] ..... 21424.871975: system_heap_dma_buf_release <-dma_buf_release
      queue0:src-23174   [001] ..... 21424.898662: system_heap_do_allocate.constprop.0 <-system_uncached_heap_allocate
 mppjpegenc0:src-23187   [000] ..... 21424.905384: system_heap_dma_buf_release <-dma_buf_release
      queue0:src-23174   [001] ..... 21424.932046: system_heap_do_allocate.constprop.0 <-system_uncached_heap_allocate
 mppjpegenc0:src-23187   [000] ..... 21424.938670: system_heap_dma_buf_release <-dma_buf_release
      queue0:src-23174   [001] ..... 21424.965331: system_heap_do_allocate.constprop.0 <-system_uncached_heap_allocate
 mppjpegenc0:src-23187   [000] ..... 21424.971969: system_heap_dma_buf_release <-dma_buf_release
      queue0:src-23174   [001] ..... 21424.998607: system_heap_do_allocate.constprop.0 <-system_uncached_heap_allocate
 mppjpegenc0:src-23187   [000] ..... 21425.005304: system_heap_dma_buf_release <-dma_buf_release
      queue0:src-23174   [001] ..... 21425.031820: system_heap_do_allocate.constprop.0 <-system_uncached_heap_allocate
 mppjpegenc0:src-23187   [000] ..... 21425.038345: system_heap_dma_buf_release <-dma_buf_release
      queue0:src-23174   [001] ..... 21425.065177: system_heap_do_allocate.constprop.0 <-system_uncached_heap_allocate
 mppjpegenc0:src-23187   [000] ..... 21425.071795: system_heap_dma_buf_release <-dma_buf_release
      queue0:src-23174   [001] ..... 21425.098451: system_heap_do_allocate.constprop.0 <-system_uncached_heap_allocate
 mppjpegenc0:src-23187   [000] ..... 21425.105139: system_heap_dma_buf_release <-dma_buf_release
      queue0:src-23174   [001] ..... 21425.131746: system_heap_do_allocate.constprop.0 <-system_uncached_heap_allocate
 mppjpegenc0:src-23187   [000] ..... 21425.138432: system_heap_dma_buf_release <-dma_buf_release
      queue0:src-23174   [001] ..... 21425.165005: system_heap_do_allocate.constprop.0 <-system_uncached_heap_allocate
 mppjpegenc0:src-23187   [000] ..... 21425.171567: system_heap_dma_buf_release <-dma_buf_release
      queue0:src-23174   [001] ..... 21425.198284: system_heap_do_allocate.constprop.0 <-system_uncached_heap_allocate
 mppjpegenc0:src-23187   [000] ..... 21425.204953: system_heap_dma_buf_release <-dma_buf_release
      queue0:src-23174   [001] ..... 21425.231598: system_heap_do_allocate.constprop.0 <-system_uncached_heap_allocate
 mppjpegenc0:src-23187   [000] ..... 21425.238227: system_heap_dma_buf_release <-dma_buf_release
      queue0:src-23174   [001] ..... 21425.264853: system_heap_do_allocate.constprop.0 <-system_uncached_heap_allocate
 mppjpegenc0:src-23187   [000] ..... 21425.271453: system_heap_dma_buf_release <-dma_buf_release
      queue0:src-23174   [001] ..... 21425.298125: system_heap_do_allocate.constprop.0 <-system_uncached_heap_allocate
 mppjpegenc0:src-23187   [000] ..... 21425.304796: system_heap_dma_buf_release <-dma_buf_release
      queue0:src-23174   [001] ..... 21425.331330: system_heap_do_allocate.constprop.0 <-system_uncached_heap_allocate
 mppjpegenc0:src-23187   [000] ..... 21425.337987: system_heap_dma_buf_release <-dma_buf_release
      queue0:src-23174   [001] ..... 21425.364695: system_heap_do_allocate.constprop.0 <-system_uncached_heap_allocate
 mppjpegenc0:src-23187   [000] ..... 21425.371317: system_heap_dma_buf_release <-dma_buf_release
      queue0:src-23174   [001] ..... 21425.397970: system_heap_do_allocate.constprop.0 <-system_uncached_heap_allocate
 mppjpegenc0:src-23187   [000] ..... 21425.404652: system_heap_dma_buf_release <-dma_buf_release
      queue0:src-23174   [001] ..... 21425.431237: system_heap_do_allocate.constprop.0 <-system_uncached_heap_allocate
 mppjpegenc0:src-23187   [000] ..... 21425.437923: system_heap_dma_buf_release <-dma_buf_release
      queue0:src-23174   [001] ..... 21425.464503: system_heap_do_allocate.constprop.0 <-system_uncached_heap_allocate
 mppjpegenc0:src-23187   [000] ..... 21425.471057: system_heap_dma_buf_release <-dma_buf_release
      queue0:src-23174   [001] ..... 21425.497807: system_heap_do_allocate.constprop.0 <-system_uncached_heap_allocate
 mppjpegenc0:src-23187   [000] ..... 21425.504399: system_heap_dma_buf_release <-dma_buf_release
      queue0:src-23174   [001] ..... 21425.531062: system_heap_do_allocate.constprop.0 <-system_uncached_heap_allocate
 mppjpegenc0:src-23187   [000] ..... 21425.537778: system_heap_dma_buf_release <-dma_buf_release
      queue0:src-23174   [001] ..... 21425.564365: system_heap_do_allocate.constprop.0 <-system_uncached_heap_allocate
 mppjpegenc0:src-23187   [000] ..... 21425.571059: system_heap_dma_buf_release <-dma_buf_release
      queue0:src-23174   [001] ..... 21425.597651: system_heap_do_allocate.constprop.0 <-system_uncached_heap_allocate
 mppjpegenc0:src-23187   [000] ..... 21425.604260: system_heap_dma_buf_release <-dma_buf_release
      queue0:src-23174   [001] ..... 21425.630889: system_heap_do_allocate.constprop.0 <-system_uncached_heap_allocate
 mppjpegenc0:src-23187   [000] ..... 21425.637443: system_heap_dma_buf_release <-dma_buf_release
      queue0:src-23174   [001] ..... 21425.664209: system_heap_do_allocate.constprop.0 <-system_uncached_heap_allocate
 mppjpegenc0:src-23187   [000] ..... 21425.670877: system_heap_dma_buf_release <-dma_buf_release
      queue0:src-23174   [001] ..... 21425.697485: system_heap_do_allocate.constprop.0 <-system_uncached_heap_allocate
 mppjpegenc0:src-23187   [000] ..... 21425.704074: system_heap_dma_buf_release <-dma_buf_release
      queue0:src-23174   [001] ..... 21425.730716: system_heap_do_allocate.constprop.0 <-system_uncached_heap_allocate
 mppjpegenc0:src-23187   [000] ..... 21425.737254: system_heap_dma_buf_release <-dma_buf_release
      queue0:src-23174   [001] ..... 21425.764060: system_heap_do_allocate.constprop.0 <-system_uncached_heap_allocate
 mppjpegenc0:src-23187   [000] ..... 21425.770720: system_heap_dma_buf_release <-dma_buf_release
      queue0:src-23174   [001] ..... 21425.797332: system_heap_do_allocate.constprop.0 <-system_uncached_heap_allocate
 mppjpegenc0:src-23187   [000] ..... 21425.803963: system_heap_dma_buf_release <-dma_buf_release
      queue0:src-23174   [001] ..... 21425.830522: system_heap_do_allocate.constprop.0 <-system_uncached_heap_allocate
 mppjpegenc0:src-23187   [000] ..... 21425.837212: system_heap_dma_buf_release <-dma_buf_release
      queue0:src-23174   [001] ..... 21425.863881: system_heap_do_allocate.constprop.0 <-system_uncached_heap_allocate
 mppjpegenc0:src-23187   [000] ..... 21425.870557: system_heap_dma_buf_release <-dma_buf_release
      queue0:src-23174   [001] ..... 21425.897171: system_heap_do_allocate.constprop.0 <-system_uncached_heap_allocate
 mppjpegenc0:src-23187   [000] ..... 21425.903794: system_heap_dma_buf_release <-dma_buf_release
      queue0:src-23174   [001] ..... 21425.930410: system_heap_do_allocate.constprop.0 <-system_uncached_heap_allocate
 mppjpegenc0:src-23187   [000] ..... 21425.937124: system_heap_dma_buf_release <-dma_buf_release
      queue0:src-23174   [001] ..... 21425.963747: system_heap_do_allocate.constprop.0 <-system_uncached_heap_allocate
 mppjpegenc0:src-23187   [000] ..... 21425.970449: system_heap_dma_buf_release <-dma_buf_release
      queue0:src-23174   [001] ..... 21425.997011: system_heap_do_allocate.constprop.0 <-system_uncached_heap_allocate
 mppjpegenc0:src-23187   [000] ..... 21426.003751: system_heap_dma_buf_release <-dma_buf_release
      queue0:src-23174   [001] ..... 21426.030294: system_heap_do_allocate.constprop.0 <-system_uncached_heap_allocate
 mppjpegenc0:src-23187   [000] ..... 21426.037017: system_heap_dma_buf_release <-dma_buf_release
      queue0:src-23174   [001] ..... 21426.063577: system_heap_do_allocate.constprop.0 <-system_uncached_heap_allocate
 mppjpegenc0:src-23187   [000] ..... 21426.070262: system_heap_dma_buf_release <-dma_buf_release
      queue0:src-23174   [001] ..... 21426.096851: system_heap_do_allocate.constprop.0 <-system_uncached_heap_allocate
 mppjpegenc0:src-23187   [000] ..... 21426.103564: system_heap_dma_buf_release <-dma_buf_release
      queue0:src-23174   [001] ..... 21426.130133: system_heap_do_allocate.constprop.0 <-system_uncached_heap_allocate
 mppjpegenc0:src-23187   [000] ..... 21426.136814: system_heap_dma_buf_release <-dma_buf_release
      queue0:src-23174   [001] ..... 21426.163314: system_heap_do_allocate.constprop.0 <-system_uncached_heap_allocate
 mppjpegenc0:src-23187   [000] ..... 21426.169985: system_heap_dma_buf_release <-dma_buf_release
      queue0:src-23174   [001] ..... 21426.196692: system_heap_do_allocate.constprop.0 <-system_uncached_heap_allocate
 mppjpegenc0:src-23187   [000] ..... 21426.203321: system_heap_dma_buf_release <-dma_buf_release
      queue0:src-23174   [001] ..... 21426.229973: system_heap_do_allocate.constprop.0 <-system_uncached_heap_allocate
 mppjpegenc0:src-23187   [000] ..... 21426.236630: system_heap_dma_buf_release <-dma_buf_release
      queue0:src-23174   [001] ..... 21426.263201: system_heap_do_allocate.constprop.0 <-system_uncached_heap_allocate
 mppjpegenc0:src-23187   [000] ..... 21426.269884: system_heap_dma_buf_release <-dma_buf_release
      queue0:src-23174   [001] ..... 21426.296533: system_heap_do_allocate.constprop.0 <-system_uncached_heap_allocate
 mppjpegenc0:src-23187   [000] ..... 21426.303155: system_heap_dma_buf_release <-dma_buf_release
      queue0:src-23174   [001] ..... 21426.329816: system_heap_do_allocate.constprop.0 <-system_uncached_heap_allocate
 mppjpegenc0:src-23187   [000] ..... 21426.336400: system_heap_dma_buf_release <-dma_buf_release
      queue0:src-23174   [001] ..... 21426.363088: system_heap_do_allocate.constprop.0 <-system_uncached_heap_allocate
 mppjpegenc0:src-23187   [000] ..... 21426.369810: system_heap_dma_buf_release <-dma_buf_release
      queue0:src-23174   [001] ..... 21426.396387: system_heap_do_allocate.constprop.0 <-system_uncached_heap_allocate
 mppjpegenc0:src-23187   [000] ..... 21426.403067: system_heap_dma_buf_release <-dma_buf_release
      queue0:src-23174   [001] ..... 21426.429656: system_heap_do_allocate.constprop.0 <-system_uncached_heap_allocate
 mppjpegenc0:src-23187   [000] ..... 21426.436304: system_heap_dma_buf_release <-dma_buf_release
      queue0:src-23174   [001] ..... 21426.462890: system_heap_do_allocate.constprop.0 <-system_uncached_heap_allocate
 mppjpegenc0:src-23187   [000] ..... 21426.469668: system_heap_dma_buf_release <-dma_buf_release
      queue0:src-23174   [001] ..... 21426.496219: system_heap_do_allocate.constprop.0 <-system_uncached_heap_allocate
 mppjpegenc0:src-23187   [003] ..... 21426.502842: system_heap_dma_buf_release <-dma_buf_release
      queue0:src-23174   [001] ..... 21426.529486: system_heap_do_allocate.constprop.0 <-system_uncached_heap_allocate
 mppjpegenc0:src-23187   [003] ..... 21426.536062: system_heap_dma_buf_release <-dma_buf_release
      queue0:src-23174   [001] ..... 21426.562733: system_heap_do_allocate.constprop.0 <-system_uncached_heap_allocate
 mppjpegenc0:src-23187   [003] ..... 21426.569274: system_heap_dma_buf_release <-dma_buf_release
      queue0:src-23174   [001] ..... 21426.596067: system_heap_do_allocate.constprop.0 <-system_uncached_heap_allocate
 mppjpegenc0:src-23187   [003] ..... 21426.602740: system_heap_dma_buf_release <-dma_buf_release
      queue0:src-23174   [001] ..... 21426.629327: system_heap_do_allocate.constprop.0 <-system_uncached_heap_allocate
 mppjpegenc0:src-23187   [003] ..... 21426.635970: system_heap_dma_buf_release <-dma_buf_release
      queue0:src-23174   [001] ..... 21426.662753: system_heap_do_allocate.constprop.0 <-system_uncached_heap_allocate
 mppjpegenc0:src-23187   [003] ..... 21426.669252: system_heap_dma_buf_release <-dma_buf_release
      queue0:src-23174   [001] ..... 21426.695898: system_heap_do_allocate.constprop.0 <-system_uncached_heap_allocate
 mppjpegenc0:src-23187   [003] ..... 21426.702580: system_heap_dma_buf_release <-dma_buf_release
      queue0:src-23174   [001] ..... 21426.729169: system_heap_do_allocate.constprop.0 <-system_uncached_heap_allocate
 mppjpegenc0:src-23187   [003] ..... 21426.735781: system_heap_dma_buf_release <-dma_buf_release
      queue0:src-23174   [001] ..... 21426.762445: system_heap_do_allocate.constprop.0 <-system_uncached_heap_allocate
 mppjpegenc0:src-23187   [003] ..... 21426.769148: system_heap_dma_buf_release <-dma_buf_release
      queue0:src-23174   [001] ..... 21426.795747: system_heap_do_allocate.constprop.0 <-system_uncached_heap_allocate
 mppjpegenc0:src-23187   [003] ..... 21426.802456: system_heap_dma_buf_release <-dma_buf_release
      queue0:src-23174   [001] ..... 21426.829014: system_heap_do_allocate.constprop.0 <-system_uncached_heap_allocate
 mppjpegenc0:src-23187   [003] ..... 21426.835577: system_heap_dma_buf_release <-dma_buf_release
      queue0:src-23174   [001] ..... 21426.862293: system_heap_do_allocate.constprop.0 <-system_uncached_heap_allocate
 mppjpegenc0:src-23187   [003] ..... 21426.868958: system_heap_dma_buf_release <-dma_buf_release
      queue0:src-23174   [001] ..... 21426.895587: system_heap_do_allocate.constprop.0 <-system_uncached_heap_allocate
 mppjpegenc0:src-23187   [003] ..... 21426.902276: system_heap_dma_buf_release <-dma_buf_release
      queue0:src-23174   [001] ..... 21426.928849: system_heap_do_allocate.constprop.0 <-system_uncached_heap_allocate
 mppjpegenc0:src-23187   [003] ..... 21426.935323: system_heap_dma_buf_release <-dma_buf_release
      queue0:src-23174   [001] ..... 21426.962132: system_heap_do_allocate.constprop.0 <-system_uncached_heap_allocate
 mppjpegenc0:src-23187   [003] ..... 21426.968878: system_heap_dma_buf_release <-dma_buf_release
      queue0:src-23174   [001] ..... 21426.995380: system_heap_do_allocate.constprop.0 <-system_uncached_heap_allocate
 mppjpegenc0:src-23187   [003] ..... 21427.002065: system_heap_dma_buf_release <-dma_buf_release
      queue0:src-23174   [001] ..... 21427.028685: system_heap_do_allocate.constprop.0 <-system_uncached_heap_allocate
 mppjpegenc0:src-23187   [003] ..... 21427.035308: system_heap_dma_buf_release <-dma_buf_release
      queue0:src-23174   [001] ..... 21427.061965: system_heap_do_allocate.constprop.0 <-system_uncached_heap_allocate
 mppjpegenc0:src-23187   [000] ..... 21427.068666: system_heap_dma_buf_release <-dma_buf_release
      queue0:src-23174   [001] ..... 21427.095200: system_heap_do_allocate.constprop.0 <-system_uncached_heap_allocate
 mppjpegenc0:src-23187   [000] ..... 21427.101978: system_heap_dma_buf_release <-dma_buf_release
      queue0:src-23174   [001] ..... 21427.128532: system_heap_do_allocate.constprop.0 <-system_uncached_heap_allocate
 mppjpegenc0:src-23187   [000] ..... 21427.135209: system_heap_dma_buf_release <-dma_buf_release
      queue0:src-23174   [001] ..... 21427.161806: system_heap_do_allocate.constprop.0 <-system_uncached_heap_allocate
 mppjpegenc0:src-23187   [000] ..... 21427.168558: system_heap_dma_buf_release <-dma_buf_release
      queue0:src-23174   [001] ..... 21427.195043: system_heap_do_allocate.constprop.0 <-system_uncached_heap_allocate
 mppjpegenc0:src-23187   [000] ..... 21427.201803: system_heap_dma_buf_release <-dma_buf_release
      queue0:src-23174   [001] ..... 21427.228341: system_heap_do_allocate.constprop.0 <-system_uncached_heap_allocate
 mppjpegenc0:src-23187   [000] ..... 21427.235012: system_heap_dma_buf_release <-dma_buf_release
      queue0:src-23174   [001] ..... 21427.261671: system_heap_do_allocate.constprop.0 <-system_uncached_heap_allocate
 mppjpegenc0:src-23187   [000] ..... 21427.268397: system_heap_dma_buf_release <-dma_buf_release
      queue0:src-23174   [001] ..... 21427.294886: system_heap_do_allocate.constprop.0 <-system_uncached_heap_allocate
 mppjpegenc0:src-23187   [000] ..... 21427.301637: system_heap_dma_buf_release <-dma_buf_release
      queue0:src-23174   [001] ..... 21427.328221: system_heap_do_allocate.constprop.0 <-system_uncached_heap_allocate
 mppjpegenc0:src-23187   [003] ..... 21427.334890: system_heap_dma_buf_release <-dma_buf_release
      queue0:src-23174   [001] ..... 21427.361492: system_heap_do_allocate.constprop.0 <-system_uncached_heap_allocate
 mppjpegenc0:src-23187   [003] ..... 21427.368123: system_heap_dma_buf_release <-dma_buf_release
      queue0:src-23174   [001] ..... 21427.394766: system_heap_do_allocate.constprop.0 <-system_uncached_heap_allocate
 mppjpegenc0:src-23187   [003] ..... 21427.401524: system_heap_dma_buf_release <-dma_buf_release
      queue0:src-23174   [001] ..... 21427.428063: system_heap_do_allocate.constprop.0 <-system_uncached_heap_allocate
 mppjpegenc0:src-23187   [003] ..... 21427.434731: system_heap_dma_buf_release <-dma_buf_release
      queue0:src-23174   [001] ..... 21427.461329: system_heap_do_allocate.constprop.0 <-system_uncached_heap_allocate
 mppjpegenc0:src-23187   [003] ..... 21427.467967: system_heap_dma_buf_release <-dma_buf_release
      queue0:src-23174   [001] ..... 21427.494516: system_heap_do_allocate.constprop.0 <-system_uncached_heap_allocate
 mppjpegenc0:src-23187   [003] ..... 21427.501237: system_heap_dma_buf_release <-dma_buf_release
      queue0:src-23174   [001] ..... 21427.527896: system_heap_do_allocate.constprop.0 <-system_uncached_heap_allocate
 mppjpegenc0:src-23187   [003] ..... 21427.534609: system_heap_dma_buf_release <-dma_buf_release
      queue0:src-23174   [001] ..... 21427.561173: system_heap_do_allocate.constprop.0 <-system_uncached_heap_allocate
 mppjpegenc0:src-23187   [003] ..... 21427.567889: system_heap_dma_buf_release <-dma_buf_release
      queue0:src-23174   [001] ..... 21427.594447: system_heap_do_allocate.constprop.0 <-system_uncached_heap_allocate
 mppjpegenc0:src-23187   [003] ..... 21427.601191: system_heap_dma_buf_release <-dma_buf_release
      queue0:src-23174   [001] ..... 21427.627745: system_heap_do_allocate.constprop.0 <-system_uncached_heap_allocate
 mppjpegenc0:src-23187   [003] ..... 21427.634438: system_heap_dma_buf_release <-dma_buf_release
      queue0:src-23174   [001] ..... 21427.661013: system_heap_do_allocate.constprop.0 <-system_uncached_heap_allocate
 mppjpegenc0:src-23187   [003] ..... 21427.667475: system_heap_dma_buf_release <-dma_buf_release
      queue0:src-23174   [001] ..... 21427.694283: system_heap_do_allocate.constprop.0 <-system_uncached_heap_allocate
 mppjpegenc0:src-23187   [003] ..... 21427.701052: system_heap_dma_buf_release <-dma_buf_release
      queue0:src-23174   [001] ..... 21427.727571: system_heap_do_allocate.constprop.0 <-system_uncached_heap_allocate
 mppjpegenc0:src-23187   [003] ..... 21427.734248: system_heap_dma_buf_release <-dma_buf_release
      queue0:src-23174   [001] ..... 21427.760874: system_heap_do_allocate.constprop.0 <-system_uncached_heap_allocate
 mppjpegenc0:src-23187   [003] ..... 21427.767487: system_heap_dma_buf_release <-dma_buf_release
      queue0:src-23174   [001] ..... 21427.794135: system_heap_do_allocate.constprop.0 <-system_uncached_heap_allocate
 mppjpegenc0:src-23187   [003] ..... 21427.800893: system_heap_dma_buf_release <-dma_buf_release
      queue0:src-23174   [001] ..... 21427.827376: system_heap_do_allocate.constprop.0 <-system_uncached_heap_allocate
 mppjpegenc0:src-23187   [003] ..... 21427.834145: system_heap_dma_buf_release <-dma_buf_release
      queue0:src-23174   [001] ..... 21427.860685: system_heap_do_allocate.constprop.0 <-system_uncached_heap_allocate
 mppjpegenc0:src-23187   [003] ..... 21427.867310: system_heap_dma_buf_release <-dma_buf_release
      queue0:src-23174   [001] ..... 21427.893963: system_heap_do_allocate.constprop.0 <-system_uncached_heap_allocate
 mppjpegenc0:src-23187   [003] ..... 21427.900688: system_heap_dma_buf_release <-dma_buf_release
      queue0:src-23174   [001] ..... 21427.927183: system_heap_do_allocate.constprop.0 <-system_uncached_heap_allocate
 mppjpegenc0:src-23187   [003] ..... 21427.933883: system_heap_dma_buf_release <-dma_buf_release
      queue0:src-23174   [001] ..... 21427.960530: system_heap_do_allocate.constprop.0 <-system_uncached_heap_allocate
 mppjpegenc0:src-23187   [003] ..... 21427.967166: system_heap_dma_buf_release <-dma_buf_release
      queue0:src-23174   [001] ..... 21427.993811: system_heap_do_allocate.constprop.0 <-system_uncached_heap_allocate
 mppjpegenc0:src-23187   [003] ..... 21428.000460: system_heap_dma_buf_release <-dma_buf_release
      queue0:src-23174   [001] ..... 21428.027078: system_heap_do_allocate.constprop.0 <-system_uncached_heap_allocate
 mppjpegenc0:src-23187   [003] ..... 21428.033730: system_heap_dma_buf_release <-dma_buf_release
      queue0:src-23174   [001] ..... 21428.060371: system_heap_do_allocate.constprop.0 <-system_uncached_heap_allocate
 mppjpegenc0:src-23187   [003] ..... 21428.067005: system_heap_dma_buf_release <-dma_buf_release
      queue0:src-23174   [001] ..... 21428.093647: system_heap_do_allocate.constprop.0 <-system_uncached_heap_allocate
 mppjpegenc0:src-23187   [003] ..... 21428.100292: system_heap_dma_buf_release <-dma_buf_release
      queue0:src-23174   [001] ..... 21428.126921: system_heap_do_allocate.constprop.0 <-system_uncached_heap_allocate
 mppjpegenc0:src-23187   [003] ..... 21428.133718: system_heap_dma_buf_release <-dma_buf_release
      queue0:src-23174   [001] ..... 21428.160214: system_heap_do_allocate.constprop.0 <-system_uncached_heap_allocate
 mppjpegenc0:src-23187   [003] ..... 21428.166861: system_heap_dma_buf_release <-dma_buf_release
      queue0:src-23174   [001] ..... 21428.193493: system_heap_do_allocate.constprop.0 <-system_uncached_heap_allocate
 mppjpegenc0:src-23187   [003] ..... 21428.200137: system_heap_dma_buf_release <-dma_buf_release
      queue0:src-23174   [001] ..... 21428.226723: system_heap_do_allocate.constprop.0 <-system_uncached_heap_allocate
 mppjpegenc0:src-23187   [003] ..... 21428.233465: system_heap_dma_buf_release <-dma_buf_release
      queue0:src-23174   [001] ..... 21428.260057: system_heap_do_allocate.constprop.0 <-system_uncached_heap_allocate
 mppjpegenc0:src-23187   [003] ..... 21428.266743: system_heap_dma_buf_release <-dma_buf_release
      queue0:src-23174   [001] ..... 21428.293326: system_heap_do_allocate.constprop.0 <-system_uncached_heap_allocate
 mppjpegenc0:src-23187   [003] ..... 21428.300021: system_heap_dma_buf_release <-dma_buf_release
      queue0:src-23174   [001] ..... 21428.326600: system_heap_do_allocate.constprop.0 <-system_uncached_heap_allocate
 mppjpegenc0:src-23187   [003] ..... 21428.333307: system_heap_dma_buf_release <-dma_buf_release
      queue0:src-23174   [001] ..... 21428.359897: system_heap_do_allocate.constprop.0 <-system_uncached_heap_allocate
 mppjpegenc0:src-23187   [003] ..... 21428.366635: system_heap_dma_buf_release <-dma_buf_release
      queue0:src-23174   [001] ..... 21428.393175: system_heap_do_allocate.constprop.0 <-system_uncached_heap_allocate
 mppjpegenc0:src-23187   [003] ..... 21428.399789: system_heap_dma_buf_release <-dma_buf_release
      queue0:src-23174   [001] ..... 21428.426449: system_heap_do_allocate.constprop.0 <-system_uncached_heap_allocate
 mppjpegenc0:src-23187   [003] ..... 21428.433169: system_heap_dma_buf_release <-dma_buf_release
      queue0:src-23174   [001] ..... 21428.459749: system_heap_do_allocate.constprop.0 <-system_uncached_heap_allocate
 mppjpegenc0:src-23187   [003] ..... 21428.466456: system_heap_dma_buf_release <-dma_buf_release
      queue0:src-23174   [001] ..... 21428.493105: system_heap_do_allocate.constprop.0 <-system_uncached_heap_allocate
 mppjpegenc0:src-23187   [000] ..... 21428.499862: system_heap_dma_buf_release <-dma_buf_release
      queue0:src-23174   [003] ..... 21428.526304: system_heap_do_allocate.constprop.0 <-system_uncached_heap_allocate
 mppjpegenc0:src-23187   [002] ..... 21428.533125: system_heap_dma_buf_release <-dma_buf_release
      queue0:src-23174   [003] ..... 21428.559577: system_heap_do_allocate.constprop.0 <-system_uncached_heap_allocate
 mppjpegenc0:src-23187   [002] ..... 21428.566259: system_heap_dma_buf_release <-dma_buf_release
      queue0:src-23174   [003] ..... 21428.592856: system_heap_do_allocate.constprop.0 <-system_uncached_heap_allocate
 mppjpegenc0:src-23187   [002] ..... 21428.599398: system_heap_dma_buf_release <-dma_buf_release
      queue0:src-23174   [003] ..... 21428.626150: system_heap_do_allocate.constprop.0 <-system_uncached_heap_allocate
 mppjpegenc0:src-23187   [002] ..... 21428.632720: system_heap_dma_buf_release <-dma_buf_release
      queue0:src-23174   [001] ..... 21428.659375: system_heap_do_allocate.constprop.0 <-system_uncached_heap_allocate
 mppjpegenc0:src-23187   [002] ..... 21428.666348: system_heap_dma_buf_release <-dma_buf_release
      queue0:src-23174   [001] ..... 21428.692687: system_heap_do_allocate.constprop.0 <-system_uncached_heap_allocate
 mppjpegenc0:src-23187   [002] ..... 21428.699453: system_heap_dma_buf_release <-dma_buf_release
      queue0:src-23174   [001] ..... 21428.725976: system_heap_do_allocate.constprop.0 <-system_uncached_heap_allocate
 mppjpegenc0:src-23187   [002] ..... 21428.732645: system_heap_dma_buf_release <-dma_buf_release
      queue0:src-23174   [001] ..... 21428.759230: system_heap_do_allocate.constprop.0 <-system_uncached_heap_allocate
 mppjpegenc0:src-23187   [002] ..... 21428.766016: system_heap_dma_buf_release <-dma_buf_release
      queue0:src-23174   [001] ..... 21428.792528: system_heap_do_allocate.constprop.0 <-system_uncached_heap_allocate
 mppjpegenc0:src-23187   [002] ..... 21428.799216: system_heap_dma_buf_release <-dma_buf_release
      queue0:src-23174   [001] ..... 21428.825815: system_heap_do_allocate.constprop.0 <-system_uncached_heap_allocate
 mppjpegenc0:src-23187   [002] ..... 21428.832517: system_heap_dma_buf_release <-dma_buf_release
      queue0:src-23174   [001] ..... 21428.859099: system_heap_do_allocate.constprop.0 <-system_uncached_heap_allocate
 mppjpegenc0:src-23187   [002] ..... 21428.865881: system_heap_dma_buf_release <-dma_buf_release
      queue0:src-23174   [001] ..... 21428.892366: system_heap_do_allocate.constprop.0 <-system_uncached_heap_allocate
 mppjpegenc0:src-23187   [002] ..... 21428.899073: system_heap_dma_buf_release <-dma_buf_release
      queue0:src-23174   [001] ..... 21428.925663: system_heap_do_allocate.constprop.0 <-system_uncached_heap_allocate
 mppjpegenc0:src-23187   [002] ..... 21428.932339: system_heap_dma_buf_release <-dma_buf_release
      queue0:src-23174   [001] ..... 21428.958932: system_heap_do_allocate.constprop.0 <-system_uncached_heap_allocate
 mppjpegenc0:src-23187   [002] ..... 21428.965709: system_heap_dma_buf_release <-dma_buf_release
      queue0:src-23174   [001] ..... 21428.992218: system_heap_do_allocate.constprop.0 <-system_uncached_heap_allocate
 mppjpegenc0:src-23187   [002] ..... 21428.998922: system_heap_dma_buf_release <-dma_buf_release
      queue0:src-23174   [001] ..... 21429.025494: system_heap_do_allocate.constprop.0 <-system_uncached_heap_allocate
 mppjpegenc0:src-23187   [002] ..... 21429.032187: system_heap_dma_buf_release <-dma_buf_release
      queue0:src-23174   [001] ..... 21429.058780: system_heap_do_allocate.constprop.0 <-system_uncached_heap_allocate
 mppjpegenc0:src-23187   [002] ..... 21429.065534: system_heap_dma_buf_release <-dma_buf_release
      queue0:src-23174   [001] ..... 21429.092049: system_heap_do_allocate.constprop.0 <-system_uncached_heap_allocate
 mppjpegenc0:src-23187   [002] ..... 21429.098789: system_heap_dma_buf_release <-dma_buf_release
      queue0:src-23174   [001] ..... 21429.125340: system_heap_do_allocate.constprop.0 <-system_uncached_heap_allocate
 mppjpegenc0:src-23187   [002] ..... 21429.132077: system_heap_dma_buf_release <-dma_buf_release
      queue0:src-23174   [001] ..... 21429.158636: system_heap_do_allocate.constprop.0 <-system_uncached_heap_allocate
 mppjpegenc0:src-23187   [002] ..... 21429.165386: system_heap_dma_buf_release <-dma_buf_release
      queue0:src-23174   [001] ..... 21429.191875: system_heap_do_allocate.constprop.0 <-system_uncached_heap_allocate
 mppjpegenc0:src-23187   [002] ..... 21429.198623: system_heap_dma_buf_release <-dma_buf_release
      queue0:src-23174   [001] ..... 21429.225118: system_heap_do_allocate.constprop.0 <-system_uncached_heap_allocate
 mppjpegenc0:src-23187   [002] ..... 21429.231833: system_heap_dma_buf_release <-dma_buf_release
      queue0:src-23174   [001] ..... 21429.258455: system_heap_do_allocate.constprop.0 <-system_uncached_heap_allocate
 mppjpegenc0:src-23187   [002] ..... 21429.265207: system_heap_dma_buf_release <-dma_buf_release
      queue0:src-23174   [001] ..... 21429.291733: system_heap_do_allocate.constprop.0 <-system_uncached_heap_allocate
 mppjpegenc0:src-23187   [002] ..... 21429.298483: system_heap_dma_buf_release <-dma_buf_release
      queue0:src-23174   [001] ..... 21429.325008: system_heap_do_allocate.constprop.0 <-system_uncached_heap_allocate
 mppjpegenc0:src-23187   [002] ..... 21429.331575: system_heap_dma_buf_release <-dma_buf_release
      queue0:src-23174   [001] ..... 21429.358288: system_heap_do_allocate.constprop.0 <-system_uncached_heap_allocate
 mppjpegenc0:src-23187   [002] ..... 21429.365060: system_heap_dma_buf_release <-dma_buf_release
      queue0:src-23174   [001] ..... 21429.391626: system_heap_do_allocate.constprop.0 <-system_uncached_heap_allocate
 mppjpegenc0:src-23187   [002] ..... 21429.398321: system_heap_dma_buf_release <-dma_buf_release
      queue0:src-23174   [001] ..... 21429.424846: system_heap_do_allocate.constprop.0 <-system_uncached_heap_allocate
 mppjpegenc0:src-23187   [002] ..... 21429.431459: system_heap_dma_buf_release <-dma_buf_release
      queue0:src-23174   [001] ..... 21429.458130: system_heap_do_allocate.constprop.0 <-system_uncached_heap_allocate
 mppjpegenc0:src-23187   [002] ..... 21429.464859: system_heap_dma_buf_release <-dma_buf_release
      queue0:src-23174   [001] ..... 21429.491370: system_heap_do_allocate.constprop.0 <-system_uncached_heap_allocate
 mppjpegenc0:src-23187   [002] ..... 21429.498105: system_heap_dma_buf_release <-dma_buf_release
      queue0:src-23174   [001] ..... 21429.524652: system_heap_do_allocate.constprop.0 <-system_uncached_heap_allocate
 mppjpegenc0:src-23187   [002] ..... 21429.531141: system_heap_dma_buf_release <-dma_buf_release
      queue0:src-23174   [001] ..... 21429.557972: system_heap_do_allocate.constprop.0 <-system_uncached_heap_allocate
 mppjpegenc0:src-23187   [002] ..... 21429.564686: system_heap_dma_buf_release <-dma_buf_release
      queue0:src-23174   [001] ..... 21429.591246: system_heap_do_allocate.constprop.0 <-system_uncached_heap_allocate
 mppjpegenc0:src-23187   [002] ..... 21429.598005: system_heap_dma_buf_release <-dma_buf_release
      queue0:src-23174   [001] ..... 21429.624521: system_heap_do_allocate.constprop.0 <-system_uncached_heap_allocate
 mppjpegenc0:src-23187   [002] ..... 21429.631167: system_heap_dma_buf_release <-dma_buf_release
      queue0:src-23174   [001] ..... 21429.657822: system_heap_do_allocate.constprop.0 <-system_uncached_heap_allocate
 mppjpegenc0:src-23187   [000] ..... 21429.664808: system_heap_dma_buf_release <-dma_buf_release
      queue0:src-23174   [001] ..... 21429.691042: system_heap_do_allocate.constprop.0 <-system_uncached_heap_allocate
 mppjpegenc0:src-23187   [000] ..... 21429.697788: system_heap_dma_buf_release <-dma_buf_release
      queue0:src-23174   [001] ..... 21429.724337: system_heap_do_allocate.constprop.0 <-system_uncached_heap_allocate
 mppjpegenc0:src-23187   [002] ..... 21429.730961: system_heap_dma_buf_release <-dma_buf_release
      queue0:src-23174   [001] ..... 21429.757647: system_heap_do_allocate.constprop.0 <-system_uncached_heap_allocate
 mppjpegenc0:src-23187   [002] ..... 21429.764290: system_heap_dma_buf_release <-dma_buf_release
      queue0:src-23174   [001] ..... 21429.790892: system_heap_do_allocate.constprop.0 <-system_uncached_heap_allocate
 mppjpegenc0:src-23187   [002] ..... 21429.797627: system_heap_dma_buf_release <-dma_buf_release
      queue0:src-23174   [001] ..... 21429.824212: system_heap_do_allocate.constprop.0 <-system_uncached_heap_allocate
 mppjpegenc0:src-23187   [002] ..... 21429.830878: system_heap_dma_buf_release <-dma_buf_release
      queue0:src-23174   [001] ..... 21429.857510: system_heap_do_allocate.constprop.0 <-system_uncached_heap_allocate
 mppjpegenc0:src-23187   [002] ..... 21429.864092: system_heap_dma_buf_release <-dma_buf_release
      queue0:src-23174   [001] ..... 21429.890769: system_heap_do_allocate.constprop.0 <-system_uncached_heap_allocate
 mppjpegenc0:src-23187   [002] ..... 21429.897511: system_heap_dma_buf_release <-dma_buf_release
      queue0:src-23174   [001] ..... 21429.924055: system_heap_do_allocate.constprop.0 <-system_uncached_heap_allocate
 mppjpegenc0:src-23187   [002] ..... 21429.930743: system_heap_dma_buf_release <-dma_buf_release
      queue0:src-23174   [001] ..... 21429.957332: system_heap_do_allocate.constprop.0 <-system_uncached_heap_allocate
 mppjpegenc0:src-23187   [002] ..... 21429.963975: system_heap_dma_buf_release <-dma_buf_release
      queue0:src-23174   [001] ..... 21429.990607: system_heap_do_allocate.constprop.0 <-system_uncached_heap_allocate
 mppjpegenc0:src-23187   [002] ..... 21429.997351: system_heap_dma_buf_release <-dma_buf_release
      queue0:src-23174   [001] ..... 21430.023884: system_heap_do_allocate.constprop.0 <-system_uncached_heap_allocate
 mppjpegenc0:src-23187   [000] ..... 21430.030601: system_heap_dma_buf_release <-dma_buf_release
      queue0:src-23174   [001] ..... 21430.057165: system_heap_do_allocate.constprop.0 <-system_uncached_heap_allocate
 mppjpegenc0:src-23187   [000] ..... 21430.063836: system_heap_dma_buf_release <-dma_buf_release
      queue0:src-23174   [001] ..... 21430.090451: system_heap_do_allocate.constprop.0 <-system_uncached_heap_allocate
 mppjpegenc0:src-23187   [000] ..... 21430.097214: system_heap_dma_buf_release <-dma_buf_release
      queue0:src-23174   [001] ..... 21430.123750: system_heap_do_allocate.constprop.0 <-system_uncached_heap_allocate
 mppjpegenc0:src-23187   [000] ..... 21430.130470: system_heap_dma_buf_release <-dma_buf_release
      queue0:src-23174   [001] ..... 21430.157006: system_heap_do_allocate.constprop.0 <-system_uncached_heap_allocate
 mppjpegenc0:src-23187   [001] ..... 21430.163645: system_heap_dma_buf_release <-dma_buf_release
      queue0:src-23174   [001] ..... 21430.190284: system_heap_do_allocate.constprop.0 <-system_uncached_heap_allocate
 mppjpegenc0:src-23187   [002] ..... 21430.197047: system_heap_dma_buf_release <-dma_buf_release
      queue0:src-23174   [001] ..... 21430.223644: system_heap_do_allocate.constprop.0 <-system_uncached_heap_allocate
 mppjpegenc0:src-23187   [002] ..... 21430.230179: system_heap_dma_buf_release <-dma_buf_release
      queue0:src-23174   [001] ..... 21430.256856: system_heap_do_allocate.constprop.0 <-system_uncached_heap_allocate
 mppjpegenc0:src-23187   [002] ..... 21430.263463: system_heap_dma_buf_release <-dma_buf_release
      queue0:src-23174   [001] ..... 21430.290126: system_heap_do_allocate.constprop.0 <-system_uncached_heap_allocate
 mppjpegenc0:src-23187   [002] ..... 21430.296800: system_heap_dma_buf_release <-dma_buf_release
      queue0:src-23174   [001] ..... 21430.323396: system_heap_do_allocate.constprop.0 <-system_uncached_heap_allocate
 mppjpegenc0:src-23187   [002] ..... 21430.330061: system_heap_dma_buf_release <-dma_buf_release
      queue0:src-23174   [001] ..... 21430.356685: system_heap_do_allocate.constprop.0 <-system_uncached_heap_allocate
 mppjpegenc0:src-23187   [002] ..... 21430.363310: system_heap_dma_buf_release <-dma_buf_release
      queue0:src-23174   [001] ..... 21430.389980: system_heap_do_allocate.constprop.0 <-system_uncached_heap_allocate
 mppjpegenc0:src-23187   [002] ..... 21430.396717: system_heap_dma_buf_release <-dma_buf_release
      queue0:src-23174   [001] ..... 21430.423254: system_heap_do_allocate.constprop.0 <-system_uncached_heap_allocate
 mppjpegenc0:src-23187   [002] ..... 21430.429915: system_heap_dma_buf_release <-dma_buf_release
      queue0:src-23174   [001] ..... 21430.456533: system_heap_do_allocate.constprop.0 <-system_uncached_heap_allocate
 mppjpegenc0:src-23187   [002] ..... 21430.463109: system_heap_dma_buf_release <-dma_buf_release
      queue0:src-23174   [001] ..... 21430.489826: system_heap_do_allocate.constprop.0 <-system_uncached_heap_allocate
 mppjpegenc0:src-23187   [002] ..... 21430.496470: system_heap_dma_buf_release <-dma_buf_release
      queue0:src-23174   [001] ..... 21430.523046: system_heap_do_allocate.constprop.0 <-system_uncached_heap_allocate
 mppjpegenc0:src-23187   [002] ..... 21430.529788: system_heap_dma_buf_release <-dma_buf_release
      queue0:src-23174   [001] ..... 21430.556390: system_heap_do_allocate.constprop.0 <-system_uncached_heap_allocate
 mppjpegenc0:src-23187   [003] ..... 21430.562967: system_heap_dma_buf_release <-dma_buf_release
      queue0:src-23174   [001] ..... 21430.589648: system_heap_do_allocate.constprop.0 <-system_uncached_heap_allocate
 mppjpegenc0:src-23187   [003] ..... 21430.596312: system_heap_dma_buf_release <-dma_buf_release
      queue0:src-23174   [001] ..... 21430.622934: system_heap_do_allocate.constprop.0 <-system_uncached_heap_allocate
 mppjpegenc0:src-23187   [003] ..... 21430.629646: system_heap_dma_buf_release <-dma_buf_release
      queue0:src-23174   [001] ..... 21430.656219: system_heap_do_allocate.constprop.0 <-system_uncached_heap_allocate
 mppjpegenc0:src-23187   [003] ..... 21430.662878: system_heap_dma_buf_release <-dma_buf_release
      queue0:src-23174   [001] ..... 21430.689494: system_heap_do_allocate.constprop.0 <-system_uncached_heap_allocate
 mppjpegenc0:src-23187   [003] ..... 21430.696077: system_heap_dma_buf_release <-dma_buf_release
      queue0:src-23174   [001] ..... 21430.722777: system_heap_do_allocate.constprop.0 <-system_uncached_heap_allocate
 mppjpegenc0:src-23187   [003] ..... 21430.729504: system_heap_dma_buf_release <-dma_buf_release
      queue0:src-23174   [001] ..... 21430.756075: system_heap_do_allocate.constprop.0 <-system_uncached_heap_allocate
 mppjpegenc0:src-23187   [003] ..... 21430.762760: system_heap_dma_buf_release <-dma_buf_release
      queue0:src-23174   [001] ..... 21430.789338: system_heap_do_allocate.constprop.0 <-system_uncached_heap_allocate
 mppjpegenc0:src-23187   [003] ..... 21430.795979: system_heap_dma_buf_release <-dma_buf_release
      queue0:src-23174   [001] ..... 21430.822620: system_heap_do_allocate.constprop.0 <-system_uncached_heap_allocate
 mppjpegenc0:src-23187   [003] ..... 21430.829320: system_heap_dma_buf_release <-dma_buf_release
      queue0:src-23174   [001] ..... 21430.855880: system_heap_do_allocate.constprop.0 <-system_uncached_heap_allocate
 mppjpegenc0:src-23187   [003] ..... 21430.862552: system_heap_dma_buf_release <-dma_buf_release
      queue0:src-23174   [001] ..... 21430.889177: system_heap_do_allocate.constprop.0 <-system_uncached_heap_allocate
 mppjpegenc0:src-23187   [003] ..... 21430.895824: system_heap_dma_buf_release <-dma_buf_release
      queue0:src-23174   [001] ..... 21430.922464: system_heap_do_allocate.constprop.0 <-system_uncached_heap_allocate
 mppjpegenc0:src-23187   [003] ..... 21430.929171: system_heap_dma_buf_release <-dma_buf_release
      queue0:src-23174   [001] ..... 21430.955741: system_heap_do_allocate.constprop.0 <-system_uncached_heap_allocate
 mppjpegenc0:src-23187   [003] ..... 21430.962423: system_heap_dma_buf_release <-dma_buf_release
      queue0:src-23174   [001] ..... 21430.989017: system_heap_do_allocate.constprop.0 <-system_uncached_heap_allocate
 mppjpegenc0:src-23187   [003] ..... 21430.995606: system_heap_dma_buf_release <-dma_buf_release
      queue0:src-23174   [001] ..... 21431.022293: system_heap_do_allocate.constprop.0 <-system_uncached_heap_allocate
 mppjpegenc0:src-23187   [003] ..... 21431.028923: system_heap_dma_buf_release <-dma_buf_release
      queue0:src-23174   [001] ..... 21431.055575: system_heap_do_allocate.constprop.0 <-system_uncached_heap_allocate
 mppjpegenc0:src-23187   [003] ..... 21431.062257: system_heap_dma_buf_release <-dma_buf_release
      queue0:src-23174   [001] ..... 21431.088856: system_heap_do_allocate.constprop.0 <-system_uncached_heap_allocate
 mppjpegenc0:src-23187   [003] ..... 21431.095502: system_heap_dma_buf_release <-dma_buf_release
      queue0:src-23174   [001] ..... 21431.122148: system_heap_do_allocate.constprop.0 <-system_uncached_heap_allocate
 mppjpegenc0:src-23187   [003] ..... 21431.128767: system_heap_dma_buf_release <-dma_buf_release
      queue0:src-23174   [001] ..... 21431.155408: system_heap_do_allocate.constprop.0 <-system_uncached_heap_allocate
 mppjpegenc0:src-23187   [003] ..... 21431.162125: system_heap_dma_buf_release <-dma_buf_release
      queue0:src-23174   [001] ..... 21431.188697: system_heap_do_allocate.constprop.0 <-system_uncached_heap_allocate
 mppjpegenc0:src-23187   [003] ..... 21431.195322: system_heap_dma_buf_release <-dma_buf_release
      queue0:src-23174   [001] ..... 21431.221998: system_heap_do_allocate.constprop.0 <-system_uncached_heap_allocate
 mppjpegenc0:src-23187   [003] ..... 21431.228622: system_heap_dma_buf_release <-dma_buf_release
      queue0:src-23174   [001] ..... 21431.255251: system_heap_do_allocate.constprop.0 <-system_uncached_heap_allocate
 mppjpegenc0:src-23187   [003] ..... 21431.261964: system_heap_dma_buf_release <-dma_buf_release
      queue0:src-23174   [001] ..... 21431.288532: system_heap_do_allocate.constprop.0 <-system_uncached_heap_allocate
 mppjpegenc0:src-23187   [003] ..... 21431.295163: system_heap_dma_buf_release <-dma_buf_release
      queue0:src-23174   [001] ..... 21431.321817: system_heap_do_allocate.constprop.0 <-system_uncached_heap_allocate
 mppjpegenc0:src-23187   [003] ..... 21431.328383: system_heap_dma_buf_release <-dma_buf_release
      queue0:src-23174   [001] ..... 21431.355098: system_heap_do_allocate.constprop.0 <-system_uncached_heap_allocate
 mppjpegenc0:src-23187   [003] ..... 21431.361847: system_heap_dma_buf_release <-dma_buf_release
      queue0:src-23174   [001] ..... 21431.388372: system_heap_do_allocate.constprop.0 <-system_uncached_heap_allocate
 mppjpegenc0:src-23187   [003] ..... 21431.394999: system_heap_dma_buf_release <-dma_buf_release
      queue0:src-23174   [001] ..... 21431.421657: system_heap_do_allocate.constprop.0 <-system_uncached_heap_allocate
 mppjpegenc0:src-23187   [003] ..... 21431.428217: system_heap_dma_buf_release <-dma_buf_release
      queue0:src-23174   [001] ..... 21431.454935: system_heap_do_allocate.constprop.0 <-system_uncached_heap_allocate
 mppjpegenc0:src-23187   [003] ..... 21431.461640: system_heap_dma_buf_release <-dma_buf_release
      queue0:src-23174   [001] ..... 21431.488221: system_heap_do_allocate.constprop.0 <-system_uncached_heap_allocate
 mppjpegenc0:src-23187   [003] ..... 21431.494898: system_heap_dma_buf_release <-dma_buf_release
      queue0:src-23174   [001] ..... 21431.521495: system_heap_do_allocate.constprop.0 <-system_uncached_heap_allocate
 mppjpegenc0:src-23187   [002] ..... 21431.528055: system_heap_dma_buf_release <-dma_buf_release
      queue0:src-23174   [001] ..... 21431.554725: system_heap_do_allocate.constprop.0 <-system_uncached_heap_allocate
 mppjpegenc0:src-23187   [002] ..... 21431.561193: system_heap_dma_buf_release <-dma_buf_release
      queue0:src-23174   [001] ..... 21431.588058: system_heap_do_allocate.constprop.0 <-system_uncached_heap_allocate
 mppjpegenc0:src-23187   [003] ..... 21431.594668: system_heap_dma_buf_release <-dma_buf_release
      queue0:src-23174   [001] ..... 21431.621330: system_heap_do_allocate.constprop.0 <-system_uncached_heap_allocate
 mppjpegenc0:src-23187   [003] ..... 21431.627905: system_heap_dma_buf_release <-dma_buf_release
      queue0:src-23174   [001] ..... 21431.654617: system_heap_do_allocate.constprop.0 <-system_uncached_heap_allocate
 mppjpegenc0:src-23187   [003] ..... 21431.661321: system_heap_dma_buf_release <-dma_buf_release
      queue0:src-23174   [001] ..... 21431.687900: system_heap_do_allocate.constprop.0 <-system_uncached_heap_allocate
 mppjpegenc0:src-23187   [003] ..... 21431.694567: system_heap_dma_buf_release <-dma_buf_release
      queue0:src-23174   [001] ..... 21431.721180: system_heap_do_allocate.constprop.0 <-system_uncached_heap_allocate
 mppjpegenc0:src-23187   [002] ..... 21431.727760: system_heap_dma_buf_release <-dma_buf_release
      queue0:src-23174   [001] ..... 21431.754457: system_heap_do_allocate.constprop.0 <-system_uncached_heap_allocate
 mppjpegenc0:src-23187   [003] ..... 21431.761167: system_heap_dma_buf_release <-dma_buf_release
      queue0:src-23174   [001] ..... 21431.787784: system_heap_do_allocate.constprop.0 <-system_uncached_heap_allocate
 mppjpegenc0:src-23187   [003] ..... 21431.794463: system_heap_dma_buf_release <-dma_buf_release
      queue0:src-23174   [001] ..... 21431.821005: system_heap_do_allocate.constprop.0 <-system_uncached_heap_allocate
 mppjpegenc0:src-23187   [003] ..... 21431.827546: system_heap_dma_buf_release <-dma_buf_release
      queue0:src-23174   [001] ..... 21431.854304: system_heap_do_allocate.constprop.0 <-system_uncached_heap_allocate
 mppjpegenc0:src-23187   [003] ..... 21431.861011: system_heap_dma_buf_release <-dma_buf_release
      queue0:src-23174   [001] ..... 21431.887581: system_heap_do_allocate.constprop.0 <-system_uncached_heap_allocate
 mppjpegenc0:src-23187   [003] ..... 21431.894253: system_heap_dma_buf_release <-dma_buf_release
      queue0:src-23174   [001] ..... 21431.920857: system_heap_do_allocate.constprop.0 <-system_uncached_heap_allocate
 mppjpegenc0:src-23187   [003] ..... 21431.927345: system_heap_dma_buf_release <-dma_buf_release
      queue0:src-23174   [001] ..... 21431.954136: system_heap_do_allocate.constprop.0 <-system_uncached_heap_allocate
 mppjpegenc0:src-23187   [003] ..... 21431.960848: system_heap_dma_buf_release <-dma_buf_release
      queue0:src-23174   [001] ..... 21431.987380: system_heap_do_allocate.constprop.0 <-system_uncached_heap_allocate
 mppjpegenc0:src-23187   [003] ..... 21431.994108: system_heap_dma_buf_release <-dma_buf_release
      queue0:src-23174   [001] ..... 21432.020694: system_heap_do_allocate.constprop.0 <-system_uncached_heap_allocate
 mppjpegenc0:src-23187   [003] ..... 21432.027253: system_heap_dma_buf_release <-dma_buf_release
      queue0:src-23174   [001] ..... 21432.053978: system_heap_do_allocate.constprop.0 <-system_uncached_heap_allocate
 mppjpegenc0:src-23187   [003] ..... 21432.060675: system_heap_dma_buf_release <-dma_buf_release
      queue0:src-23174   [001] ..... 21432.087215: system_heap_do_allocate.constprop.0 <-system_uncached_heap_allocate
 mppjpegenc0:src-23187   [003] ..... 21432.094021: system_heap_dma_buf_release <-dma_buf_release
      queue0:src-23174   [001] ..... 21432.120532: system_heap_do_allocate.constprop.0 <-system_uncached_heap_allocate
 mppjpegenc0:src-23187   [003] ..... 21432.127173: system_heap_dma_buf_release <-dma_buf_release
      queue0:src-23174   [001] ..... 21432.153806: system_heap_do_allocate.constprop.0 <-system_uncached_heap_allocate
 mppjpegenc0:src-23187   [003] ..... 21432.160530: system_heap_dma_buf_release <-dma_buf_release
      queue0:src-23174   [001] ..... 21432.187053: system_heap_do_allocate.constprop.0 <-system_uncached_heap_allocate
 mppjpegenc0:src-23187   [003] ..... 21432.193840: system_heap_dma_buf_release <-dma_buf_release
      queue0:src-23174   [001] ..... 21432.220367: system_heap_do_allocate.constprop.0 <-system_uncached_heap_allocate
 mppjpegenc0:src-23187   [003] ..... 21432.227063: system_heap_dma_buf_release <-dma_buf_release
      queue0:src-23174   [001] ..... 21432.253661: system_heap_do_allocate.constprop.0 <-system_uncached_heap_allocate
 mppjpegenc0:src-23187   [003] ..... 21432.260315: system_heap_dma_buf_release <-dma_buf_release
      queue0:src-23174   [001] ..... 21432.286925: system_heap_do_allocate.constprop.0 <-system_uncached_heap_allocate
 mppjpegenc0:src-23187   [003] ..... 21432.293666: system_heap_dma_buf_release <-dma_buf_release
      queue0:src-23174   [001] ..... 21432.320218: system_heap_do_allocate.constprop.0 <-system_uncached_heap_allocate
 mppjpegenc0:src-23187   [003] ..... 21432.326964: system_heap_dma_buf_release <-dma_buf_release
      queue0:src-23174   [001] ..... 21432.353491: system_heap_do_allocate.constprop.0 <-system_uncached_heap_allocate
 mppjpegenc0:src-23187   [003] ..... 21432.360087: system_heap_dma_buf_release <-dma_buf_release
      queue0:src-23174   [001] ..... 21432.386782: system_heap_do_allocate.constprop.0 <-system_uncached_heap_allocate
 mppjpegenc0:src-23187   [003] ..... 21432.393535: system_heap_dma_buf_release <-dma_buf_release
      queue0:src-23174   [001] ..... 21432.420067: system_heap_do_allocate.constprop.0 <-system_uncached_heap_allocate
 mppjpegenc0:src-23187   [003] ..... 21432.426794: system_heap_dma_buf_release <-dma_buf_release
      queue0:src-23174   [001] ..... 21432.453338: system_heap_do_allocate.constprop.0 <-system_uncached_heap_allocate
 mppjpegenc0:src-23187   [003] ..... 21432.459979: system_heap_dma_buf_release <-dma_buf_release
      queue0:src-23174   [001] ..... 21432.486621: system_heap_do_allocate.constprop.0 <-system_uncached_heap_allocate
 mppjpegenc0:src-23187   [003] ..... 21432.493384: system_heap_dma_buf_release <-dma_buf_release
      queue0:src-23174   [001] ..... 21432.519879: system_heap_do_allocate.constprop.0 <-system_uncached_heap_allocate
 mppjpegenc0:src-23187   [003] ..... 21432.526602: system_heap_dma_buf_release <-dma_buf_release
      queue0:src-23174   [001] ..... 21432.553149: system_heap_do_allocate.constprop.0 <-system_uncached_heap_allocate
 mppjpegenc0:src-23187   [003] ..... 21432.559998: system_heap_dma_buf_release <-dma_buf_release
      queue0:src-23174   [001] ..... 21432.586463: system_heap_do_allocate.constprop.0 <-system_uncached_heap_allocate
 mppjpegenc0:src-23187   [003] ..... 21432.593209: system_heap_dma_buf_release <-dma_buf_release
      queue0:src-23174   [001] ..... 21432.619736: system_heap_do_allocate.constprop.0 <-system_uncached_heap_allocate
 mppjpegenc0:src-23187   [003] ..... 21432.626464: system_heap_dma_buf_release <-dma_buf_release
      queue0:src-23174   [001] ..... 21432.653012: system_heap_do_allocate.constprop.0 <-system_uncached_heap_allocate
 mppjpegenc0:src-23187   [003] ..... 21432.659732: system_heap_dma_buf_release <-dma_buf_release
      queue0:src-23174   [001] ..... 21432.686289: system_heap_do_allocate.constprop.0 <-system_uncached_heap_allocate
 mppjpegenc0:src-23187   [003] ..... 21432.693038: system_heap_dma_buf_release <-dma_buf_release
      queue0:src-23174   [001] ..... 21432.719570: system_heap_do_allocate.constprop.0 <-system_uncached_heap_allocate
 mppjpegenc0:src-23187   [003] ..... 21432.726221: system_heap_dma_buf_release <-dma_buf_release
      queue0:src-23174   [001] ..... 21432.752847: system_heap_do_allocate.constprop.0 <-system_uncached_heap_allocate
 mppjpegenc0:src-23187   [003] ..... 21432.759560: system_heap_dma_buf_release <-dma_buf_release
      queue0:src-23174   [001] ..... 21432.786142: system_heap_do_allocate.constprop.0 <-system_uncached_heap_allocate
 mppjpegenc0:src-23187   [003] ..... 21432.792920: system_heap_dma_buf_release <-dma_buf_release
      queue0:src-23174   [001] ..... 21432.819368: system_heap_do_allocate.constprop.0 <-system_uncached_heap_allocate
 mppjpegenc0:src-23187   [003] ..... 21432.826074: system_heap_dma_buf_release <-dma_buf_release
      queue0:src-23174   [001] ..... 21432.852692: system_heap_do_allocate.constprop.0 <-system_uncached_heap_allocate
 mppjpegenc0:src-23187   [003] ..... 21432.859474: system_heap_dma_buf_release <-dma_buf_release
      queue0:src-23174   [001] ..... 21432.885983: system_heap_do_allocate.constprop.0 <-system_uncached_heap_allocate
 mppjpegenc0:src-23187   [003] ..... 21432.892720: system_heap_dma_buf_release <-dma_buf_release
      queue0:src-23174   [001] ..... 21432.919247: system_heap_do_allocate.constprop.0 <-system_uncached_heap_allocate
 mppjpegenc0:src-23187   [003] ..... 21432.925969: system_heap_dma_buf_release <-dma_buf_release
      queue0:src-23174   [001] ..... 21432.952533: system_heap_do_allocate.constprop.0 <-system_uncached_heap_allocate
 mppjpegenc0:src-23187   [003] ..... 21432.959171: system_heap_dma_buf_release <-dma_buf_release
      queue0:src-23174   [001] ..... 21432.985822: system_heap_do_allocate.constprop.0 <-system_uncached_heap_allocate
 mppjpegenc0:src-23187   [003] ..... 21432.992560: system_heap_dma_buf_release <-dma_buf_release
      queue0:src-23174   [001] ..... 21433.019083: system_heap_do_allocate.constprop.0 <-system_uncached_heap_allocate
 mppjpegenc0:src-23187   [003] ..... 21433.025779: system_heap_dma_buf_release <-dma_buf_release
      queue0:src-23174   [001] ..... 21433.052376: system_heap_do_allocate.constprop.0 <-system_uncached_heap_allocate
 mppjpegenc0:src-23187   [003] ..... 21433.059113: system_heap_dma_buf_release <-dma_buf_release
      queue0:src-23174   [001] ..... 21433.085666: system_heap_do_allocate.constprop.0 <-system_uncached_heap_allocate
 mppjpegenc0:src-23187   [003] ..... 21433.092370: system_heap_dma_buf_release <-dma_buf_release
      queue0:src-23174   [001] ..... 21433.118891: system_heap_do_allocate.constprop.0 <-system_uncached_heap_allocate
 mppjpegenc0:src-23187   [003] ..... 21433.125667: system_heap_dma_buf_release <-dma_buf_release
      queue0:src-23174   [001] ..... 21433.152242: system_heap_do_allocate.constprop.0 <-system_uncached_heap_allocate
 mppjpegenc0:src-23187   [003] ..... 21433.158929: system_heap_dma_buf_release <-dma_buf_release
      queue0:src-23174   [001] ..... 21433.185499: system_heap_do_allocate.constprop.0 <-system_uncached_heap_allocate
 mppjpegenc0:src-23187   [003] ..... 21433.192264: system_heap_dma_buf_release <-dma_buf_release
      queue0:src-23174   [001] ..... 21433.218768: system_heap_do_allocate.constprop.0 <-system_uncached_heap_allocate
 mppjpegenc0:src-23187   [003] ..... 21433.225533: system_heap_dma_buf_release <-dma_buf_release
      queue0:src-23174   [001] ..... 21433.252072: system_heap_do_allocate.constprop.0 <-system_uncached_heap_allocate
 mppjpegenc0:src-23187   [003] ..... 21433.258808: system_heap_dma_buf_release <-dma_buf_release
      queue0:src-23174   [001] ..... 21433.285327: system_heap_do_allocate.constprop.0 <-system_uncached_heap_allocate
 mppjpegenc0:src-23187   [003] ..... 21433.292045: system_heap_dma_buf_release <-dma_buf_release
      queue0:src-23174   [001] ..... 21433.318610: system_heap_do_allocate.constprop.0 <-system_uncached_heap_allocate
 mppjpegenc0:src-23187   [003] ..... 21433.325368: system_heap_dma_buf_release <-dma_buf_release
      queue0:src-23174   [001] ..... 21433.351890: system_heap_do_allocate.constprop.0 <-system_uncached_heap_allocate
 mppjpegenc0:src-23187   [003] ..... 21433.358655: system_heap_dma_buf_release <-dma_buf_release
      queue0:src-23174   [001] ..... 21433.385180: system_heap_do_allocate.constprop.0 <-system_uncached_heap_allocate
 mppjpegenc0:src-23187   [003] ..... 21433.391949: system_heap_dma_buf_release <-dma_buf_release
      queue0:src-23174   [001] ..... 21433.418448: system_heap_do_allocate.constprop.0 <-system_uncached_heap_allocate
 mppjpegenc0:src-23187   [003] ..... 21433.425231: system_heap_dma_buf_release <-dma_buf_release
      queue0:src-23174   [001] ..... 21433.451761: system_heap_do_allocate.constprop.0 <-system_uncached_heap_allocate
 mppjpegenc0:src-23187   [003] ..... 21433.458521: system_heap_dma_buf_release <-dma_buf_release
      queue0:src-23174   [001] ..... 21433.485017: system_heap_do_allocate.constprop.0 <-system_uncached_heap_allocate
 mppjpegenc0:src-23187   [003] ..... 21433.491580: system_heap_dma_buf_release <-dma_buf_release
      queue0:src-23174   [001] ..... 21433.518298: system_heap_do_allocate.constprop.0 <-system_uncached_heap_allocate
 mppjpegenc0:src-23187   [003] ..... 21433.525025: system_heap_dma_buf_release <-dma_buf_release
      queue0:src-23174   [001] ..... 21433.551571: system_heap_do_allocate.constprop.0 <-system_uncached_heap_allocate
 mppjpegenc0:src-23187   [003] ..... 21433.558321: system_heap_dma_buf_release <-dma_buf_release
      queue0:src-23174   [001] ..... 21433.584798: system_heap_do_allocate.constprop.0 <-system_uncached_heap_allocate
 mppjpegenc0:src-23187   [003] ..... 21433.591299: system_heap_dma_buf_release <-dma_buf_release
      queue0:src-23174   [001] ..... 21433.618138: system_heap_do_allocate.constprop.0 <-system_uncached_heap_allocate
 mppjpegenc0:src-23187   [003] ..... 21433.624909: system_heap_dma_buf_release <-dma_buf_release
      queue0:src-23174   [001] ..... 21433.651400: system_heap_do_allocate.constprop.0 <-system_uncached_heap_allocate
 mppjpegenc0:src-23187   [003] ..... 21433.658149: system_heap_dma_buf_release <-dma_buf_release
      queue0:src-23174   [001] ..... 21433.684697: system_heap_do_allocate.constprop.0 <-system_uncached_heap_allocate
 mppjpegenc0:src-23187   [003] ..... 21433.691323: system_heap_dma_buf_release <-dma_buf_release
      queue0:src-23174   [001] ..... 21433.717968: system_heap_do_allocate.constprop.0 <-system_uncached_heap_allocate
 mppjpegenc0:src-23187   [003] ..... 21433.724703: system_heap_dma_buf_release <-dma_buf_release
      queue0:src-23174   [001] ..... 21433.751247: system_heap_do_allocate.constprop.0 <-system_uncached_heap_allocate
 mppjpegenc0:src-23187   [003] ..... 21433.758050: system_heap_dma_buf_release <-dma_buf_release
      queue0:src-23174   [001] ..... 21433.784538: system_heap_do_allocate.constprop.0 <-system_uncached_heap_allocate
 mppjpegenc0:src-23187   [003] ..... 21433.791275: system_heap_dma_buf_release <-dma_buf_release
      queue0:src-23174   [001] ..... 21433.817818: system_heap_do_allocate.constprop.0 <-system_uncached_heap_allocate
 mppjpegenc0:src-23187   [003] ..... 21433.824566: system_heap_dma_buf_release <-dma_buf_release
      queue0:src-23174   [001] ..... 21433.851090: system_heap_do_allocate.constprop.0 <-system_uncached_heap_allocate
 mppjpegenc0:src-23187   [003] ..... 21433.857910: system_heap_dma_buf_release <-dma_buf_release
      queue0:src-23174   [001] ..... 21433.884370: system_heap_do_allocate.constprop.0 <-system_uncached_heap_allocate
 mppjpegenc0:src-23187   [003] ..... 21433.891128: system_heap_dma_buf_release <-dma_buf_release
      queue0:src-23174   [001] ..... 21433.917661: system_heap_do_allocate.constprop.0 <-system_uncached_heap_allocate
 mppjpegenc0:src-23187   [003] ..... 21433.924420: system_heap_dma_buf_release <-dma_buf_release
      queue0:src-23174   [001] ..... 21433.950928: system_heap_do_allocate.constprop.0 <-system_uncached_heap_allocate
 mppjpegenc0:src-23187   [003] ..... 21433.957732: system_heap_dma_buf_release <-dma_buf_release
      queue0:src-23174   [001] ..... 21433.984244: system_heap_do_allocate.constprop.0 <-system_uncached_heap_allocate
 mppjpegenc0:src-23187   [003] ..... 21433.990949: system_heap_dma_buf_release <-dma_buf_release
      queue0:src-23174   [001] ..... 21434.017504: system_heap_do_allocate.constprop.0 <-system_uncached_heap_allocate
 mppjpegenc0:src-23187   [003] ..... 21434.024312: system_heap_dma_buf_release <-dma_buf_release
      queue0:src-23174   [001] ..... 21434.050771: system_heap_do_allocate.constprop.0 <-system_uncached_heap_allocate
 mppjpegenc0:src-23187   [003] ..... 21434.057540: system_heap_dma_buf_release <-dma_buf_release
      queue0:src-23174   [001] ..... 21434.084065: system_heap_do_allocate.constprop.0 <-system_uncached_heap_allocate
 mppjpegenc0:src-23187   [003] ..... 21434.090808: system_heap_dma_buf_release <-dma_buf_release
      queue0:src-23174   [001] ..... 21434.117327: system_heap_do_allocate.constprop.0 <-system_uncached_heap_allocate
 mppjpegenc0:src-23187   [003] ..... 21434.124084: system_heap_dma_buf_release <-dma_buf_release
      queue0:src-23174   [001] ..... 21434.150606: system_heap_do_allocate.constprop.0 <-system_uncached_heap_allocate
 mppjpegenc0:src-23187   [003] ..... 21434.157381: system_heap_dma_buf_release <-dma_buf_release
      queue0:src-23174   [001] ..... 21434.183875: system_heap_do_allocate.constprop.0 <-system_uncached_heap_allocate
 mppjpegenc0:src-23187   [003] ..... 21434.190639: system_heap_dma_buf_release <-dma_buf_release
      queue0:src-23174   [001] ..... 21434.217178: system_heap_do_allocate.constprop.0 <-system_uncached_heap_allocate
 mppjpegenc0:src-23187   [003] ..... 21434.223954: system_heap_dma_buf_release <-dma_buf_release
      queue0:src-23174   [001] ..... 21434.250452: system_heap_do_allocate.constprop.0 <-system_uncached_heap_allocate
 mppjpegenc0:src-23187   [003] ..... 21434.257232: system_heap_dma_buf_release <-dma_buf_release
      queue0:src-23174   [001] ..... 21434.283779: system_heap_do_allocate.constprop.0 <-system_uncached_heap_allocate
 mppjpegenc0:src-23187   [003] ..... 21434.290541: system_heap_dma_buf_release <-dma_buf_release
      queue0:src-23174   [001] ..... 21434.317017: system_heap_do_allocate.constprop.0 <-system_uncached_heap_allocate
 mppjpegenc0:src-23187   [003] ..... 21434.323654: system_heap_dma_buf_release <-dma_buf_release
      queue0:src-23174   [001] ..... 21434.350291: system_heap_do_allocate.constprop.0 <-system_uncached_heap_allocate
 mppjpegenc0:src-23187   [003] ..... 21434.357042: system_heap_dma_buf_release <-dma_buf_release
      queue0:src-23174   [001] ..... 21434.383593: system_heap_do_allocate.constprop.0 <-system_uncached_heap_allocate
 mppjpegenc0:src-23187   [003] ..... 21434.390355: system_heap_dma_buf_release <-dma_buf_release
      queue0:src-23174   [001] ..... 21434.416852: system_heap_do_allocate.constprop.0 <-system_uncached_heap_allocate
 mppjpegenc0:src-23187   [003] ..... 21434.423559: system_heap_dma_buf_release <-dma_buf_release
      queue0:src-23174   [001] ..... 21434.450136: system_heap_do_allocate.constprop.0 <-system_uncached_heap_allocate
 mppjpegenc0:src-23187   [003] ..... 21434.456915: system_heap_dma_buf_release <-dma_buf_release
      queue0:src-23174   [001] ..... 21434.483408: system_heap_do_allocate.constprop.0 <-system_uncached_heap_allocate
 mppjpegenc0:src-23187   [003] ..... 21434.490145: system_heap_dma_buf_release <-dma_buf_release
      queue0:src-23174   [001] ..... 21434.516686: system_heap_do_allocate.constprop.0 <-system_uncached_heap_allocate
 mppjpegenc0:src-23187   [003] ..... 21434.523289: system_heap_dma_buf_release <-dma_buf_release
      queue0:src-23174   [001] ..... 21434.549967: system_heap_do_allocate.constprop.0 <-system_uncached_heap_allocate
 mppjpegenc0:src-23187   [003] ..... 21434.556682: system_heap_dma_buf_release <-dma_buf_release
      queue0:src-23174   [001] ..... 21434.583246: system_heap_do_allocate.constprop.0 <-system_uncached_heap_allocate
 mppjpegenc0:src-23187   [003] ..... 21434.590105: system_heap_dma_buf_release <-dma_buf_release
      queue0:src-23174   [001] ..... 21434.616544: system_heap_do_allocate.constprop.0 <-system_uncached_heap_allocate
 mppjpegenc0:src-23187   [000] ..... 21434.623144: system_heap_dma_buf_release <-dma_buf_release
      queue0:src-23174   [001] ..... 21434.649812: system_heap_do_allocate.constprop.0 <-system_uncached_heap_allocate
 mppjpegenc0:src-23187   [000] ..... 21434.656495: system_heap_dma_buf_release <-dma_buf_release
      queue0:src-23174   [001] ..... 21434.683051: system_heap_do_allocate.constprop.0 <-system_uncached_heap_allocate
 mppjpegenc0:src-23187   [000] ..... 21434.689728: system_heap_dma_buf_release <-dma_buf_release
      queue0:src-23174   [001] ..... 21434.716340: system_heap_do_allocate.constprop.0 <-system_uncached_heap_allocate
 mppjpegenc0:src-23187   [000] ..... 21434.723102: system_heap_dma_buf_release <-dma_buf_release
      queue0:src-23174   [001] ..... 21434.749651: system_heap_do_allocate.constprop.0 <-system_uncached_heap_allocate
 mppjpegenc0:src-23187   [000] ..... 21434.756364: system_heap_dma_buf_release <-dma_buf_release
      queue0:src-23174   [001] ..... 21434.782891: system_heap_do_allocate.constprop.0 <-system_uncached_heap_allocate
 mppjpegenc0:src-23187   [000] ..... 21434.789660: system_heap_dma_buf_release <-dma_buf_release
      queue0:src-23174   [001] ..... 21434.816225: system_heap_do_allocate.constprop.0 <-system_uncached_heap_allocate
 mppjpegenc0:src-23187   [000] ..... 21434.822992: system_heap_dma_buf_release <-dma_buf_release
      queue0:src-23174   [001] ..... 21434.849494: system_heap_do_allocate.constprop.0 <-system_uncached_heap_allocate
 mppjpegenc0:src-23187   [000] ..... 21434.856196: system_heap_dma_buf_release <-dma_buf_release
      queue0:src-23174   [001] ..... 21434.882766: system_heap_do_allocate.constprop.0 <-system_uncached_heap_allocate
 mppjpegenc0:src-23187   [000] ..... 21434.889542: system_heap_dma_buf_release <-dma_buf_release
      queue0:src-23174   [001] ..... 21434.916067: system_heap_do_allocate.constprop.0 <-system_uncached_heap_allocate
 mppjpegenc0:src-23187   [000] ..... 21434.922846: system_heap_dma_buf_release <-dma_buf_release
      queue0:src-23174   [001] ..... 21434.949330: system_heap_do_allocate.constprop.0 <-system_uncached_heap_allocate
 mppjpegenc0:src-23187   [000] ..... 21434.956023: system_heap_dma_buf_release <-dma_buf_release
      queue0:src-23174   [001] ..... 21434.982612: system_heap_do_allocate.constprop.0 <-system_uncached_heap_allocate
 mppjpegenc0:src-23187   [000] ..... 21434.989378: system_heap_dma_buf_release <-dma_buf_release
      queue0:src-23174   [001] ..... 21435.015880: system_heap_do_allocate.constprop.0 <-system_uncached_heap_allocate
 mppjpegenc0:src-23187   [000] ..... 21435.022654: system_heap_dma_buf_release <-dma_buf_release
      queue0:src-23174   [001] ..... 21435.049172: system_heap_do_allocate.constprop.0 <-system_uncached_heap_allocate
 mppjpegenc0:src-23187   [000] ..... 21435.055906: system_heap_dma_buf_release <-dma_buf_release
      queue0:src-23174   [001] ..... 21435.082445: system_heap_do_allocate.constprop.0 <-system_uncached_heap_allocate
 mppjpegenc0:src-23187   [000] ..... 21435.089229: system_heap_dma_buf_release <-dma_buf_release
      queue0:src-23174   [001] ..... 21435.115751: system_heap_do_allocate.constprop.0 <-system_uncached_heap_allocate
 mppjpegenc0:src-23187   [000] ..... 21435.122494: system_heap_dma_buf_release <-dma_buf_release
      queue0:src-23174   [001] ..... 21435.149015: system_heap_do_allocate.constprop.0 <-system_uncached_heap_allocate
 mppjpegenc0:src-23187   [000] ..... 21435.155626: system_heap_dma_buf_release <-dma_buf_release
      queue0:src-23174   [001] ..... 21435.182289: system_heap_do_allocate.constprop.0 <-system_uncached_heap_allocate
 mppjpegenc0:src-23187   [000] ..... 21435.189068: system_heap_dma_buf_release <-dma_buf_release
      queue0:src-23174   [001] ..... 21435.215583: system_heap_do_allocate.constprop.0 <-system_uncached_heap_allocate
 mppjpegenc0:src-23187   [000] ..... 21435.222347: system_heap_dma_buf_release <-dma_buf_release
      queue0:src-23174   [001] ..... 21435.248853: system_heap_do_allocate.constprop.0 <-system_uncached_heap_allocate
 mppjpegenc0:src-23187   [000] ..... 21435.255521: system_heap_dma_buf_release <-dma_buf_release
      queue0:src-23174   [001] ..... 21435.282129: system_heap_do_allocate.constprop.0 <-system_uncached_heap_allocate
 mppjpegenc0:src-23187   [000] ..... 21435.288926: system_heap_dma_buf_release <-dma_buf_release
      queue0:src-23174   [001] ..... 21435.315404: system_heap_do_allocate.constprop.0 <-system_uncached_heap_allocate
 mppjpegenc0:src-23187   [000] ..... 21435.322190: system_heap_dma_buf_release <-dma_buf_release
      queue0:src-23174   [001] ..... 21435.348690: system_heap_do_allocate.constprop.0 <-system_uncached_heap_allocate
 mppjpegenc0:src-23187   [000] ..... 21435.355364: system_heap_dma_buf_release <-dma_buf_release
      queue0:src-23174   [001] ..... 21435.381971: system_heap_do_allocate.constprop.0 <-system_uncached_heap_allocate
 mppjpegenc0:src-23187   [000] ..... 21435.388734: system_heap_dma_buf_release <-dma_buf_release
      queue0:src-23174   [001] ..... 21435.415248: system_heap_do_allocate.constprop.0 <-system_uncached_heap_allocate
 mppjpegenc0:src-23187   [000] ..... 21435.422030: system_heap_dma_buf_release <-dma_buf_release
      queue0:src-23174   [001] ..... 21435.448530: system_heap_do_allocate.constprop.0 <-system_uncached_heap_allocate
 mppjpegenc0:src-23187   [000] ..... 21435.455182: system_heap_dma_buf_release <-dma_buf_release
      queue0:src-23174   [001] ..... 21435.481806: system_heap_do_allocate.constprop.0 <-system_uncached_heap_allocate
 mppjpegenc0:src-23187   [000] ..... 21435.488578: system_heap_dma_buf_release <-dma_buf_release
      queue0:src-23174   [001] ..... 21435.515068: system_heap_do_allocate.constprop.0 <-system_uncached_heap_allocate
 mppjpegenc0:src-23187   [000] ..... 21435.521856: system_heap_dma_buf_release <-dma_buf_release
      queue0:src-23174   [001] ..... 21435.548339: system_heap_do_allocate.constprop.0 <-system_uncached_heap_allocate
 mppjpegenc0:src-23187   [000] ..... 21435.555088: system_heap_dma_buf_release <-dma_buf_release
      queue0:src-23174   [001] ..... 21435.581652: system_heap_do_allocate.constprop.0 <-system_uncached_heap_allocate
 mppjpegenc0:src-23187   [000] ..... 21435.588346: system_heap_dma_buf_release <-dma_buf_release
      queue0:src-23174   [000] ..... 21435.614977: system_heap_do_allocate.constprop.0 <-system_uncached_heap_allocate
 mppjpegenc0:src-23187   [003] ..... 21435.621675: system_heap_dma_buf_release <-dma_buf_release
      queue0:src-23174   [000] ..... 21435.648220: system_heap_do_allocate.constprop.0 <-system_uncached_heap_allocate
 mppjpegenc0:src-23187   [003] ..... 21435.654778: system_heap_dma_buf_release <-dma_buf_release
      queue0:src-23174   [000] ..... 21435.681488: system_heap_do_allocate.constprop.0 <-system_uncached_heap_allocate
 mppjpegenc0:src-23187   [003] ..... 21435.687967: system_heap_dma_buf_release <-dma_buf_release
      queue0:src-23174   [000] ..... 21435.714776: system_heap_do_allocate.constprop.0 <-system_uncached_heap_allocate
 mppjpegenc0:src-23187   [003] ..... 21435.721476: system_heap_dma_buf_release <-dma_buf_release
      queue0:src-23174   [000] ..... 21435.748025: system_heap_do_allocate.constprop.0 <-system_uncached_heap_allocate
 mppjpegenc0:src-23187   [003] ..... 21435.754688: system_heap_dma_buf_release <-dma_buf_release
      queue0:src-23174   [000] ..... 21435.781336: system_heap_do_allocate.constprop.0 <-system_uncached_heap_allocate
 mppjpegenc0:src-23187   [003] ..... 21435.788095: system_heap_dma_buf_release <-dma_buf_release
      queue0:src-23174   [000] ..... 21435.814608: system_heap_do_allocate.constprop.0 <-system_uncached_heap_allocate
 mppjpegenc0:src-23187   [003] ..... 21435.821351: system_heap_dma_buf_release <-dma_buf_release
      queue0:src-23174   [000] ..... 21435.847883: system_heap_do_allocate.constprop.0 <-system_uncached_heap_allocate
 mppjpegenc0:src-23187   [003] ..... 21435.854613: system_heap_dma_buf_release <-dma_buf_release
      queue0:src-23174   [000] ..... 21435.881168: system_heap_do_allocate.constprop.0 <-system_uncached_heap_allocate
 mppjpegenc0:src-23187   [003] ..... 21435.887948: system_heap_dma_buf_release <-dma_buf_release
      queue0:src-23174   [000] ..... 21435.914453: system_heap_do_allocate.constprop.0 <-system_uncached_heap_allocate
 mppjpegenc0:src-23187   [003] ..... 21435.921202: system_heap_dma_buf_release <-dma_buf_release
      queue0:src-23174   [000] ..... 21435.947744: system_heap_do_allocate.constprop.0 <-system_uncached_heap_allocate
 mppjpegenc0:src-23187   [003] ..... 21435.954484: system_heap_dma_buf_release <-dma_buf_release
      queue0:src-23174   [000] ..... 21435.981016: system_heap_do_allocate.constprop.0 <-system_uncached_heap_allocate
 mppjpegenc0:src-23187   [003] ..... 21435.987660: system_heap_dma_buf_release <-dma_buf_release
      queue0:src-23174   [000] ..... 21436.014288: system_heap_do_allocate.constprop.0 <-system_uncached_heap_allocate
 mppjpegenc0:src-23187   [003] ..... 21436.021004: system_heap_dma_buf_release <-dma_buf_release
      queue0:src-23174   [000] ..... 21436.047614: system_heap_do_allocate.constprop.0 <-system_uncached_heap_allocate
 mppjpegenc0:src-23187   [003] ..... 21436.054360: system_heap_dma_buf_release <-dma_buf_release
      queue0:src-23174   [000] ..... 21436.080850: system_heap_do_allocate.constprop.0 <-system_uncached_heap_allocate
 mppjpegenc0:src-23187   [003] ..... 21436.087374: system_heap_dma_buf_release <-dma_buf_release
      queue0:src-23174   [000] ..... 21436.114136: system_heap_do_allocate.constprop.0 <-system_uncached_heap_allocate
 mppjpegenc0:src-23187   [003] ..... 21436.120996: system_heap_dma_buf_release <-dma_buf_release
      queue0:src-23174   [001] ..... 21436.147379: system_heap_do_allocate.constprop.0 <-system_uncached_heap_allocate
 mppjpegenc0:src-23187   [003] ..... 21436.154034: system_heap_dma_buf_release <-dma_buf_release
      queue0:src-23174   [001] ..... 21436.180693: system_heap_do_allocate.constprop.0 <-system_uncached_heap_allocate
 mppjpegenc0:src-23187   [003] ..... 21436.187314: system_heap_dma_buf_release <-dma_buf_release
      queue0:src-23174   [001] ..... 21436.213980: system_heap_do_allocate.constprop.0 <-system_uncached_heap_allocate
 mppjpegenc0:src-23187   [003] ..... 21436.220753: system_heap_dma_buf_release <-dma_buf_release
      queue0:src-23174   [001] ..... 21436.247210: system_heap_do_allocate.constprop.0 <-system_uncached_heap_allocate
 mppjpegenc0:src-23187   [003] ..... 21436.253997: system_heap_dma_buf_release <-dma_buf_release
      queue0:src-23174   [001] ..... 21436.280526: system_heap_do_allocate.constprop.0 <-system_uncached_heap_allocate
 mppjpegenc0:src-23187   [003] ..... 21436.287368: system_heap_dma_buf_release <-dma_buf_release
      queue0:src-23174   [001] ..... 21436.313831: system_heap_do_allocate.constprop.0 <-system_uncached_heap_allocate
 mppjpegenc0:src-23187   [002] ..... 21436.320507: system_heap_dma_buf_release <-dma_buf_release
      queue0:src-23174   [001] ..... 21436.347053: system_heap_do_allocate.constprop.0 <-system_uncached_heap_allocate
 mppjpegenc0:src-23187   [002] ..... 21436.353827: system_heap_dma_buf_release <-dma_buf_release
      queue0:src-23174   [001] ..... 21436.380372: system_heap_do_allocate.constprop.0 <-system_uncached_heap_allocate
 mppjpegenc0:src-23187   [002] ..... 21436.387010: system_heap_dma_buf_release <-dma_buf_release
      queue0:src-23174   [001] ..... 21436.413657: system_heap_do_allocate.constprop.0 <-system_uncached_heap_allocate
 mppjpegenc0:src-23187   [002] ..... 21436.420312: system_heap_dma_buf_release <-dma_buf_release
      queue0:src-23174   [001] ..... 21436.446893: system_heap_do_allocate.constprop.0 <-system_uncached_heap_allocate
 mppjpegenc0:src-23187   [002] ..... 21436.453640: system_heap_dma_buf_release <-dma_buf_release
      queue0:src-23174   [001] ..... 21436.480213: system_heap_do_allocate.constprop.0 <-system_uncached_heap_allocate
 mppjpegenc0:src-23187   [002] ..... 21436.486981: system_heap_dma_buf_release <-dma_buf_release
      queue0:src-23174   [001] ..... 21436.513502: system_heap_do_allocate.constprop.0 <-system_uncached_heap_allocate
 mppjpegenc0:src-23187   [002] ..... 21436.520207: system_heap_dma_buf_release <-dma_buf_release
      queue0:src-23174   [001] ..... 21436.546734: system_heap_do_allocate.constprop.0 <-system_uncached_heap_allocate
 mppjpegenc0:src-23187   [002] ..... 21436.553476: system_heap_dma_buf_release <-dma_buf_release
      queue0:src-23174   [001] ..... 21436.580054: system_heap_do_allocate.constprop.0 <-system_uncached_heap_allocate
 mppjpegenc0:src-23187   [002] ..... 21436.586802: system_heap_dma_buf_release <-dma_buf_release
      queue0:src-23174   [001] ..... 21436.613340: system_heap_do_allocate.constprop.0 <-system_uncached_heap_allocate
 mppjpegenc0:src-23187   [000] ..... 21436.620284: system_heap_dma_buf_release <-dma_buf_release
      queue0:src-23174   [001] ..... 21436.646595: system_heap_do_allocate.constprop.0 <-system_uncached_heap_allocate
 mppjpegenc0:src-23187   [002] ..... 21436.653382: system_heap_dma_buf_release <-dma_buf_release
      queue0:src-23174   [001] ..... 21436.679901: system_heap_do_allocate.constprop.0 <-system_uncached_heap_allocate
 mppjpegenc0:src-23187   [002] ..... 21436.686607: system_heap_dma_buf_release <-dma_buf_release
      queue0:src-23174   [001] ..... 21436.713185: system_heap_do_allocate.constprop.0 <-system_uncached_heap_allocate
 mppjpegenc0:src-23187   [002] ..... 21436.719822: system_heap_dma_buf_release <-dma_buf_release
      queue0:src-23174   [001] ..... 21436.746443: system_heap_do_allocate.constprop.0 <-system_uncached_heap_allocate
 mppjpegenc0:src-23187   [002] ..... 21436.753172: system_heap_dma_buf_release <-dma_buf_release
      queue0:src-23174   [001] ..... 21436.779748: system_heap_do_allocate.constprop.0 <-system_uncached_heap_allocate
 mppjpegenc0:src-23187   [002] ..... 21436.786462: system_heap_dma_buf_release <-dma_buf_release
      queue0:src-23174   [001] ..... 21436.813012: system_heap_do_allocate.constprop.0 <-system_uncached_heap_allocate
 mppjpegenc0:src-23187   [002] ..... 21436.819553: system_heap_dma_buf_release <-dma_buf_release
      queue0:src-23174   [001] ..... 21436.846284: system_heap_do_allocate.constprop.0 <-system_uncached_heap_allocate
 mppjpegenc0:src-23187   [002] ..... 21436.852997: system_heap_dma_buf_release <-dma_buf_release
      queue0:src-23174   [001] ..... 21436.879605: system_heap_do_allocate.constprop.0 <-system_uncached_heap_allocate
 mppjpegenc0:src-23187   [002] ..... 21436.886297: system_heap_dma_buf_release <-dma_buf_release
      queue0:src-23174   [001] ..... 21436.912853: system_heap_do_allocate.constprop.0 <-system_uncached_heap_allocate
 mppjpegenc0:src-23187   [002] ..... 21436.919485: system_heap_dma_buf_release <-dma_buf_release
      queue0:src-23174   [001] ..... 21436.946131: system_heap_do_allocate.constprop.0 <-system_uncached_heap_allocate
 mppjpegenc0:src-23187   [002] ..... 21436.952836: system_heap_dma_buf_release <-dma_buf_release
      queue0:src-23174   [001] ..... 21436.979416: system_heap_do_allocate.constprop.0 <-system_uncached_heap_allocate
 mppjpegenc0:src-23187   [002] ..... 21436.986108: system_heap_dma_buf_release <-dma_buf_release
      queue0:src-23174   [001] ..... 21437.012696: system_heap_do_allocate.constprop.0 <-system_uncached_heap_allocate
 mppjpegenc0:src-23187   [002] ..... 21437.019346: system_heap_dma_buf_release <-dma_buf_release
      queue0:src-23174   [001] ..... 21437.045971: system_heap_do_allocate.constprop.0 <-system_uncached_heap_allocate
 mppjpegenc0:src-23187   [002] ..... 21437.052650: system_heap_dma_buf_release <-dma_buf_release
      queue0:src-23174   [001] ..... 21437.079240: system_heap_do_allocate.constprop.0 <-system_uncached_heap_allocate
 mppjpegenc0:src-23187   [002] ..... 21437.085923: system_heap_dma_buf_release <-dma_buf_release
      queue0:src-23174   [001] ..... 21437.112533: system_heap_do_allocate.constprop.0 <-system_uncached_heap_allocate
 mppjpegenc0:src-23187   [002] ..... 21437.119181: system_heap_dma_buf_release <-dma_buf_release
      queue0:src-23174   [001] ..... 21437.145814: system_heap_do_allocate.constprop.0 <-system_uncached_heap_allocate
 mppjpegenc0:src-23187   [002] ..... 21437.152527: system_heap_dma_buf_release <-dma_buf_release
      queue0:src-23174   [001] ..... 21437.179053: system_heap_do_allocate.constprop.0 <-system_uncached_heap_allocate
 mppjpegenc0:src-23187   [002] ..... 21437.185768: system_heap_dma_buf_release <-dma_buf_release
      queue0:src-23174   [001] ..... 21437.212364: system_heap_do_allocate.constprop.0 <-system_uncached_heap_allocate
 mppjpegenc0:src-23187   [002] ..... 21437.219074: system_heap_dma_buf_release <-dma_buf_release
      queue0:src-23174   [001] ..... 21437.245646: system_heap_do_allocate.constprop.0 <-system_uncached_heap_allocate
 mppjpegenc0:src-23187   [002] ..... 21437.252353: system_heap_dma_buf_release <-dma_buf_release
      queue0:src-23174   [001] ..... 21437.278930: system_heap_do_allocate.constprop.0 <-system_uncached_heap_allocate
 mppjpegenc0:src-23187   [000] ..... 21437.285629: system_heap_dma_buf_release <-dma_buf_release
      queue0:src-23174   [001] ..... 21437.312218: system_heap_do_allocate.constprop.0 <-system_uncached_heap_allocate
 mppjpegenc0:src-23187   [000] ..... 21437.318921: system_heap_dma_buf_release <-dma_buf_release
      queue0:src-23174   [001] ..... 21437.345489: system_heap_do_allocate.constprop.0 <-system_uncached_heap_allocate
 mppjpegenc0:src-23187   [000] ..... 21437.352073: system_heap_dma_buf_release <-dma_buf_release
      queue0:src-23174   [001] ..... 21437.378761: system_heap_do_allocate.constprop.0 <-system_uncached_heap_allocate
 mppjpegenc0:src-23187   [000] ..... 21437.385466: system_heap_dma_buf_release <-dma_buf_release
      queue0:src-23174   [001] ..... 21437.412058: system_heap_do_allocate.constprop.0 <-system_uncached_heap_allocate
 mppjpegenc0:src-23187   [000] ..... 21437.418768: system_heap_dma_buf_release <-dma_buf_release
      queue0:src-23174   [001] ..... 21437.445335: system_heap_do_allocate.constprop.0 <-system_uncached_heap_allocate
 mppjpegenc0:src-23187   [000] ..... 21437.452038: system_heap_dma_buf_release <-dma_buf_release
      queue0:src-23174   [001] ..... 21437.478612: system_heap_do_allocate.constprop.0 <-system_uncached_heap_allocate
 mppjpegenc0:src-23187   [000] ..... 21437.485329: system_heap_dma_buf_release <-dma_buf_release
      queue0:src-23174   [001] ..... 21437.511900: system_heap_do_allocate.constprop.0 <-system_uncached_heap_allocate
 mppjpegenc0:src-23187   [000] ..... 21437.518622: system_heap_dma_buf_release <-dma_buf_release
      queue0:src-23174   [001] ..... 21437.545171: system_heap_do_allocate.constprop.0 <-system_uncached_heap_allocate
 mppjpegenc0:src-23187   [000] ..... 21437.551852: system_heap_dma_buf_release <-dma_buf_release
      queue0:src-23174   [001] ..... 21437.578454: system_heap_do_allocate.constprop.0 <-system_uncached_heap_allocate
 mppjpegenc0:src-23187   [000] ..... 21437.585201: system_heap_dma_buf_release <-dma_buf_release
      queue0:src-23174   [001] ..... 21437.611763: system_heap_do_allocate.constprop.0 <-system_uncached_heap_allocate
 mppjpegenc0:src-23187   [000] ..... 21437.618464: system_heap_dma_buf_release <-dma_buf_release
      queue0:src-23174   [002] ..... 21437.644923: system_heap_do_allocate.constprop.0 <-system_uncached_heap_allocate
 mppjpegenc0:src-23187   [000] ..... 21437.651490: system_heap_dma_buf_release <-dma_buf_release
      queue0:src-23174   [002] ..... 21437.678295: system_heap_do_allocate.constprop.0 <-system_uncached_heap_allocate
 mppjpegenc0:src-23187   [000] ..... 21437.684949: system_heap_dma_buf_release <-dma_buf_release
      queue0:src-23174   [002] ..... 21437.711539: system_heap_do_allocate.constprop.0 <-system_uncached_heap_allocate
 mppjpegenc0:src-23187   [000] ..... 21437.718175: system_heap_dma_buf_release <-dma_buf_release
      queue0:src-23174   [002] ..... 21437.744851: system_heap_do_allocate.constprop.0 <-system_uncached_heap_allocate
 mppjpegenc0:src-23187   [000] ..... 21437.751381: system_heap_dma_buf_release <-dma_buf_release
      queue0:src-23174   [002] ..... 21437.778136: system_heap_do_allocate.constprop.0 <-system_uncached_heap_allocate
 mppjpegenc0:src-23187   [000] ..... 21437.784809: system_heap_dma_buf_release <-dma_buf_release
      queue0:src-23174   [002] ..... 21437.811397: system_heap_do_allocate.constprop.0 <-system_uncached_heap_allocate
 mppjpegenc0:src-23187   [000] ..... 21437.818128: system_heap_dma_buf_release <-dma_buf_release
      queue0:src-23174   [002] ..... 21437.844694: system_heap_do_allocate.constprop.0 <-system_uncached_heap_allocate
 mppjpegenc0:src-23187   [000] ..... 21437.851340: system_heap_dma_buf_release <-dma_buf_release
      queue0:src-23174   [002] ..... 21437.877971: system_heap_do_allocate.constprop.0 <-system_uncached_heap_allocate
 mppjpegenc0:src-23187   [000] ..... 21437.884685: system_heap_dma_buf_release <-dma_buf_release
      queue0:src-23174   [002] ..... 21437.911210: system_heap_do_allocate.constprop.0 <-system_uncached_heap_allocate
 mppjpegenc0:src-23187   [000] ..... 21437.917943: system_heap_dma_buf_release <-dma_buf_release
      queue0:src-23174   [002] ..... 21437.944534: system_heap_do_allocate.constprop.0 <-system_uncached_heap_allocate
 mppjpegenc0:src-23187   [000] ..... 21437.951125: system_heap_dma_buf_release <-dma_buf_release
      queue0:src-23174   [002] ..... 21437.977820: system_heap_do_allocate.constprop.0 <-system_uncached_heap_allocate
 mppjpegenc0:src-23187   [000] ..... 21437.984549: system_heap_dma_buf_release <-dma_buf_release
      queue0:src-23174   [001] ..... 21438.011070: system_heap_do_allocate.constprop.0 <-system_uncached_heap_allocate
 mppjpegenc0:src-23187   [000] ..... 21438.017773: system_heap_dma_buf_release <-dma_buf_release
      queue0:src-23174   [001] ..... 21438.044334: system_heap_do_allocate.constprop.0 <-system_uncached_heap_allocate
 mppjpegenc0:src-23187   [000] ..... 21438.050849: system_heap_dma_buf_release <-dma_buf_release
      queue0:src-23174   [001] ..... 21438.077658: system_heap_do_allocate.constprop.0 <-system_uncached_heap_allocate
 mppjpegenc0:src-23187   [000] ..... 21438.084233: system_heap_dma_buf_release <-dma_buf_release
      queue0:src-23174   [001] ..... 21438.110912: system_heap_do_allocate.constprop.0 <-system_uncached_heap_allocate
 mppjpegenc0:src-23187   [000] ..... 21438.117588: system_heap_dma_buf_release <-dma_buf_release
      queue0:src-23174   [000] ..... 21438.144238: system_heap_do_allocate.constprop.0 <-system_uncached_heap_allocate
 mppjpegenc0:src-23187   [000] ..... 21438.150785: system_heap_dma_buf_release <-dma_buf_release
      queue0:src-23174   [000] ..... 21438.177495: system_heap_do_allocate.constprop.0 <-system_uncached_heap_allocate
 mppjpegenc0:src-23187   [000] ..... 21438.184056: system_heap_dma_buf_release <-dma_buf_release
      queue0:src-23174   [000] ..... 21438.210767: system_heap_do_allocate.constprop.0 <-system_uncached_heap_allocate
 mppjpegenc0:src-23187   [000] ..... 21438.217426: system_heap_dma_buf_release <-dma_buf_release
      queue0:src-23174   [000] ..... 21438.244070: system_heap_do_allocate.constprop.0 <-system_uncached_heap_allocate
 mppjpegenc0:src-23187   [000] ..... 21438.250607: system_heap_dma_buf_release <-dma_buf_release
      queue0:src-23174   [000] ..... 21438.277335: system_heap_do_allocate.constprop.0 <-system_uncached_heap_allocate
 mppjpegenc0:src-23187   [000] ..... 21438.283893: system_heap_dma_buf_release <-dma_buf_release
      queue0:src-23174   [000] ..... 21438.310612: system_heap_do_allocate.constprop.0 <-system_uncached_heap_allocate
 mppjpegenc0:src-23187   [000] ..... 21438.317257: system_heap_dma_buf_release <-dma_buf_release
      queue0:src-23174   [000] ..... 21438.343891: system_heap_do_allocate.constprop.0 <-system_uncached_heap_allocate
 mppjpegenc0:src-23187   [000] ..... 21438.350488: system_heap_dma_buf_release <-dma_buf_release
      queue0:src-23174   [000] ..... 21438.377176: system_heap_do_allocate.constprop.0 <-system_uncached_heap_allocate
 mppjpegenc0:src-23187   [001] ..... 21438.383722: system_heap_dma_buf_release <-dma_buf_release
      queue0:src-23174   [000] ..... 21438.410454: system_heap_do_allocate.constprop.0 <-system_uncached_heap_allocate
 mppjpegenc0:src-23187   [001] ..... 21438.417098: system_heap_dma_buf_release <-dma_buf_release
      queue0:src-23174   [000] ..... 21438.443755: system_heap_do_allocate.constprop.0 <-system_uncached_heap_allocate
 mppjpegenc0:src-23187   [001] ..... 21438.450368: system_heap_dma_buf_release <-dma_buf_release
      queue0:src-23174   [000] ..... 21438.477036: system_heap_do_allocate.constprop.0 <-system_uncached_heap_allocate
 mppjpegenc0:src-23187   [001] ..... 21438.483469: system_heap_dma_buf_release <-dma_buf_release
      queue0:src-23174   [000] ..... 21438.510287: system_heap_do_allocate.constprop.0 <-system_uncached_heap_allocate
 mppjpegenc0:src-23187   [001] ..... 21438.516942: system_heap_dma_buf_release <-dma_buf_release
      queue0:src-23174   [000] ..... 21438.543591: system_heap_do_allocate.constprop.0 <-system_uncached_heap_allocate
 mppjpegenc0:src-23187   [001] ..... 21438.550219: system_heap_dma_buf_release <-dma_buf_release
      queue0:src-23174   [000] ..... 21438.576853: system_heap_do_allocate.constprop.0 <-system_uncached_heap_allocate
 mppjpegenc0:src-23187   [001] ..... 21438.583266: system_heap_dma_buf_release <-dma_buf_release
      queue0:src-23174   [000] ..... 21438.610130: system_heap_do_allocate.constprop.0 <-system_uncached_heap_allocate
 mppjpegenc0:src-23187   [001] ..... 21438.616768: system_heap_dma_buf_release <-dma_buf_release
      queue0:src-23174   [000] ..... 21438.643411: system_heap_do_allocate.constprop.0 <-system_uncached_heap_allocate
 mppjpegenc0:src-23187   [001] ..... 21438.650513: system_heap_dma_buf_release <-dma_buf_release
      queue0:src-23174   [000] ..... 21438.676712: system_heap_do_allocate.constprop.0 <-system_uncached_heap_allocate
 mppjpegenc0:src-23187   [001] ..... 21438.683168: system_heap_dma_buf_release <-dma_buf_release
      queue0:src-23174   [000] ..... 21438.709982: system_heap_do_allocate.constprop.0 <-system_uncached_heap_allocate
 mppjpegenc0:src-23187   [001] ..... 21438.716474: system_heap_dma_buf_release <-dma_buf_release
      queue0:src-23174   [000] ..... 21438.743253: system_heap_do_allocate.constprop.0 <-system_uncached_heap_allocate
 mppjpegenc0:src-23187   [001] ..... 21438.749755: system_heap_dma_buf_release <-dma_buf_release
      queue0:src-23174   [000] ..... 21438.776547: system_heap_do_allocate.constprop.0 <-system_uncached_heap_allocate
 mppjpegenc0:src-23187   [001] ..... 21438.782985: system_heap_dma_buf_release <-dma_buf_release
      queue0:src-23174   [000] ..... 21438.809817: system_heap_do_allocate.constprop.0 <-system_uncached_heap_allocate
 mppjpegenc0:src-23187   [001] ..... 21438.816324: system_heap_dma_buf_release <-dma_buf_release
      queue0:src-23174   [000] ..... 21438.843093: system_heap_do_allocate.constprop.0 <-system_uncached_heap_allocate
 mppjpegenc0:src-23187   [001] ..... 21438.849647: system_heap_dma_buf_release <-dma_buf_release
      queue0:src-23174   [000] ..... 21438.876369: system_heap_do_allocate.constprop.0 <-system_uncached_heap_allocate
 mppjpegenc0:src-23187   [001] ..... 21438.882828: system_heap_dma_buf_release <-dma_buf_release
      queue0:src-23174   [000] ..... 21438.909657: system_heap_do_allocate.constprop.0 <-system_uncached_heap_allocate
 mppjpegenc0:src-23187   [001] ..... 21438.916209: system_heap_dma_buf_release <-dma_buf_release
      queue0:src-23174   [000] ..... 21438.942935: system_heap_do_allocate.constprop.0 <-system_uncached_heap_allocate
 mppjpegenc0:src-23187   [001] ..... 21438.949462: system_heap_dma_buf_release <-dma_buf_release
      queue0:src-23174   [000] ..... 21438.976223: system_heap_do_allocate.constprop.0 <-system_uncached_heap_allocate
 mppjpegenc0:src-23187   [001] ..... 21438.982728: system_heap_dma_buf_release <-dma_buf_release
      queue0:src-23174   [000] ..... 21439.009494: system_heap_do_allocate.constprop.0 <-system_uncached_heap_allocate
 mppjpegenc0:src-23187   [001] ..... 21439.016019: system_heap_dma_buf_release <-dma_buf_release
      queue0:src-23174   [000] ..... 21439.042775: system_heap_do_allocate.constprop.0 <-system_uncached_heap_allocate
 mppjpegenc0:src-23187   [001] ..... 21439.049278: system_heap_dma_buf_release <-dma_buf_release
      queue0:src-23174   [000] ..... 21439.076061: system_heap_do_allocate.constprop.0 <-system_uncached_heap_allocate
 mppjpegenc0:src-23187   [001] ..... 21439.082573: system_heap_dma_buf_release <-dma_buf_release
      queue0:src-23174   [000] ..... 21439.109333: system_heap_do_allocate.constprop.0 <-system_uncached_heap_allocate
 mppjpegenc0:src-23187   [001] ..... 21439.115887: system_heap_dma_buf_release <-dma_buf_release
      queue0:src-23174   [000] ..... 21439.142632: system_heap_do_allocate.constprop.0 <-system_uncached_heap_allocate
 mppjpegenc0:src-23187   [001] ..... 21439.149148: system_heap_dma_buf_release <-dma_buf_release
      queue0:src-23174   [000] ..... 21439.175885: system_heap_do_allocate.constprop.0 <-system_uncached_heap_allocate
 mppjpegenc0:src-23187   [001] ..... 21439.182390: system_heap_dma_buf_release <-dma_buf_release
      queue0:src-23174   [000] ..... 21439.209171: system_heap_do_allocate.constprop.0 <-system_uncached_heap_allocate
 mppjpegenc0:src-23187   [001] ..... 21439.215661: system_heap_dma_buf_release <-dma_buf_release
      queue0:src-23174   [000] ..... 21439.242452: system_heap_do_allocate.constprop.0 <-system_uncached_heap_allocate
 mppjpegenc0:src-23187   [001] ..... 21439.248926: system_heap_dma_buf_release <-dma_buf_release
      queue0:src-23174   [000] ..... 21439.275739: system_heap_do_allocate.constprop.0 <-system_uncached_heap_allocate
 mppjpegenc0:src-23187   [001] ..... 21439.282242: system_heap_dma_buf_release <-dma_buf_release
      queue0:src-23174   [000] ..... 21439.309018: system_heap_do_allocate.constprop.0 <-system_uncached_heap_allocate
 mppjpegenc0:src-23187   [001] ..... 21439.315520: system_heap_dma_buf_release <-dma_buf_release
      queue0:src-23174   [000] ..... 21439.342297: system_heap_do_allocate.constprop.0 <-system_uncached_heap_allocate
 mppjpegenc0:src-23187   [001] ..... 21439.348826: system_heap_dma_buf_release <-dma_buf_release
      queue0:src-23174   [000] ..... 21439.375580: system_heap_do_allocate.constprop.0 <-system_uncached_heap_allocate
 mppjpegenc0:src-23187   [001] ..... 21439.382083: system_heap_dma_buf_release <-dma_buf_release
      queue0:src-23174   [000] ..... 21439.408854: system_heap_do_allocate.constprop.0 <-system_uncached_heap_allocate
 mppjpegenc0:src-23187   [001] ..... 21439.415310: system_heap_dma_buf_release <-dma_buf_release
      queue0:src-23174   [000] ..... 21439.442139: system_heap_do_allocate.constprop.0 <-system_uncached_heap_allocate
 mppjpegenc0:src-23187   [001] ..... 21439.448673: system_heap_dma_buf_release <-dma_buf_release
      queue0:src-23174   [000] ..... 21439.475408: system_heap_do_allocate.constprop.0 <-system_uncached_heap_allocate
 mppjpegenc0:src-23187   [001] ..... 21439.481950: system_heap_dma_buf_release <-dma_buf_release
      queue0:src-23174   [000] ..... 21439.508694: system_heap_do_allocate.constprop.0 <-system_uncached_heap_allocate
 mppjpegenc0:src-23187   [001] ..... 21439.515153: system_heap_dma_buf_release <-dma_buf_release
      queue0:src-23174   [000] ..... 21439.541974: system_heap_do_allocate.constprop.0 <-system_uncached_heap_allocate
 mppjpegenc0:src-23187   [001] ..... 21439.548521: system_heap_dma_buf_release <-dma_buf_release
      queue0:src-23174   [000] ..... 21439.575248: system_heap_do_allocate.constprop.0 <-system_uncached_heap_allocate
 mppjpegenc0:src-23187   [001] ..... 21439.581782: system_heap_dma_buf_release <-dma_buf_release
      queue0:src-23174   [000] ..... 21439.608536: system_heap_do_allocate.constprop.0 <-system_uncached_heap_allocate
 mppjpegenc0:src-23187   [001] ..... 21439.614999: system_heap_dma_buf_release <-dma_buf_release
      queue0:src-23174   [000] ..... 21439.641821: system_heap_do_allocate.constprop.0 <-system_uncached_heap_allocate
 mppjpegenc0:src-23187   [001] ..... 21439.648365: system_heap_dma_buf_release <-dma_buf_release
      queue0:src-23174   [001] ..... 21439.675303: system_heap_do_allocate.constprop.0 <-system_uncached_heap_allocate
 mppjpegenc0:src-23187   [001] ..... 21439.681917: system_heap_dma_buf_release <-dma_buf_release
      queue0:src-23174   [000] ..... 21439.708474: system_heap_do_allocate.constprop.0 <-system_uncached_heap_allocate
 mppjpegenc0:src-23187   [001] ..... 21439.714984: system_heap_dma_buf_release <-dma_buf_release
      queue0:src-23174   [001] ..... 21439.741649: system_heap_do_allocate.constprop.0 <-system_uncached_heap_allocate
 mppjpegenc0:src-23187   [001] ..... 21439.748122: system_heap_dma_buf_release <-dma_buf_release
      queue0:src-23174   [000] ..... 21439.774944: system_heap_do_allocate.constprop.0 <-system_uncached_heap_allocate
 mppjpegenc0:src-23187   [001] ..... 21439.781460: system_heap_dma_buf_release <-dma_buf_release
      queue0:src-23174   [000] ..... 21439.808232: system_heap_do_allocate.constprop.0 <-system_uncached_heap_allocate
 mppjpegenc0:src-23187   [001] ..... 21439.814727: system_heap_dma_buf_release <-dma_buf_release
      queue0:src-23174   [000] ..... 21439.841499: system_heap_do_allocate.constprop.0 <-system_uncached_heap_allocate
 mppjpegenc0:src-23187   [001] ..... 21439.848046: system_heap_dma_buf_release <-dma_buf_release
      queue0:src-23174   [000] ..... 21439.874782: system_heap_do_allocate.constprop.0 <-system_uncached_heap_allocate
 mppjpegenc0:src-23187   [001] ..... 21439.881304: system_heap_dma_buf_release <-dma_buf_release
      queue0:src-23174   [000] ..... 21439.908061: system_heap_do_allocate.constprop.0 <-system_uncached_heap_allocate
 mppjpegenc0:src-23187   [001] ..... 21439.914571: system_heap_dma_buf_release <-dma_buf_release
      queue0:src-23174   [000] ..... 21439.941333: system_heap_do_allocate.constprop.0 <-system_uncached_heap_allocate
 mppjpegenc0:src-23187   [001] ..... 21439.947844: system_heap_dma_buf_release <-dma_buf_release
      queue0:src-23174   [000] ..... 21439.974607: system_heap_do_allocate.constprop.0 <-system_uncached_heap_allocate
 mppjpegenc0:src-23187   [001] ..... 21439.981124: system_heap_dma_buf_release <-dma_buf_release
      queue0:src-23174   [000] ..... 21440.007887: system_heap_do_allocate.constprop.0 <-system_uncached_heap_allocate
 mppjpegenc0:src-23187   [001] ..... 21440.014399: system_heap_dma_buf_release <-dma_buf_release
      queue0:src-23174   [000] ..... 21440.041179: system_heap_do_allocate.constprop.0 <-system_uncached_heap_allocate
 mppjpegenc0:src-23187   [001] ..... 21440.047667: system_heap_dma_buf_release <-dma_buf_release
      queue0:src-23174   [000] ..... 21440.074451: system_heap_do_allocate.constprop.0 <-system_uncached_heap_allocate
 mppjpegenc0:src-23187   [001] ..... 21440.080918: system_heap_dma_buf_release <-dma_buf_release
      queue0:src-23174   [000] ..... 21440.107746: system_heap_do_allocate.constprop.0 <-system_uncached_heap_allocate
 mppjpegenc0:src-23187   [001] ..... 21440.114258: system_heap_dma_buf_release <-dma_buf_release
      queue0:src-23174   [000] ..... 21440.141020: system_heap_do_allocate.constprop.0 <-system_uncached_heap_allocate
 mppjpegenc0:src-23187   [001] ..... 21440.147483: system_heap_dma_buf_release <-dma_buf_release
      queue0:src-23174   [000] ..... 21440.174292: system_heap_do_allocate.constprop.0 <-system_uncached_heap_allocate
 mppjpegenc0:src-23187   [001] ..... 21440.180772: system_heap_dma_buf_release <-dma_buf_release
      queue0:src-23174   [000] ..... 21440.207586: system_heap_do_allocate.constprop.0 <-system_uncached_heap_allocate
 mppjpegenc0:src-23187   [001] ..... 21440.214091: system_heap_dma_buf_release <-dma_buf_release
      queue0:src-23174   [000] ..... 21440.240860: system_heap_do_allocate.constprop.0 <-system_uncached_heap_allocate
 mppjpegenc0:src-23187   [001] ..... 21440.247306: system_heap_dma_buf_release <-dma_buf_release
      queue0:src-23174   [000] ..... 21440.274133: system_heap_do_allocate.constprop.0 <-system_uncached_heap_allocate
 mppjpegenc0:src-23187   [001] ..... 21440.280663: system_heap_dma_buf_release <-dma_buf_release
      queue0:src-23174   [000] ..... 21440.307407: system_heap_do_allocate.constprop.0 <-system_uncached_heap_allocate
 mppjpegenc0:src-23187   [001] ..... 21440.313944: system_heap_dma_buf_release <-dma_buf_release
      queue0:src-23174   [000] ..... 21440.340695: system_heap_do_allocate.constprop.0 <-system_uncached_heap_allocate
 mppjpegenc0:src-23187   [001] ..... 21440.347146: system_heap_dma_buf_release <-dma_buf_release
      queue0:src-23174   [000] ..... 21440.373973: system_heap_do_allocate.constprop.0 <-system_uncached_heap_allocate
 mppjpegenc0:src-23187   [001] ..... 21440.380521: system_heap_dma_buf_release <-dma_buf_release
      queue0:src-23174   [000] ..... 21440.407248: system_heap_do_allocate.constprop.0 <-system_uncached_heap_allocate
 mppjpegenc0:src-23187   [001] ..... 21440.413826: system_heap_dma_buf_release <-dma_buf_release
      queue0:src-23174   [000] ..... 21440.440538: system_heap_do_allocate.constprop.0 <-system_uncached_heap_allocate
 mppjpegenc0:src-23187   [001] ..... 21440.446985: system_heap_dma_buf_release <-dma_buf_release
      queue0:src-23174   [000] ..... 21440.473817: system_heap_do_allocate.constprop.0 <-system_uncached_heap_allocate
 mppjpegenc0:src-23187   [001] ..... 21440.480320: system_heap_dma_buf_release <-dma_buf_release
      queue0:src-23174   [000] ..... 21440.507086: system_heap_do_allocate.constprop.0 <-system_uncached_heap_allocate
 mppjpegenc0:src-23187   [001] ..... 21440.513610: system_heap_dma_buf_release <-dma_buf_release
      queue0:src-23174   [000] ..... 21440.540376: system_heap_do_allocate.constprop.0 <-system_uncached_heap_allocate
 mppjpegenc0:src-23187   [001] ..... 21440.546817: system_heap_dma_buf_release <-dma_buf_release
      queue0:src-23174   [000] ..... 21440.573684: system_heap_do_allocate.constprop.0 <-system_uncached_heap_allocate
 mppjpegenc0:src-23187   [001] ..... 21440.580214: system_heap_dma_buf_release <-dma_buf_release
      queue0:src-23174   [000] ..... 21440.606930: system_heap_do_allocate.constprop.0 <-system_uncached_heap_allocate
 mppjpegenc0:src-23187   [001] ..... 21440.613459: system_heap_dma_buf_release <-dma_buf_release
      queue0:src-23174   [000] ..... 21440.640220: system_heap_do_allocate.constprop.0 <-system_uncached_heap_allocate
 mppjpegenc0:src-23187   [001] ..... 21440.646727: system_heap_dma_buf_release <-dma_buf_release
      queue0:src-23174   [000] ..... 21440.673494: system_heap_do_allocate.constprop.0 <-system_uncached_heap_allocate
 mppjpegenc0:src-23187   [001] ..... 21440.679998: system_heap_dma_buf_release <-dma_buf_release
      queue0:src-23174   [000] ..... 21440.706744: system_heap_do_allocate.constprop.0 <-system_uncached_heap_allocate
 mppjpegenc0:src-23187   [001] ..... 21440.713825: system_heap_dma_buf_release <-dma_buf_release
      queue0:src-23174   [000] ..... 21440.740059: system_heap_do_allocate.constprop.0 <-system_uncached_heap_allocate
 mppjpegenc0:src-23187   [001] ..... 21440.746566: system_heap_dma_buf_release <-dma_buf_release
      queue0:src-23174   [000] ..... 21440.773327: system_heap_do_allocate.constprop.0 <-system_uncached_heap_allocate
 mppjpegenc0:src-23187   [001] ..... 21440.779828: system_heap_dma_buf_release <-dma_buf_release
      queue0:src-23174   [000] ..... 21440.806604: system_heap_do_allocate.constprop.0 <-system_uncached_heap_allocate
 mppjpegenc0:src-23187   [001] ..... 21440.813106: system_heap_dma_buf_release <-dma_buf_release
      queue0:src-23174   [000] ..... 21440.839885: system_heap_do_allocate.constprop.0 <-system_uncached_heap_allocate
 mppjpegenc0:src-23187   [001] ..... 21440.846398: system_heap_dma_buf_release <-dma_buf_release
      queue0:src-23174   [000] ..... 21440.873167: system_heap_do_allocate.constprop.0 <-system_uncached_heap_allocate
 mppjpegenc0:src-23187   [001] ..... 21440.879634: system_heap_dma_buf_release <-dma_buf_release
      queue0:src-23174   [000] ..... 21440.906450: system_heap_do_allocate.constprop.0 <-system_uncached_heap_allocate
 mppjpegenc0:src-23187   [001] ..... 21440.912941: system_heap_dma_buf_release <-dma_buf_release
      queue0:src-23174   [000] ..... 21440.939758: system_heap_do_allocate.constprop.0 <-system_uncached_heap_allocate
 mppjpegenc0:src-23187   [001] ..... 21440.946263: system_heap_dma_buf_release <-dma_buf_release
      queue0:src-23174   [000] ..... 21440.973011: system_heap_do_allocate.constprop.0 <-system_uncached_heap_allocate
 mppjpegenc0:src-23187   [001] ..... 21440.979499: system_heap_dma_buf_release <-dma_buf_release
      queue0:src-23174   [000] ..... 21441.006288: system_heap_do_allocate.constprop.0 <-system_uncached_heap_allocate
 mppjpegenc0:src-23187   [001] ..... 21441.012793: system_heap_dma_buf_release <-dma_buf_release
      queue0:src-23174   [000] ..... 21441.039585: system_heap_do_allocate.constprop.0 <-system_uncached_heap_allocate
 mppjpegenc0:src-23187   [001] ..... 21441.046082: system_heap_dma_buf_release <-dma_buf_release
      queue0:src-23174   [000] ..... 21441.072848: system_heap_do_allocate.constprop.0 <-system_uncached_heap_allocate
 mppjpegenc0:src-23187   [001] ..... 21441.079294: system_heap_dma_buf_release <-dma_buf_release
      queue0:src-23174   [000] ..... 21441.106134: system_heap_do_allocate.constprop.0 <-system_uncached_heap_allocate
 mppjpegenc0:src-23187   [001] ..... 21441.112683: system_heap_dma_buf_release <-dma_buf_release
      queue0:src-23174   [000] ..... 21441.139407: system_heap_do_allocate.constprop.0 <-system_uncached_heap_allocate
 mppjpegenc0:src-23187   [001] ..... 21441.145971: system_heap_dma_buf_release <-dma_buf_release
      queue0:src-23174   [000] ..... 21441.172686: system_heap_do_allocate.constprop.0 <-system_uncached_heap_allocate
 mppjpegenc0:src-23187   [001] ..... 21441.179137: system_heap_dma_buf_release <-dma_buf_release
      queue0:src-23174   [000] ..... 21441.205968: system_heap_do_allocate.constprop.0 <-system_uncached_heap_allocate
 mppjpegenc0:src-23187   [001] ..... 21441.212514: system_heap_dma_buf_release <-dma_buf_release
      queue0:src-23174   [000] ..... 21441.239248: system_heap_do_allocate.constprop.0 <-system_uncached_heap_allocate
 mppjpegenc0:src-23187   [001] ..... 21441.245783: system_heap_dma_buf_release <-dma_buf_release
      queue0:src-23174   [000] ..... 21441.272529: system_heap_do_allocate.constprop.0 <-system_uncached_heap_allocate
 mppjpegenc0:src-23187   [001] ..... 21441.278994: system_heap_dma_buf_release <-dma_buf_release
      queue0:src-23174   [000] ..... 21441.305811: system_heap_do_allocate.constprop.0 <-system_uncached_heap_allocate
 mppjpegenc0:src-23187   [001] ..... 21441.312324: system_heap_dma_buf_release <-dma_buf_release
      queue0:src-23174   [000] ..... 21441.339087: system_heap_do_allocate.constprop.0 <-system_uncached_heap_allocate
 mppjpegenc0:src-23187   [001] ..... 21441.345625: system_heap_dma_buf_release <-dma_buf_release
      queue0:src-23174   [000] ..... 21441.372364: system_heap_do_allocate.constprop.0 <-system_uncached_heap_allocate
 mppjpegenc0:src-23187   [001] ..... 21441.378863: system_heap_dma_buf_release <-dma_buf_release
      queue0:src-23174   [000] ..... 21441.405647: system_heap_do_allocate.constprop.0 <-system_uncached_heap_allocate
 mppjpegenc0:src-23187   [001] ..... 21441.412164: system_heap_dma_buf_release <-dma_buf_release
      queue0:src-23174   [000] ..... 21441.438925: system_heap_do_allocate.constprop.0 <-system_uncached_heap_allocate
 mppjpegenc0:src-23187   [001] ..... 21441.445462: system_heap_dma_buf_release <-dma_buf_release
      queue0:src-23174   [000] ..... 21441.472218: system_heap_do_allocate.constprop.0 <-system_uncached_heap_allocate
 mppjpegenc0:src-23187   [001] ..... 21441.478730: system_heap_dma_buf_release <-dma_buf_release
      queue0:src-23174   [000] ..... 21441.505490: system_heap_do_allocate.constprop.0 <-system_uncached_heap_allocate
 mppjpegenc0:src-23187   [001] ..... 21441.512006: system_heap_dma_buf_release <-dma_buf_release
      queue0:src-23174   [000] ..... 21441.538765: system_heap_do_allocate.constprop.0 <-system_uncached_heap_allocate
 mppjpegenc0:src-23187   [001] ..... 21441.545263: system_heap_dma_buf_release <-dma_buf_release
      queue0:src-23174   [000] ..... 21441.572050: system_heap_do_allocate.constprop.0 <-system_uncached_heap_allocate
 mppjpegenc0:src-23187   [001] ..... 21441.578594: system_heap_dma_buf_release <-dma_buf_release
      queue0:src-23174   [000] ..... 21441.605333: system_heap_do_allocate.constprop.0 <-system_uncached_heap_allocate
 mppjpegenc0:src-23187   [001] ..... 21441.611844: system_heap_dma_buf_release <-dma_buf_release
      queue0:src-23174   [000] ..... 21441.638610: system_heap_do_allocate.constprop.0 <-system_uncached_heap_allocate
 mppjpegenc0:src-23187   [001] ..... 21441.645114: system_heap_dma_buf_release <-dma_buf_release
      queue0:src-23174   [000] ..... 21441.671873: system_heap_do_allocate.constprop.0 <-system_uncached_heap_allocate
 mppjpegenc0:src-23187   [001] ..... 21441.678376: system_heap_dma_buf_release <-dma_buf_release
      queue0:src-23174   [000] ..... 21441.705171: system_heap_do_allocate.constprop.0 <-system_uncached_heap_allocate
 mppjpegenc0:src-23187   [001] ..... 21441.712099: system_heap_dma_buf_release <-dma_buf_release
      queue0:src-23174   [000] ..... 21441.738461: system_heap_do_allocate.constprop.0 <-system_uncached_heap_allocate
 mppjpegenc0:src-23187   [001] ..... 21441.744912: system_heap_dma_buf_release <-dma_buf_release
      queue0:src-23174   [000] ..... 21441.771752: system_heap_do_allocate.constprop.0 <-system_uncached_heap_allocate
 mppjpegenc0:src-23187   [001] ..... 21441.778234: system_heap_dma_buf_release <-dma_buf_release
      queue0:src-23174   [000] ..... 21441.805023: system_heap_do_allocate.constprop.0 <-system_uncached_heap_allocate
 mppjpegenc0:src-23187   [001] ..... 21441.811461: system_heap_dma_buf_release <-dma_buf_release
      queue0:src-23174   [000] ..... 21441.838298: system_heap_do_allocate.constprop.0 <-system_uncached_heap_allocate
 mppjpegenc0:src-23187   [001] ..... 21441.844792: system_heap_dma_buf_release <-dma_buf_release
      queue0:src-23174   [000] ..... 21441.871581: system_heap_do_allocate.constprop.0 <-system_uncached_heap_allocate
 mppjpegenc0:src-23187   [001] ..... 21441.878079: system_heap_dma_buf_release <-dma_buf_release
      queue0:src-23174   [000] ..... 21441.904852: system_heap_do_allocate.constprop.0 <-system_uncached_heap_allocate
 mppjpegenc0:src-23187   [001] ..... 21441.911347: system_heap_dma_buf_release <-dma_buf_release
      queue0:src-23174   [000] ..... 21441.938132: system_heap_do_allocate.constprop.0 <-system_uncached_heap_allocate
 mppjpegenc0:src-23187   [001] ..... 21441.944666: system_heap_dma_buf_release <-dma_buf_release
      queue0:src-23174   [000] ..... 21441.971401: system_heap_do_allocate.constprop.0 <-system_uncached_heap_allocate
 mppjpegenc0:src-23187   [001] ..... 21441.977932: system_heap_dma_buf_release <-dma_buf_release
      queue0:src-23174   [000] ..... 21442.004713: system_heap_do_allocate.constprop.0 <-system_uncached_heap_allocate
 mppjpegenc0:src-23187   [001] ..... 21442.011168: system_heap_dma_buf_release <-dma_buf_release
      queue0:src-23174   [000] ..... 21442.037973: system_heap_do_allocate.constprop.0 <-system_uncached_heap_allocate
 mppjpegenc0:src-23187   [001] ..... 21442.044487: system_heap_dma_buf_release <-dma_buf_release
      queue0:src-23174   [000] ..... 21442.071240: system_heap_do_allocate.constprop.0 <-system_uncached_heap_allocate
 mppjpegenc0:src-23187   [001] ..... 21442.077767: system_heap_dma_buf_release <-dma_buf_release
      queue0:src-23174   [000] ..... 21442.104537: system_heap_do_allocate.constprop.0 <-system_uncached_heap_allocate
 mppjpegenc0:src-23187   [001] ..... 21442.110976: system_heap_dma_buf_release <-dma_buf_release
      queue0:src-23174   [000] ..... 21442.137811: system_heap_do_allocate.constprop.0 <-system_uncached_heap_allocate
 mppjpegenc0:src-23187   [001] ..... 21442.144324: system_heap_dma_buf_release <-dma_buf_release
      queue0:src-23174   [000] ..... 21442.171083: system_heap_do_allocate.constprop.0 <-system_uncached_heap_allocate
 mppjpegenc0:src-23187   [001] ..... 21442.177592: system_heap_dma_buf_release <-dma_buf_release
      queue0:src-23174   [000] ..... 21442.204369: system_heap_do_allocate.constprop.0 <-system_uncached_heap_allocate
 mppjpegenc0:src-23187   [001] ..... 21442.210864: system_heap_dma_buf_release <-dma_buf_release
      queue0:src-23174   [000] ..... 21442.237654: system_heap_do_allocate.constprop.0 <-system_uncached_heap_allocate
 mppjpegenc0:src-23187   [001] ..... 21442.244144: system_heap_dma_buf_release <-dma_buf_release
      queue0:src-23174   [000] ..... 21442.270920: system_heap_do_allocate.constprop.0 <-system_uncached_heap_allocate
 mppjpegenc0:src-23187   [001] ..... 21442.277473: system_heap_dma_buf_release <-dma_buf_release
      queue0:src-23174   [000] ..... 21442.304219: system_heap_do_allocate.constprop.0 <-system_uncached_heap_allocate
 mppjpegenc0:src-23187   [001] ..... 21442.310711: system_heap_dma_buf_release <-dma_buf_release
      queue0:src-23174   [000] ..... 21442.337490: system_heap_do_allocate.constprop.0 <-system_uncached_heap_allocate
 mppjpegenc0:src-23187   [001] ..... 21442.344003: system_heap_dma_buf_release <-dma_buf_release
      queue0:src-23174   [000] ..... 21442.370764: system_heap_do_allocate.constprop.0 <-system_uncached_heap_allocate
 mppjpegenc0:src-23187   [001] ..... 21442.377266: system_heap_dma_buf_release <-dma_buf_release
      queue0:src-23174   [000] ..... 21442.404051: system_heap_do_allocate.constprop.0 <-system_uncached_heap_allocate
 mppjpegenc0:src-23187   [001] ..... 21442.410548: system_heap_dma_buf_release <-dma_buf_release
      queue0:src-23174   [000] ..... 21442.437336: system_heap_do_allocate.constprop.0 <-system_uncached_heap_allocate
 mppjpegenc0:src-23187   [001] ..... 21442.443848: system_heap_dma_buf_release <-dma_buf_release
      queue0:src-23174   [000] ..... 21442.470624: system_heap_do_allocate.constprop.0 <-system_uncached_heap_allocate
 mppjpegenc0:src-23187   [001] ..... 21442.477121: system_heap_dma_buf_release <-dma_buf_release
      queue0:src-23174   [000] ..... 21442.503873: system_heap_do_allocate.constprop.0 <-system_uncached_heap_allocate
 mppjpegenc0:src-23187   [001] ..... 21442.510368: system_heap_dma_buf_release <-dma_buf_release
      queue0:src-23174   [000] ..... 21442.537171: system_heap_do_allocate.constprop.0 <-system_uncached_heap_allocate
 mppjpegenc0:src-23187   [001] ..... 21442.543663: system_heap_dma_buf_release <-dma_buf_release
      queue0:src-23174   [000] ..... 21442.570440: system_heap_do_allocate.constprop.0 <-system_uncached_heap_allocate
 mppjpegenc0:src-23187   [001] ..... 21442.576922: system_heap_dma_buf_release <-dma_buf_release
      queue0:src-23174   [000] ..... 21442.603737: system_heap_do_allocate.constprop.0 <-system_uncached_heap_allocate
 mppjpegenc0:src-23187   [001] ..... 21442.610251: system_heap_dma_buf_release <-dma_buf_release
      queue0:src-23174   [000] ..... 21442.637016: system_heap_do_allocate.constprop.0 <-system_uncached_heap_allocate
 mppjpegenc0:src-23187   [001] ..... 21442.643507: system_heap_dma_buf_release <-dma_buf_release
      queue0:src-23174   [000] ..... 21442.670283: system_heap_do_allocate.constprop.0 <-system_uncached_heap_allocate
 mppjpegenc0:src-23187   [001] ..... 21442.676806: system_heap_dma_buf_release <-dma_buf_release
      queue0:src-23174   [000] ..... 21442.703586: system_heap_do_allocate.constprop.0 <-system_uncached_heap_allocate
 mppjpegenc0:src-23187   [001] ..... 21442.710092: system_heap_dma_buf_release <-dma_buf_release
      queue0:src-23174   [001] ..... 21442.737099: system_heap_do_allocate.constprop.0 <-system_uncached_heap_allocate
 mppjpegenc0:src-23187   [001] ..... 21442.743572: system_heap_dma_buf_release <-dma_buf_release
      queue0:src-23174   [001] ..... 21442.770141: system_heap_do_allocate.constprop.0 <-system_uncached_heap_allocate
 mppjpegenc0:src-23187   [001] ..... 21442.776651: system_heap_dma_buf_release <-dma_buf_release
      queue0:src-23174   [001] ..... 21442.803366: system_heap_do_allocate.constprop.0 <-system_uncached_heap_allocate
 mppjpegenc0:src-23187   [001] ..... 21442.809898: system_heap_dma_buf_release <-dma_buf_release
      queue0:src-23174   [001] ..... 21442.836694: system_heap_do_allocate.constprop.0 <-system_uncached_heap_allocate
 mppjpegenc0:src-23187   [001] ..... 21442.843148: system_heap_dma_buf_release <-dma_buf_release
      queue0:src-23174   [000] ..... 21442.869978: system_heap_do_allocate.constprop.0 <-system_uncached_heap_allocate
 mppjpegenc0:src-23187   [001] ..... 21442.876532: system_heap_dma_buf_release <-dma_buf_release
      queue0:src-23174   [000] ..... 21442.903247: system_heap_do_allocate.constprop.0 <-system_uncached_heap_allocate
 mppjpegenc0:src-23187   [001] ..... 21442.909795: system_heap_dma_buf_release <-dma_buf_release
      queue0:src-23174   [000] ..... 21442.936532: system_heap_do_allocate.constprop.0 <-system_uncached_heap_allocate
 mppjpegenc0:src-23187   [001] ..... 21442.942992: system_heap_dma_buf_release <-dma_buf_release
      queue0:src-23174   [000] ..... 21442.969808: system_heap_do_allocate.constprop.0 <-system_uncached_heap_allocate
 mppjpegenc0:src-23187   [001] ..... 21442.976348: system_heap_dma_buf_release <-dma_buf_release
      queue0:src-23174   [000] ..... 21443.003083: system_heap_do_allocate.constprop.0 <-system_uncached_heap_allocate
 mppjpegenc0:src-23187   [001] ..... 21443.009643: system_heap_dma_buf_release <-dma_buf_release
      queue0:src-23174   [000] ..... 21443.036405: system_heap_do_allocate.constprop.0 <-system_uncached_heap_allocate
 mppjpegenc0:src-23187   [001] ..... 21443.042848: system_heap_dma_buf_release <-dma_buf_release
      queue0:src-23174   [000] ..... 21443.069645: system_heap_do_allocate.constprop.0 <-system_uncached_heap_allocate
 mppjpegenc0:src-23187   [001] ..... 21443.076152: system_heap_dma_buf_release <-dma_buf_release
      queue0:src-23174   [000] ..... 21443.102924: system_heap_do_allocate.constprop.0 <-system_uncached_heap_allocate
 mppjpegenc0:src-23187   [001] ..... 21443.109461: system_heap_dma_buf_release <-dma_buf_release
      queue0:src-23174   [000] ..... 21443.136229: system_heap_do_allocate.constprop.0 <-system_uncached_heap_allocate
 mppjpegenc0:src-23187   [001] ..... 21443.142738: system_heap_dma_buf_release <-dma_buf_release
      queue0:src-23174   [000] ..... 21443.169492: system_heap_do_allocate.constprop.0 <-system_uncached_heap_allocate
 mppjpegenc0:src-23187   [001] ..... 21443.176007: system_heap_dma_buf_release <-dma_buf_release
      queue0:src-23174   [000] ..... 21443.202760: system_heap_do_allocate.constprop.0 <-system_uncached_heap_allocate
 mppjpegenc0:src-23187   [001] ..... 21443.209275: system_heap_dma_buf_release <-dma_buf_release
      queue0:src-23174   [000] ..... 21443.236062: system_heap_do_allocate.constprop.0 <-system_uncached_heap_allocate
 mppjpegenc0:src-23187   [001] ..... 21443.242580: system_heap_dma_buf_release <-dma_buf_release
      queue0:src-23174   [000] ..... 21443.269329: system_heap_do_allocate.constprop.0 <-system_uncached_heap_allocate
 mppjpegenc0:src-23187   [001] ..... 21443.275842: system_heap_dma_buf_release <-dma_buf_release
      queue0:src-23174   [000] ..... 21443.302607: system_heap_do_allocate.constprop.0 <-system_uncached_heap_allocate
 mppjpegenc0:src-23187   [001] ..... 21443.309106: system_heap_dma_buf_release <-dma_buf_release
      queue0:src-23174   [000] ..... 21443.335877: system_heap_do_allocate.constprop.0 <-system_uncached_heap_allocate
 mppjpegenc0:src-23187   [001] ..... 21443.342378: system_heap_dma_buf_release <-dma_buf_release
      queue0:src-23174   [000] ..... 21443.369167: system_heap_do_allocate.constprop.0 <-system_uncached_heap_allocate
 mppjpegenc0:src-23187   [001] ..... 21443.375641: system_heap_dma_buf_release <-dma_buf_release
      queue0:src-23174   [000] ..... 21443.402452: system_heap_do_allocate.constprop.0 <-system_uncached_heap_allocate
 mppjpegenc0:src-23187   [001] ..... 21443.408914: system_heap_dma_buf_release <-dma_buf_release
      queue0:src-23174   [000] ..... 21443.435764: system_heap_do_allocate.constprop.0 <-system_uncached_heap_allocate
 mppjpegenc0:src-23187   [001] ..... 21443.442271: system_heap_dma_buf_release <-dma_buf_release
      queue0:src-23174   [000] ..... 21443.469007: system_heap_do_allocate.constprop.0 <-system_uncached_heap_allocate
 mppjpegenc0:src-23187   [001] ..... 21443.475512: system_heap_dma_buf_release <-dma_buf_release
      queue0:src-23174   [000] ..... 21443.502290: system_heap_do_allocate.constprop.0 <-system_uncached_heap_allocate
 mppjpegenc0:src-23187   [001] ..... 21443.508800: system_heap_dma_buf_release <-dma_buf_release
      queue0:src-23174   [000] ..... 21443.535589: system_heap_do_allocate.constprop.0 <-system_uncached_heap_allocate
 mppjpegenc0:src-23187   [001] ..... 21443.542098: system_heap_dma_buf_release <-dma_buf_release
      queue0:src-23174   [000] ..... 21443.568848: system_heap_do_allocate.constprop.0 <-system_uncached_heap_allocate
 mppjpegenc0:src-23187   [001] ..... 21443.575349: system_heap_dma_buf_release <-dma_buf_release
      queue0:src-23174   [000] ..... 21443.602127: system_heap_do_allocate.constprop.0 <-system_uncached_heap_allocate
 mppjpegenc0:src-23187   [001] ..... 21443.608644: system_heap_dma_buf_release <-dma_buf_release
      queue0:src-23174   [000] ..... 21443.635407: system_heap_do_allocate.constprop.0 <-system_uncached_heap_allocate
 mppjpegenc0:src-23187   [001] ..... 21443.641939: system_heap_dma_buf_release <-dma_buf_release
      queue0:src-23174   [000] ..... 21443.668684: system_heap_do_allocate.constprop.0 <-system_uncached_heap_allocate
 mppjpegenc0:src-23187   [001] ..... 21443.675141: system_heap_dma_buf_release <-dma_buf_release
      queue0:src-23174   [000] ..... 21443.701968: system_heap_do_allocate.constprop.0 <-system_uncached_heap_allocate
 mppjpegenc0:src-23187   [001] ..... 21443.708500: system_heap_dma_buf_release <-dma_buf_release
      queue0:src-23174   [000] ..... 21443.735258: system_heap_do_allocate.constprop.0 <-system_uncached_heap_allocate
 mppjpegenc0:src-23187   [001] ..... 21443.742043: system_heap_dma_buf_release <-dma_buf_release
      queue0:src-23174   [000] ..... 21443.768552: system_heap_do_allocate.constprop.0 <-system_uncached_heap_allocate
 mppjpegenc0:src-23187   [001] ..... 21443.775016: system_heap_dma_buf_release <-dma_buf_release
      queue0:src-23174   [000] ..... 21443.801804: system_heap_do_allocate.constprop.0 <-system_uncached_heap_allocate
 mppjpegenc0:src-23187   [001] ..... 21443.808329: system_heap_dma_buf_release <-dma_buf_release
      queue0:src-23174   [000] ..... 21443.835089: system_heap_do_allocate.constprop.0 <-system_uncached_heap_allocate
 mppjpegenc0:src-23187   [001] ..... 21443.841622: system_heap_dma_buf_release <-dma_buf_release
      queue0:src-23174   [000] ..... 21443.868365: system_heap_do_allocate.constprop.0 <-system_uncached_heap_allocate
 mppjpegenc0:src-23187   [001] ..... 21443.874869: system_heap_dma_buf_release <-dma_buf_release
      queue0:src-23174   [000] ..... 21443.901653: system_heap_do_allocate.constprop.0 <-system_uncached_heap_allocate
 mppjpegenc0:src-23187   [001] ..... 21443.908194: system_heap_dma_buf_release <-dma_buf_release
      queue0:src-23174   [000] ..... 21443.934927: system_heap_do_allocate.constprop.0 <-system_uncached_heap_allocate
 mppjpegenc0:src-23187   [001] ..... 21443.941466: system_heap_dma_buf_release <-dma_buf_release
      queue0:src-23174   [000] ..... 21443.968218: system_heap_do_allocate.constprop.0 <-system_uncached_heap_allocate
 mppjpegenc0:src-23187   [001] ..... 21443.974734: system_heap_dma_buf_release <-dma_buf_release
      queue0:src-23174   [000] ..... 21444.001488: system_heap_do_allocate.constprop.0 <-system_uncached_heap_allocate
 mppjpegenc0:src-23187   [001] ..... 21444.008017: system_heap_dma_buf_release <-dma_buf_release
      queue0:src-23174   [000] ..... 21444.034772: system_heap_do_allocate.constprop.0 <-system_uncached_heap_allocate
 mppjpegenc0:src-23187   [001] ..... 21444.041281: system_heap_dma_buf_release <-dma_buf_release
      queue0:src-23174   [000] ..... 21444.068050: system_heap_do_allocate.constprop.0 <-system_uncached_heap_allocate
 mppjpegenc0:src-23187   [001] ..... 21444.074559: system_heap_dma_buf_release <-dma_buf_release
      queue0:src-23174   [000] ..... 21444.101330: system_heap_do_allocate.constprop.0 <-system_uncached_heap_allocate
 mppjpegenc0:src-23187   [001] ..... 21444.107847: system_heap_dma_buf_release <-dma_buf_release
      queue0:src-23174   [000] ..... 21444.134604: system_heap_do_allocate.constprop.0 <-system_uncached_heap_allocate
 mppjpegenc0:src-23187   [001] ..... 21444.141120: system_heap_dma_buf_release <-dma_buf_release
      queue0:src-23174   [000] ..... 21444.167870: system_heap_do_allocate.constprop.0 <-system_uncached_heap_allocate
 mppjpegenc0:src-23187   [001] ..... 21444.174375: system_heap_dma_buf_release <-dma_buf_release
      queue0:src-23174   [000] ..... 21444.201171: system_heap_do_allocate.constprop.0 <-system_uncached_heap_allocate
 mppjpegenc0:src-23187   [001] ..... 21444.207643: system_heap_dma_buf_release <-dma_buf_release
      queue0:src-23174   [000] ..... 21444.234467: system_heap_do_allocate.constprop.0 <-system_uncached_heap_allocate
 mppjpegenc0:src-23187   [001] ..... 21444.240939: system_heap_dma_buf_release <-dma_buf_release
      queue0:src-23174   [000] ..... 21444.267754: system_heap_do_allocate.constprop.0 <-system_uncached_heap_allocate
 mppjpegenc0:src-23187   [001] ..... 21444.274267: system_heap_dma_buf_release <-dma_buf_release
      queue0:src-23174   [000] ..... 21444.301010: system_heap_do_allocate.constprop.0 <-system_uncached_heap_allocate
 mppjpegenc0:src-23187   [001] ..... 21444.307504: system_heap_dma_buf_release <-dma_buf_release
      queue0:src-23174   [000] ..... 21444.334293: system_heap_do_allocate.constprop.0 <-system_uncached_heap_allocate
 mppjpegenc0:src-23187   [001] ..... 21444.340823: system_heap_dma_buf_release <-dma_buf_release
      queue0:src-23174   [000] ..... 21444.367585: system_heap_do_allocate.constprop.0 <-system_uncached_heap_allocate
 mppjpegenc0:src-23187   [001] ..... 21444.374077: system_heap_dma_buf_release <-dma_buf_release
      queue0:src-23174   [000] ..... 21444.400851: system_heap_do_allocate.constprop.0 <-system_uncached_heap_allocate
 mppjpegenc0:src-23187   [001] ..... 21444.407354: system_heap_dma_buf_release <-dma_buf_release
      queue0:src-23174   [000] ..... 21444.434128: system_heap_do_allocate.constprop.0 <-system_uncached_heap_allocate
 mppjpegenc0:src-23187   [001] ..... 21444.440666: system_heap_dma_buf_release <-dma_buf_release
      queue0:src-23174   [000] ..... 21444.467400: system_heap_do_allocate.constprop.0 <-system_uncached_heap_allocate
 mppjpegenc0:src-23187   [001] ..... 21444.473940: system_heap_dma_buf_release <-dma_buf_release
      queue0:src-23174   [000] ..... 21444.500693: system_heap_do_allocate.constprop.0 <-system_uncached_heap_allocate
 mppjpegenc0:src-23187   [001] ..... 21444.507148: system_heap_dma_buf_release <-dma_buf_release
      queue0:src-23174   [000] ..... 21444.533969: system_heap_do_allocate.constprop.0 <-system_uncached_heap_allocate
 mppjpegenc0:src-23187   [001] ..... 21444.540520: system_heap_dma_buf_release <-dma_buf_release
      queue0:src-23174   [000] ..... 21444.567241: system_heap_do_allocate.constprop.0 <-system_uncached_heap_allocate
 mppjpegenc0:src-23187   [001] ..... 21444.573793: system_heap_dma_buf_release <-dma_buf_release
      queue0:src-23174   [000] ..... 21444.600532: system_heap_do_allocate.constprop.0 <-system_uncached_heap_allocate
 mppjpegenc0:src-23187   [001] ..... 21444.606989: system_heap_dma_buf_release <-dma_buf_release
      queue0:src-23174   [000] ..... 21444.633806: system_heap_do_allocate.constprop.0 <-system_uncached_heap_allocate
 mppjpegenc0:src-23187   [001] ..... 21444.640317: system_heap_dma_buf_release <-dma_buf_release
      queue0:src-23174   [000] ..... 21444.667083: system_heap_do_allocate.constprop.0 <-system_uncached_heap_allocate
 mppjpegenc0:src-23187   [001] ..... 21444.673613: system_heap_dma_buf_release <-dma_buf_release
      queue0:src-23174   [000] ..... 21444.700371: system_heap_do_allocate.constprop.0 <-system_uncached_heap_allocate
 mppjpegenc0:src-23187   [001] ..... 21444.706888: system_heap_dma_buf_release <-dma_buf_release
      queue0:src-23174   [001] ..... 21444.734039: system_heap_do_allocate.constprop.0 <-system_uncached_heap_allocate
